# new 22-storey patio building, Derech HaAtzma'ut, Haifa
# units: metres. +Z up, +Y north.
mtllib new_tower.mtl
v 52.7497 -68.2933 -14.0000
v 51.5797 -73.6635 -14.0000
v 22.9642 -32.7963 -14.0000
v 53.1970 -66.2402 -14.0000
v 53.2550 -65.9740 -14.0000
v 53.2942 -65.7941 -14.0000
v 53.3122 -65.7112 -14.0000
v 53.2497 -65.4802 -14.0000
v 53.0554 -64.7623 -14.0000
v 53.0298 -64.6677 -14.0000
v 53.0213 -64.6363 -14.0000
v 53.0044 -64.5739 -14.0000
v 52.9876 -64.5117 -14.0000
v 52.9792 -64.4808 -14.0000
v 52.9625 -64.4191 -14.0000
v 52.9459 -64.3578 -14.0000
v 52.9377 -64.3273 -14.0000
v 52.9212 -64.2664 -14.0000
v 52.9130 -64.2361 -14.0000
v 52.8967 -64.1757 -14.0000
v 52.8885 -64.1456 -14.0000
v 52.8723 -64.0857 -14.0000
v 52.8642 -64.0559 -14.0000
v 52.8562 -64.0261 -14.0000
v 52.8401 -63.9667 -14.0000
v 52.8321 -63.9372 -14.0000
v 52.3597 -62.1918 -14.0000
v 51.5409 -59.1668 -14.0000
v 50.7034 -56.0722 -14.0000
v 49.4168 -51.3186 -14.0000
v 48.3742 -47.4668 -14.0000
v 48.3586 -47.4090 -14.0000
v 48.1070 -46.4794 -14.0000
v 47.9387 -45.8577 -14.0000
v 47.8791 -45.6375 -14.0000
v 47.6417 -45.0720 -14.0000
v 47.2406 -44.1166 -14.0000
v 47.0052 -43.5559 -14.0000
v 46.9223 -43.3586 -14.0000
v 46.8949 -43.2933 -14.0000
v 46.8404 -43.1633 -14.0000
v 46.7862 -43.0344 -14.0000
v 46.7593 -42.9702 -14.0000
v 46.7057 -42.8426 -14.0000
v 46.6525 -42.7158 -14.0000
v 46.6260 -42.6528 -14.0000
v 46.5733 -42.5274 -14.0000
v 46.5471 -42.4650 -14.0000
v 46.4950 -42.3408 -14.0000
v 46.4691 -42.2791 -14.0000
v 46.4175 -42.1562 -14.0000
v 46.3919 -42.0951 -14.0000
v 46.3663 -42.0342 -14.0000
v 46.3154 -41.9130 -14.0000
v 46.2901 -41.8527 -14.0000
v 46.0094 -41.1841 -14.0000
v 44.9626 -38.6908 -14.0000
v 44.0487 -36.5141 -14.0000
v 43.2323 -34.5696 -14.0000
v 42.4878 -32.7963 -14.0000
v 41.7961 -31.1488 -14.0000
v 41.1421 -29.5911 -14.0000
v 40.5136 -28.0940 -14.0000
v 39.8999 -26.6323 -14.0000
v 39.2913 -25.1829 -14.0000
v 38.6787 -23.7236 -14.0000
v 38.0523 -22.2316 -14.0000
v 37.4016 -20.6819 -14.0000
v 36.7147 -19.0458 -14.0000
v 36.1615 -17.7281 -14.0000
v 35.9769 -17.2884 -14.0000
v 35.5193 -16.1984 -14.0000
v 35.1695 -15.3654 -14.0000
v 35.0949 -15.1876 -14.0000
v 34.9666 -14.8822 -14.0000
v 34.5490 -14.0785 -14.0000
v 34.1804 -13.3693 -14.0000
v 33.5084 -12.0763 -14.0000
v 33.3746 -11.8187 -14.0000
v 33.3303 -11.7336 -14.0000
v 33.2425 -11.5645 -14.0000
v 33.1554 -11.3970 -14.0000
v 33.1122 -11.3137 -14.0000
v 33.0434 -11.1815 -14.0000
v 33.0262 -11.1484 -14.0000
v 32.9410 -10.9845 -14.0000
v 32.8987 -10.9030 -14.0000
v 32.8146 -10.7412 -14.0000
v 32.7728 -10.6608 -14.0000
v 32.6898 -10.5011 -14.0000
v 32.6486 -10.4217 -14.0000
v 32.5666 -10.2640 -14.0000
v 32.5259 -10.1856 -14.0000
v 32.4853 -10.1076 -14.0000
v 32.4047 -9.9525 -14.0000
v 32.3647 -9.8754 -14.0000
v 31.7425 -8.6782 -14.0000
v 30.2145 -5.7380 -14.0000
v 28.3634 -2.1761 -14.0000
v 26.0351 2.3040 -14.0000
v 24.3014 5.6400 -14.0000
v 22.9642 8.2130 -14.0000
v 19.4167 15.0393 -14.0000
v 18.6501 16.5143 -14.0000
v 18.5216 16.7617 -14.0000
v 17.9371 17.8863 -14.0000
v 17.7808 18.1871 -14.0000
v 17.3980 17.9191 -14.0000
v 16.5516 17.3264 -14.0000
v 16.4495 17.2549 -14.0000
v 16.4161 17.2315 -14.0000
v 16.3502 17.1853 -14.0000
v 16.2854 17.1400 -14.0000
v 16.2535 17.1177 -14.0000
v 16.1904 17.0735 -14.0000
v 16.1285 17.0301 -14.0000
v 16.0979 17.0087 -14.0000
v 16.0376 16.9665 -14.0000
v 16.0078 16.9457 -14.0000
v 15.9490 16.9045 -14.0000
v 15.9200 16.8842 -14.0000
v 15.8627 16.8440 -14.0000
v 15.8344 16.8242 -14.0000
v 15.8063 16.8045 -14.0000
v 15.7508 16.7657 -14.0000
v 15.7235 16.7465 -14.0000
v 14.3928 15.8148 -14.0000
v 10.6425 13.1888 -14.0000
v 7.1238 10.7250 -14.0000
v 3.7662 8.3740 -14.0000
v 0.5107 6.0944 -14.0000
v -2.6954 3.8495 -14.0000
v -5.9015 1.6046 -14.0000
v -9.1571 -0.6750 -14.0000
v -12.5147 -3.0260 -14.0000
v -16.0334 -5.4899 -14.0000
v -19.7837 -8.1158 -14.0000
v -20.1784 -8.3922 -14.0000
v -20.2068 -8.4121 -14.0000
v -20.2643 -8.4524 -14.0000
v -20.2934 -8.4728 -14.0000
v -20.3228 -8.4933 -14.0000
v -20.3823 -8.5350 -14.0000
v -20.4124 -8.5561 -14.0000
v -20.4734 -8.5988 -14.0000
v -20.5043 -8.6204 -14.0000
v -20.5668 -8.6642 -14.0000
v -20.5985 -8.6864 -14.0000
v -20.6628 -8.7314 -14.0000
v -20.7281 -8.7772 -14.0000
v -20.7613 -8.8004 -14.0000
v -20.8284 -8.8474 -14.0000
v -20.8968 -8.8952 -14.0000
v -20.9315 -8.9195 -14.0000
v -21.0374 -8.9937 -14.0000
v -21.9153 -9.6084 -14.0000
v -22.2752 -9.8604 -14.0000
v -21.9763 -10.2029 -14.0000
v -21.1212 -11.1825 -14.0000
v -19.8147 -12.6794 -14.0000
v -19.5662 -12.9640 -14.0000
v -13.9985 -19.3430 -14.0000
v -12.2461 -21.3507 -14.0000
v -9.9549 -23.9757 -14.0000
v -6.8435 -27.5404 -14.0000
v -6.0264 -28.4766 -14.0000
v -5.9662 -28.5456 -14.0000
v -5.8451 -28.6843 -14.0000
v -5.7842 -28.7541 -14.0000
v -5.7230 -28.8242 -14.0000
v -5.6000 -28.9651 -14.0000
v -5.5381 -29.0361 -14.0000
v -5.4135 -29.1788 -14.0000
v -5.3508 -29.2506 -14.0000
v -5.2247 -29.3951 -14.0000
v -5.1612 -29.4678 -14.0000
v -5.0335 -29.6141 -14.0000
v -4.9047 -29.7617 -14.0000
v -4.8399 -29.8359 -14.0000
v -4.7095 -29.9854 -14.0000
v -4.5779 -30.1361 -14.0000
v -4.5117 -30.2120 -14.0000
v -4.3411 -30.4074 -14.0000
v -4.3114 -30.4415 -14.0000
v -2.7576 -32.2216 -14.0000
v -2.2560 -32.7963 -14.0000
v -2.1530 -32.9143 -14.0000
v -1.8934 -33.1819 -14.0000
v -1.0973 -34.0025 -14.0000
v -0.2935 -34.8311 -14.0000
v 0.1094 -35.2465 -14.0000
v 1.4181 -36.5955 -14.0000
v 2.9380 -38.1623 -14.0000
v 4.3167 -39.5835 -14.0000
v 5.5913 -40.8974 -14.0000
v 6.7909 -42.1340 -14.0000
v 7.9388 -43.3173 -14.0000
v 9.0548 -44.4677 -14.0000
v 10.1568 -45.6037 -14.0000
v 11.2618 -46.7427 -14.0000
v 12.3868 -47.9024 -14.0000
v 13.5503 -49.1018 -14.0000
v 14.7731 -50.3623 -14.0000
v 16.0623 -51.6912 -14.0000
v 16.0803 -51.7098 -14.0000
v 16.1131 -51.7436 -14.0000
v 16.2154 -51.8491 -14.0000
v 16.2668 -51.9021 -14.0000
v 16.3184 -51.9553 -14.0000
v 16.4221 -52.0622 -14.0000
v 16.4743 -52.1159 -14.0000
v 16.5791 -52.2240 -14.0000
v 16.6318 -52.2783 -14.0000
v 16.7377 -52.3875 -14.0000
v 16.7910 -52.4424 -14.0000
v 16.8981 -52.5528 -14.0000
v 17.0060 -52.6640 -14.0000
v 17.0602 -52.7199 -14.0000
v 17.1693 -52.8324 -14.0000
v 17.2792 -52.9456 -14.0000
v 17.3344 -53.0026 -14.0000
v 17.5014 -53.1747 -14.0000
v 17.5033 -53.1767 -14.0000
v 18.7864 -54.4993 -14.0000
v 19.0834 -54.8055 -14.0000
v 19.3044 -55.0333 -14.0000
v 19.4756 -55.1870 -14.0000
v 20.0693 -55.7203 -14.0000
v 20.8938 -56.4610 -14.0000
v 20.9625 -56.5226 -14.0000
v 22.9642 -58.3206 -14.0000
v 25.3878 -60.4975 -14.0000
v 28.3118 -63.1239 -14.0000
v 31.9712 -66.4108 -14.0000
v 36.7667 -70.7182 -14.0000
v 40.0684 -73.6839 -14.0000
v 40.8308 -74.3687 -14.0000
v 40.8576 -74.3927 -14.0000
v 40.9114 -74.4410 -14.0000
v 40.9384 -74.4653 -14.0000
v 40.9655 -74.4896 -14.0000
v 41.0199 -74.5385 -14.0000
v 41.0472 -74.5631 -14.0000
v 41.1021 -74.6124 -14.0000
v 41.1297 -74.6371 -14.0000
v 41.1851 -74.6869 -14.0000
v 41.2129 -74.7119 -14.0000
v 41.2689 -74.7621 -14.0000
v 41.3251 -74.8126 -14.0000
v 41.3534 -74.8380 -14.0000
v 41.4101 -74.8890 -14.0000
v 41.4673 -74.9403 -14.0000
v 41.4960 -74.9661 -14.0000
v 41.5826 -75.0439 -14.0000
v 42.2443 -75.6383 -14.0000
v 42.5420 -75.9057 -14.0000
v 42.5715 -75.9030 -14.0000
v 42.7385 -75.8876 -14.0000
v 42.9857 -75.8649 -14.0000
v 43.0449 -75.8594 -14.0000
v 47.5856 -75.4418 -14.0000
v 51.2409 -75.1056 -14.0000
v 51.2660 -75.1033 -14.0000
v 52.7497 -68.2933 -11.2000
v 51.5797 -73.6635 -11.2000
v 53.1970 -66.2402 -11.2000
v 53.2550 -65.9740 -11.2000
v 53.2942 -65.7941 -11.2000
v 53.3122 -65.7112 -11.2000
v 53.2497 -65.4802 -11.2000
v 53.0554 -64.7623 -11.2000
v 53.0298 -64.6677 -11.2000
v 53.0213 -64.6363 -11.2000
v 53.0044 -64.5739 -11.2000
v 52.9876 -64.5117 -11.2000
v 52.9792 -64.4808 -11.2000
v 52.9625 -64.4191 -11.2000
v 52.9459 -64.3578 -11.2000
v 52.9377 -64.3273 -11.2000
v 52.9212 -64.2664 -11.2000
v 52.9130 -64.2361 -11.2000
v 52.8967 -64.1757 -11.2000
v 52.8885 -64.1456 -11.2000
v 52.8723 -64.0857 -11.2000
v 52.8642 -64.0559 -11.2000
v 52.8562 -64.0261 -11.2000
v 52.8401 -63.9667 -11.2000
v 52.8321 -63.9372 -11.2000
v 52.3597 -62.1918 -11.2000
v 51.5409 -59.1668 -11.2000
v 50.7034 -56.0722 -11.2000
v 49.4168 -51.3186 -11.2000
v 48.3742 -47.4668 -11.2000
v 48.3586 -47.4090 -11.2000
v 48.1070 -46.4794 -11.2000
v 47.9387 -45.8577 -11.2000
v 47.8791 -45.6375 -11.2000
v 47.6417 -45.0720 -11.2000
v 47.2406 -44.1166 -11.2000
v 47.0052 -43.5559 -11.2000
v 46.9223 -43.3586 -11.2000
v 46.8949 -43.2933 -11.2000
v 46.8404 -43.1633 -11.2000
v 46.7862 -43.0344 -11.2000
v 46.7593 -42.9702 -11.2000
v 46.7057 -42.8426 -11.2000
v 46.6525 -42.7158 -11.2000
v 46.6260 -42.6528 -11.2000
v 46.5733 -42.5274 -11.2000
v 46.5471 -42.4650 -11.2000
v 46.4950 -42.3408 -11.2000
v 46.4691 -42.2791 -11.2000
v 46.4175 -42.1562 -11.2000
v 46.3919 -42.0951 -11.2000
v 46.3663 -42.0342 -11.2000
v 46.3154 -41.9130 -11.2000
v 46.2901 -41.8527 -11.2000
v 46.0094 -41.1841 -11.2000
v 44.9626 -38.6908 -11.2000
v 44.0487 -36.5141 -11.2000
v 43.2323 -34.5696 -11.2000
v 42.4878 -32.7963 -11.2000
v 41.7961 -31.1488 -11.2000
v 41.1421 -29.5911 -11.2000
v 40.5136 -28.0940 -11.2000
v 39.8999 -26.6323 -11.2000
v 39.2913 -25.1829 -11.2000
v 38.6787 -23.7236 -11.2000
v 38.0523 -22.2316 -11.2000
v 37.4016 -20.6819 -11.2000
v 36.7147 -19.0458 -11.2000
v 36.1615 -17.7281 -11.2000
v 35.9769 -17.2884 -11.2000
v 35.5193 -16.1984 -11.2000
v 35.1695 -15.3654 -11.2000
v 35.0949 -15.1876 -11.2000
v 34.9666 -14.8822 -11.2000
v 34.5490 -14.0785 -11.2000
v 34.1804 -13.3693 -11.2000
v 33.5084 -12.0763 -11.2000
v 33.3746 -11.8187 -11.2000
v 33.3303 -11.7336 -11.2000
v 33.2425 -11.5645 -11.2000
v 33.1554 -11.3970 -11.2000
v 33.1122 -11.3137 -11.2000
v 33.0434 -11.1815 -11.2000
v 33.0262 -11.1484 -11.2000
v 32.9410 -10.9845 -11.2000
v 32.8987 -10.9030 -11.2000
v 32.8146 -10.7412 -11.2000
v 32.7728 -10.6608 -11.2000
v 32.6898 -10.5011 -11.2000
v 32.6486 -10.4217 -11.2000
v 32.5666 -10.2640 -11.2000
v 32.5259 -10.1856 -11.2000
v 32.4853 -10.1076 -11.2000
v 32.4047 -9.9525 -11.2000
v 32.3647 -9.8754 -11.2000
v 31.7425 -8.6782 -11.2000
v 30.2145 -5.7380 -11.2000
v 28.3634 -2.1761 -11.2000
v 26.0351 2.3040 -11.2000
v 24.3014 5.6400 -11.2000
v 22.9642 8.2130 -11.2000
v 19.4167 15.0393 -11.2000
v 18.6501 16.5143 -11.2000
v 18.5216 16.7617 -11.2000
v 17.9371 17.8863 -11.2000
v 17.7808 18.1871 -11.2000
v 17.3980 17.9191 -11.2000
v 16.5516 17.3264 -11.2000
v 16.4495 17.2549 -11.2000
v 16.4161 17.2315 -11.2000
v 16.3502 17.1853 -11.2000
v 16.2854 17.1400 -11.2000
v 16.2535 17.1177 -11.2000
v 16.1904 17.0735 -11.2000
v 16.1285 17.0301 -11.2000
v 16.0979 17.0087 -11.2000
v 16.0376 16.9665 -11.2000
v 16.0078 16.9457 -11.2000
v 15.9490 16.9045 -11.2000
v 15.9200 16.8842 -11.2000
v 15.8627 16.8440 -11.2000
v 15.8344 16.8242 -11.2000
v 15.8063 16.8045 -11.2000
v 15.7508 16.7657 -11.2000
v 15.7235 16.7465 -11.2000
v 14.3928 15.8148 -11.2000
v 10.6425 13.1888 -11.2000
v 7.1238 10.7250 -11.2000
v 3.7662 8.3740 -11.2000
v 0.5107 6.0944 -11.2000
v -2.6954 3.8495 -11.2000
v -5.9015 1.6046 -11.2000
v -9.1571 -0.6750 -11.2000
v -12.5147 -3.0260 -11.2000
v -16.0334 -5.4899 -11.2000
v -19.7837 -8.1158 -11.2000
v -20.1784 -8.3922 -11.2000
v -20.2068 -8.4121 -11.2000
v -20.2643 -8.4524 -11.2000
v -20.2934 -8.4728 -11.2000
v -20.3228 -8.4933 -11.2000
v -20.3823 -8.5350 -11.2000
v -20.4124 -8.5561 -11.2000
v -20.4734 -8.5988 -11.2000
v -20.5043 -8.6204 -11.2000
v -20.5668 -8.6642 -11.2000
v -20.5985 -8.6864 -11.2000
v -20.6628 -8.7314 -11.2000
v -20.7281 -8.7772 -11.2000
v -20.7613 -8.8004 -11.2000
v -20.8284 -8.8474 -11.2000
v -20.8968 -8.8952 -11.2000
v -20.9315 -8.9195 -11.2000
v -21.0374 -8.9937 -11.2000
v -21.9153 -9.6084 -11.2000
v -22.2752 -9.8604 -11.2000
v -21.9763 -10.2029 -11.2000
v -21.1212 -11.1825 -11.2000
v -19.8147 -12.6794 -11.2000
v -19.5662 -12.9640 -11.2000
v -13.9985 -19.3430 -11.2000
v -12.2461 -21.3507 -11.2000
v -9.9549 -23.9757 -11.2000
v -6.8435 -27.5404 -11.2000
v -6.0264 -28.4766 -11.2000
v -5.9662 -28.5456 -11.2000
v -5.8451 -28.6843 -11.2000
v -5.7842 -28.7541 -11.2000
v -5.7230 -28.8242 -11.2000
v -5.6000 -28.9651 -11.2000
v -5.5381 -29.0361 -11.2000
v -5.4135 -29.1788 -11.2000
v -5.3508 -29.2506 -11.2000
v -5.2247 -29.3951 -11.2000
v -5.1612 -29.4678 -11.2000
v -5.0335 -29.6141 -11.2000
v -4.9047 -29.7617 -11.2000
v -4.8399 -29.8359 -11.2000
v -4.7095 -29.9854 -11.2000
v -4.5779 -30.1361 -11.2000
v -4.5117 -30.2120 -11.2000
v -4.3411 -30.4074 -11.2000
v -4.3114 -30.4415 -11.2000
v -2.7576 -32.2216 -11.2000
v -2.2560 -32.7963 -11.2000
v -2.1530 -32.9143 -11.2000
v -1.8934 -33.1819 -11.2000
v -1.0973 -34.0025 -11.2000
v -0.2935 -34.8311 -11.2000
v 0.1094 -35.2465 -11.2000
v 1.4181 -36.5955 -11.2000
v 2.9380 -38.1623 -11.2000
v 4.3167 -39.5835 -11.2000
v 5.5913 -40.8974 -11.2000
v 6.7909 -42.1340 -11.2000
v 7.9388 -43.3173 -11.2000
v 9.0548 -44.4677 -11.2000
v 10.1568 -45.6037 -11.2000
v 11.2618 -46.7427 -11.2000
v 12.3868 -47.9024 -11.2000
v 13.5503 -49.1018 -11.2000
v 14.7731 -50.3623 -11.2000
v 16.0623 -51.6912 -11.2000
v 16.0803 -51.7098 -11.2000
v 16.1131 -51.7436 -11.2000
v 16.2154 -51.8491 -11.2000
v 16.2668 -51.9021 -11.2000
v 16.3184 -51.9553 -11.2000
v 16.4221 -52.0622 -11.2000
v 16.4743 -52.1159 -11.2000
v 16.5791 -52.2240 -11.2000
v 16.6318 -52.2783 -11.2000
v 16.7377 -52.3875 -11.2000
v 16.7910 -52.4424 -11.2000
v 16.8981 -52.5528 -11.2000
v 17.0060 -52.6640 -11.2000
v 17.0602 -52.7199 -11.2000
v 17.1693 -52.8324 -11.2000
v 17.2792 -52.9456 -11.2000
v 17.3344 -53.0026 -11.2000
v 17.5014 -53.1747 -11.2000
v 17.5033 -53.1767 -11.2000
v 18.7864 -54.4993 -11.2000
v 19.0834 -54.8055 -11.2000
v 19.3044 -55.0333 -11.2000
v 19.4756 -55.1870 -11.2000
v 20.0693 -55.7203 -11.2000
v 20.8938 -56.4610 -11.2000
v 20.9625 -56.5226 -11.2000
v 22.9642 -58.3206 -11.2000
v 25.3878 -60.4975 -11.2000
v 28.3118 -63.1239 -11.2000
v 31.9712 -66.4108 -11.2000
v 36.7667 -70.7182 -11.2000
v 40.0684 -73.6839 -11.2000
v 40.8308 -74.3687 -11.2000
v 40.8576 -74.3927 -11.2000
v 40.9114 -74.4410 -11.2000
v 40.9384 -74.4653 -11.2000
v 40.9655 -74.4896 -11.2000
v 41.0199 -74.5385 -11.2000
v 41.0472 -74.5631 -11.2000
v 41.1021 -74.6124 -11.2000
v 41.1297 -74.6371 -11.2000
v 41.1851 -74.6869 -11.2000
v 41.2129 -74.7119 -11.2000
v 41.2689 -74.7621 -11.2000
v 41.3251 -74.8126 -11.2000
v 41.3534 -74.8380 -11.2000
v 41.4101 -74.8890 -11.2000
v 41.4673 -74.9403 -11.2000
v 41.4960 -74.9661 -11.2000
v 41.5826 -75.0439 -11.2000
v 42.2443 -75.6383 -11.2000
v 42.5420 -75.9057 -11.2000
v 42.5715 -75.9030 -11.2000
v 42.7385 -75.8876 -11.2000
v 42.9857 -75.8649 -11.2000
v 43.0449 -75.8594 -11.2000
v 47.5856 -75.4418 -11.2000
v 51.2409 -75.1056 -11.2000
v 51.2660 -75.1033 -11.2000
v 52.7497 -68.2933 -8.4000
v 51.5797 -73.6635 -8.4000
v 53.1970 -66.2402 -8.4000
v 53.2550 -65.9740 -8.4000
v 53.2942 -65.7941 -8.4000
v 53.3122 -65.7112 -8.4000
v 53.2497 -65.4802 -8.4000
v 53.0554 -64.7623 -8.4000
v 53.0298 -64.6677 -8.4000
v 53.0213 -64.6363 -8.4000
v 53.0044 -64.5739 -8.4000
v 52.9876 -64.5117 -8.4000
v 52.9792 -64.4808 -8.4000
v 52.9625 -64.4191 -8.4000
v 52.9459 -64.3578 -8.4000
v 52.9377 -64.3273 -8.4000
v 52.9212 -64.2664 -8.4000
v 52.9130 -64.2361 -8.4000
v 52.8967 -64.1757 -8.4000
v 52.8885 -64.1456 -8.4000
v 52.8723 -64.0857 -8.4000
v 52.8642 -64.0559 -8.4000
v 52.8562 -64.0261 -8.4000
v 52.8401 -63.9667 -8.4000
v 52.8321 -63.9372 -8.4000
v 52.3597 -62.1918 -8.4000
v 51.5409 -59.1668 -8.4000
v 50.7034 -56.0722 -8.4000
v 49.4168 -51.3186 -8.4000
v 48.3742 -47.4668 -8.4000
v 48.3586 -47.4090 -8.4000
v 48.1070 -46.4794 -8.4000
v 47.9387 -45.8577 -8.4000
v 47.8791 -45.6375 -8.4000
v 47.6417 -45.0720 -8.4000
v 47.2406 -44.1166 -8.4000
v 47.0052 -43.5559 -8.4000
v 46.9223 -43.3586 -8.4000
v 46.8949 -43.2933 -8.4000
v 46.8404 -43.1633 -8.4000
v 46.7862 -43.0344 -8.4000
v 46.7593 -42.9702 -8.4000
v 46.7057 -42.8426 -8.4000
v 46.6525 -42.7158 -8.4000
v 46.6260 -42.6528 -8.4000
v 46.5733 -42.5274 -8.4000
v 46.5471 -42.4650 -8.4000
v 46.4950 -42.3408 -8.4000
v 46.4691 -42.2791 -8.4000
v 46.4175 -42.1562 -8.4000
v 46.3919 -42.0951 -8.4000
v 46.3663 -42.0342 -8.4000
v 46.3154 -41.9130 -8.4000
v 46.2901 -41.8527 -8.4000
v 46.0094 -41.1841 -8.4000
v 44.9626 -38.6908 -8.4000
v 44.0487 -36.5141 -8.4000
v 43.2323 -34.5696 -8.4000
v 42.4878 -32.7963 -8.4000
v 41.7961 -31.1488 -8.4000
v 41.1421 -29.5911 -8.4000
v 40.5136 -28.0940 -8.4000
v 39.8999 -26.6323 -8.4000
v 39.2913 -25.1829 -8.4000
v 38.6787 -23.7236 -8.4000
v 38.0523 -22.2316 -8.4000
v 37.4016 -20.6819 -8.4000
v 36.7147 -19.0458 -8.4000
v 36.1615 -17.7281 -8.4000
v 35.9769 -17.2884 -8.4000
v 35.5193 -16.1984 -8.4000
v 35.1695 -15.3654 -8.4000
v 35.0949 -15.1876 -8.4000
v 34.9666 -14.8822 -8.4000
v 34.5490 -14.0785 -8.4000
v 34.1804 -13.3693 -8.4000
v 33.5084 -12.0763 -8.4000
v 33.3746 -11.8187 -8.4000
v 33.3303 -11.7336 -8.4000
v 33.2425 -11.5645 -8.4000
v 33.1554 -11.3970 -8.4000
v 33.1122 -11.3137 -8.4000
v 33.0434 -11.1815 -8.4000
v 33.0262 -11.1484 -8.4000
v 32.9410 -10.9845 -8.4000
v 32.8987 -10.9030 -8.4000
v 32.8146 -10.7412 -8.4000
v 32.7728 -10.6608 -8.4000
v 32.6898 -10.5011 -8.4000
v 32.6486 -10.4217 -8.4000
v 32.5666 -10.2640 -8.4000
v 32.5259 -10.1856 -8.4000
v 32.4853 -10.1076 -8.4000
v 32.4047 -9.9525 -8.4000
v 32.3647 -9.8754 -8.4000
v 31.7425 -8.6782 -8.4000
v 30.2145 -5.7380 -8.4000
v 28.3634 -2.1761 -8.4000
v 26.0351 2.3040 -8.4000
v 24.3014 5.6400 -8.4000
v 22.9642 8.2130 -8.4000
v 19.4167 15.0393 -8.4000
v 18.6501 16.5143 -8.4000
v 18.5216 16.7617 -8.4000
v 17.9371 17.8863 -8.4000
v 17.7808 18.1871 -8.4000
v 17.3980 17.9191 -8.4000
v 16.5516 17.3264 -8.4000
v 16.4495 17.2549 -8.4000
v 16.4161 17.2315 -8.4000
v 16.3502 17.1853 -8.4000
v 16.2854 17.1400 -8.4000
v 16.2535 17.1177 -8.4000
v 16.1904 17.0735 -8.4000
v 16.1285 17.0301 -8.4000
v 16.0979 17.0087 -8.4000
v 16.0376 16.9665 -8.4000
v 16.0078 16.9457 -8.4000
v 15.9490 16.9045 -8.4000
v 15.9200 16.8842 -8.4000
v 15.8627 16.8440 -8.4000
v 15.8344 16.8242 -8.4000
v 15.8063 16.8045 -8.4000
v 15.7508 16.7657 -8.4000
v 15.7235 16.7465 -8.4000
v 14.3928 15.8148 -8.4000
v 10.6425 13.1888 -8.4000
v 7.1238 10.7250 -8.4000
v 3.7662 8.3740 -8.4000
v 0.5107 6.0944 -8.4000
v -2.6954 3.8495 -8.4000
v -5.9015 1.6046 -8.4000
v -9.1571 -0.6750 -8.4000
v -12.5147 -3.0260 -8.4000
v -16.0334 -5.4899 -8.4000
v -19.7837 -8.1158 -8.4000
v -20.1784 -8.3922 -8.4000
v -20.2068 -8.4121 -8.4000
v -20.2643 -8.4524 -8.4000
v -20.2934 -8.4728 -8.4000
v -20.3228 -8.4933 -8.4000
v -20.3823 -8.5350 -8.4000
v -20.4124 -8.5561 -8.4000
v -20.4734 -8.5988 -8.4000
v -20.5043 -8.6204 -8.4000
v -20.5668 -8.6642 -8.4000
v -20.5985 -8.6864 -8.4000
v -20.6628 -8.7314 -8.4000
v -20.7281 -8.7772 -8.4000
v -20.7613 -8.8004 -8.4000
v -20.8284 -8.8474 -8.4000
v -20.8968 -8.8952 -8.4000
v -20.9315 -8.9195 -8.4000
v -21.0374 -8.9937 -8.4000
v -21.9153 -9.6084 -8.4000
v -22.2752 -9.8604 -8.4000
v -21.9763 -10.2029 -8.4000
v -21.1212 -11.1825 -8.4000
v -19.8147 -12.6794 -8.4000
v -19.5662 -12.9640 -8.4000
v -13.9985 -19.3430 -8.4000
v -12.2461 -21.3507 -8.4000
v -9.9549 -23.9757 -8.4000
v -6.8435 -27.5404 -8.4000
v -6.0264 -28.4766 -8.4000
v -5.9662 -28.5456 -8.4000
v -5.8451 -28.6843 -8.4000
v -5.7842 -28.7541 -8.4000
v -5.7230 -28.8242 -8.4000
v -5.6000 -28.9651 -8.4000
v -5.5381 -29.0361 -8.4000
v -5.4135 -29.1788 -8.4000
v -5.3508 -29.2506 -8.4000
v -5.2247 -29.3951 -8.4000
v -5.1612 -29.4678 -8.4000
v -5.0335 -29.6141 -8.4000
v -4.9047 -29.7617 -8.4000
v -4.8399 -29.8359 -8.4000
v -4.7095 -29.9854 -8.4000
v -4.5779 -30.1361 -8.4000
v -4.5117 -30.2120 -8.4000
v -4.3411 -30.4074 -8.4000
v -4.3114 -30.4415 -8.4000
v -2.7576 -32.2216 -8.4000
v -2.2560 -32.7963 -8.4000
v -2.1530 -32.9143 -8.4000
v -1.8934 -33.1819 -8.4000
v -1.0973 -34.0025 -8.4000
v -0.2935 -34.8311 -8.4000
v 0.1094 -35.2465 -8.4000
v 1.4181 -36.5955 -8.4000
v 2.9380 -38.1623 -8.4000
v 4.3167 -39.5835 -8.4000
v 5.5913 -40.8974 -8.4000
v 6.7909 -42.1340 -8.4000
v 7.9388 -43.3173 -8.4000
v 9.0548 -44.4677 -8.4000
v 10.1568 -45.6037 -8.4000
v 11.2618 -46.7427 -8.4000
v 12.3868 -47.9024 -8.4000
v 13.5503 -49.1018 -8.4000
v 14.7731 -50.3623 -8.4000
v 16.0623 -51.6912 -8.4000
v 16.0803 -51.7098 -8.4000
v 16.1131 -51.7436 -8.4000
v 16.2154 -51.8491 -8.4000
v 16.2668 -51.9021 -8.4000
v 16.3184 -51.9553 -8.4000
v 16.4221 -52.0622 -8.4000
v 16.4743 -52.1159 -8.4000
v 16.5791 -52.2240 -8.4000
v 16.6318 -52.2783 -8.4000
v 16.7377 -52.3875 -8.4000
v 16.7910 -52.4424 -8.4000
v 16.8981 -52.5528 -8.4000
v 17.0060 -52.6640 -8.4000
v 17.0602 -52.7199 -8.4000
v 17.1693 -52.8324 -8.4000
v 17.2792 -52.9456 -8.4000
v 17.3344 -53.0026 -8.4000
v 17.5014 -53.1747 -8.4000
v 17.5033 -53.1767 -8.4000
v 18.7864 -54.4993 -8.4000
v 19.0834 -54.8055 -8.4000
v 19.3044 -55.0333 -8.4000
v 19.4756 -55.1870 -8.4000
v 20.0693 -55.7203 -8.4000
v 20.8938 -56.4610 -8.4000
v 20.9625 -56.5226 -8.4000
v 22.9642 -58.3206 -8.4000
v 25.3878 -60.4975 -8.4000
v 28.3118 -63.1239 -8.4000
v 31.9712 -66.4108 -8.4000
v 36.7667 -70.7182 -8.4000
v 40.0684 -73.6839 -8.4000
v 40.8308 -74.3687 -8.4000
v 40.8576 -74.3927 -8.4000
v 40.9114 -74.4410 -8.4000
v 40.9384 -74.4653 -8.4000
v 40.9655 -74.4896 -8.4000
v 41.0199 -74.5385 -8.4000
v 41.0472 -74.5631 -8.4000
v 41.1021 -74.6124 -8.4000
v 41.1297 -74.6371 -8.4000
v 41.1851 -74.6869 -8.4000
v 41.2129 -74.7119 -8.4000
v 41.2689 -74.7621 -8.4000
v 41.3251 -74.8126 -8.4000
v 41.3534 -74.8380 -8.4000
v 41.4101 -74.8890 -8.4000
v 41.4673 -74.9403 -8.4000
v 41.4960 -74.9661 -8.4000
v 41.5826 -75.0439 -8.4000
v 42.2443 -75.6383 -8.4000
v 42.5420 -75.9057 -8.4000
v 42.5715 -75.9030 -8.4000
v 42.7385 -75.8876 -8.4000
v 42.9857 -75.8649 -8.4000
v 43.0449 -75.8594 -8.4000
v 47.5856 -75.4418 -8.4000
v 51.2409 -75.1056 -8.4000
v 51.2660 -75.1033 -8.4000
v 52.7497 -68.2933 -5.6000
v 51.5797 -73.6635 -5.6000
v 53.1970 -66.2402 -5.6000
v 53.2550 -65.9740 -5.6000
v 53.2942 -65.7941 -5.6000
v 53.3122 -65.7112 -5.6000
v 53.2497 -65.4802 -5.6000
v 53.0554 -64.7623 -5.6000
v 53.0298 -64.6677 -5.6000
v 53.0213 -64.6363 -5.6000
v 53.0044 -64.5739 -5.6000
v 52.9876 -64.5117 -5.6000
v 52.9792 -64.4808 -5.6000
v 52.9625 -64.4191 -5.6000
v 52.9459 -64.3578 -5.6000
v 52.9377 -64.3273 -5.6000
v 52.9212 -64.2664 -5.6000
v 52.9130 -64.2361 -5.6000
v 52.8967 -64.1757 -5.6000
v 52.8885 -64.1456 -5.6000
v 52.8723 -64.0857 -5.6000
v 52.8642 -64.0559 -5.6000
v 52.8562 -64.0261 -5.6000
v 52.8401 -63.9667 -5.6000
v 52.8321 -63.9372 -5.6000
v 52.3597 -62.1918 -5.6000
v 51.5409 -59.1668 -5.6000
v 50.7034 -56.0722 -5.6000
v 49.4168 -51.3186 -5.6000
v 48.3742 -47.4668 -5.6000
v 48.3586 -47.4090 -5.6000
v 48.1070 -46.4794 -5.6000
v 47.9387 -45.8577 -5.6000
v 47.8791 -45.6375 -5.6000
v 47.6417 -45.0720 -5.6000
v 47.2406 -44.1166 -5.6000
v 47.0052 -43.5559 -5.6000
v 46.9223 -43.3586 -5.6000
v 46.8949 -43.2933 -5.6000
v 46.8404 -43.1633 -5.6000
v 46.7862 -43.0344 -5.6000
v 46.7593 -42.9702 -5.6000
v 46.7057 -42.8426 -5.6000
v 46.6525 -42.7158 -5.6000
v 46.6260 -42.6528 -5.6000
v 46.5733 -42.5274 -5.6000
v 46.5471 -42.4650 -5.6000
v 46.4950 -42.3408 -5.6000
v 46.4691 -42.2791 -5.6000
v 46.4175 -42.1562 -5.6000
v 46.3919 -42.0951 -5.6000
v 46.3663 -42.0342 -5.6000
v 46.3154 -41.9130 -5.6000
v 46.2901 -41.8527 -5.6000
v 46.0094 -41.1841 -5.6000
v 44.9626 -38.6908 -5.6000
v 44.0487 -36.5141 -5.6000
v 43.2323 -34.5696 -5.6000
v 42.4878 -32.7963 -5.6000
v 41.7961 -31.1488 -5.6000
v 41.1421 -29.5911 -5.6000
v 40.5136 -28.0940 -5.6000
v 39.8999 -26.6323 -5.6000
v 39.2913 -25.1829 -5.6000
v 38.6787 -23.7236 -5.6000
v 38.0523 -22.2316 -5.6000
v 37.4016 -20.6819 -5.6000
v 36.7147 -19.0458 -5.6000
v 36.1615 -17.7281 -5.6000
v 35.9769 -17.2884 -5.6000
v 35.5193 -16.1984 -5.6000
v 35.1695 -15.3654 -5.6000
v 35.0949 -15.1876 -5.6000
v 34.9666 -14.8822 -5.6000
v 34.5490 -14.0785 -5.6000
v 34.1804 -13.3693 -5.6000
v 33.5084 -12.0763 -5.6000
v 33.3746 -11.8187 -5.6000
v 33.3303 -11.7336 -5.6000
v 33.2425 -11.5645 -5.6000
v 33.1554 -11.3970 -5.6000
v 33.1122 -11.3137 -5.6000
v 33.0434 -11.1815 -5.6000
v 33.0262 -11.1484 -5.6000
v 32.9410 -10.9845 -5.6000
v 32.8987 -10.9030 -5.6000
v 32.8146 -10.7412 -5.6000
v 32.7728 -10.6608 -5.6000
v 32.6898 -10.5011 -5.6000
v 32.6486 -10.4217 -5.6000
v 32.5666 -10.2640 -5.6000
v 32.5259 -10.1856 -5.6000
v 32.4853 -10.1076 -5.6000
v 32.4047 -9.9525 -5.6000
v 32.3647 -9.8754 -5.6000
v 31.7425 -8.6782 -5.6000
v 30.2145 -5.7380 -5.6000
v 28.3634 -2.1761 -5.6000
v 26.0351 2.3040 -5.6000
v 24.3014 5.6400 -5.6000
v 22.9642 8.2130 -5.6000
v 19.4167 15.0393 -5.6000
v 18.6501 16.5143 -5.6000
v 18.5216 16.7617 -5.6000
v 17.9371 17.8863 -5.6000
v 17.7808 18.1871 -5.6000
v 17.3980 17.9191 -5.6000
v 16.5516 17.3264 -5.6000
v 16.4495 17.2549 -5.6000
v 16.4161 17.2315 -5.6000
v 16.3502 17.1853 -5.6000
v 16.2854 17.1400 -5.6000
v 16.2535 17.1177 -5.6000
v 16.1904 17.0735 -5.6000
v 16.1285 17.0301 -5.6000
v 16.0979 17.0087 -5.6000
v 16.0376 16.9665 -5.6000
v 16.0078 16.9457 -5.6000
v 15.9490 16.9045 -5.6000
v 15.9200 16.8842 -5.6000
v 15.8627 16.8440 -5.6000
v 15.8344 16.8242 -5.6000
v 15.8063 16.8045 -5.6000
v 15.7508 16.7657 -5.6000
v 15.7235 16.7465 -5.6000
v 14.3928 15.8148 -5.6000
v 10.6425 13.1888 -5.6000
v 7.1238 10.7250 -5.6000
v 3.7662 8.3740 -5.6000
v 0.5107 6.0944 -5.6000
v -2.6954 3.8495 -5.6000
v -5.9015 1.6046 -5.6000
v -9.1571 -0.6750 -5.6000
v -12.5147 -3.0260 -5.6000
v -16.0334 -5.4899 -5.6000
v -19.7837 -8.1158 -5.6000
v -20.1784 -8.3922 -5.6000
v -20.2068 -8.4121 -5.6000
v -20.2643 -8.4524 -5.6000
v -20.2934 -8.4728 -5.6000
v -20.3228 -8.4933 -5.6000
v -20.3823 -8.5350 -5.6000
v -20.4124 -8.5561 -5.6000
v -20.4734 -8.5988 -5.6000
v -20.5043 -8.6204 -5.6000
v -20.5668 -8.6642 -5.6000
v -20.5985 -8.6864 -5.6000
v -20.6628 -8.7314 -5.6000
v -20.7281 -8.7772 -5.6000
v -20.7613 -8.8004 -5.6000
v -20.8284 -8.8474 -5.6000
v -20.8968 -8.8952 -5.6000
v -20.9315 -8.9195 -5.6000
v -21.0374 -8.9937 -5.6000
v -21.9153 -9.6084 -5.6000
v -22.2752 -9.8604 -5.6000
v -21.9763 -10.2029 -5.6000
v -21.1212 -11.1825 -5.6000
v -19.8147 -12.6794 -5.6000
v -19.5662 -12.9640 -5.6000
v -13.9985 -19.3430 -5.6000
v -12.2461 -21.3507 -5.6000
v -9.9549 -23.9757 -5.6000
v -6.8435 -27.5404 -5.6000
v -6.0264 -28.4766 -5.6000
v -5.9662 -28.5456 -5.6000
v -5.8451 -28.6843 -5.6000
v -5.7842 -28.7541 -5.6000
v -5.7230 -28.8242 -5.6000
v -5.6000 -28.9651 -5.6000
v -5.5381 -29.0361 -5.6000
v -5.4135 -29.1788 -5.6000
v -5.3508 -29.2506 -5.6000
v -5.2247 -29.3951 -5.6000
v -5.1612 -29.4678 -5.6000
v -5.0335 -29.6141 -5.6000
v -4.9047 -29.7617 -5.6000
v -4.8399 -29.8359 -5.6000
v -4.7095 -29.9854 -5.6000
v -4.5779 -30.1361 -5.6000
v -4.5117 -30.2120 -5.6000
v -4.3411 -30.4074 -5.6000
v -4.3114 -30.4415 -5.6000
v -2.7576 -32.2216 -5.6000
v -2.2560 -32.7963 -5.6000
v -2.1530 -32.9143 -5.6000
v -1.8934 -33.1819 -5.6000
v -1.0973 -34.0025 -5.6000
v -0.2935 -34.8311 -5.6000
v 0.1094 -35.2465 -5.6000
v 1.4181 -36.5955 -5.6000
v 2.9380 -38.1623 -5.6000
v 4.3167 -39.5835 -5.6000
v 5.5913 -40.8974 -5.6000
v 6.7909 -42.1340 -5.6000
v 7.9388 -43.3173 -5.6000
v 9.0548 -44.4677 -5.6000
v 10.1568 -45.6037 -5.6000
v 11.2618 -46.7427 -5.6000
v 12.3868 -47.9024 -5.6000
v 13.5503 -49.1018 -5.6000
v 14.7731 -50.3623 -5.6000
v 16.0623 -51.6912 -5.6000
v 16.0803 -51.7098 -5.6000
v 16.1131 -51.7436 -5.6000
v 16.2154 -51.8491 -5.6000
v 16.2668 -51.9021 -5.6000
v 16.3184 -51.9553 -5.6000
v 16.4221 -52.0622 -5.6000
v 16.4743 -52.1159 -5.6000
v 16.5791 -52.2240 -5.6000
v 16.6318 -52.2783 -5.6000
v 16.7377 -52.3875 -5.6000
v 16.7910 -52.4424 -5.6000
v 16.8981 -52.5528 -5.6000
v 17.0060 -52.6640 -5.6000
v 17.0602 -52.7199 -5.6000
v 17.1693 -52.8324 -5.6000
v 17.2792 -52.9456 -5.6000
v 17.3344 -53.0026 -5.6000
v 17.5014 -53.1747 -5.6000
v 17.5033 -53.1767 -5.6000
v 18.7864 -54.4993 -5.6000
v 19.0834 -54.8055 -5.6000
v 19.3044 -55.0333 -5.6000
v 19.4756 -55.1870 -5.6000
v 20.0693 -55.7203 -5.6000
v 20.8938 -56.4610 -5.6000
v 20.9625 -56.5226 -5.6000
v 22.9642 -58.3206 -5.6000
v 25.3878 -60.4975 -5.6000
v 28.3118 -63.1239 -5.6000
v 31.9712 -66.4108 -5.6000
v 36.7667 -70.7182 -5.6000
v 40.0684 -73.6839 -5.6000
v 40.8308 -74.3687 -5.6000
v 40.8576 -74.3927 -5.6000
v 40.9114 -74.4410 -5.6000
v 40.9384 -74.4653 -5.6000
v 40.9655 -74.4896 -5.6000
v 41.0199 -74.5385 -5.6000
v 41.0472 -74.5631 -5.6000
v 41.1021 -74.6124 -5.6000
v 41.1297 -74.6371 -5.6000
v 41.1851 -74.6869 -5.6000
v 41.2129 -74.7119 -5.6000
v 41.2689 -74.7621 -5.6000
v 41.3251 -74.8126 -5.6000
v 41.3534 -74.8380 -5.6000
v 41.4101 -74.8890 -5.6000
v 41.4673 -74.9403 -5.6000
v 41.4960 -74.9661 -5.6000
v 41.5826 -75.0439 -5.6000
v 42.2443 -75.6383 -5.6000
v 42.5420 -75.9057 -5.6000
v 42.5715 -75.9030 -5.6000
v 42.7385 -75.8876 -5.6000
v 42.9857 -75.8649 -5.6000
v 43.0449 -75.8594 -5.6000
v 47.5856 -75.4418 -5.6000
v 51.2409 -75.1056 -5.6000
v 51.2660 -75.1033 -5.6000
v 52.7497 -68.2933 -2.8000
v 51.5797 -73.6635 -2.8000
v 53.1970 -66.2402 -2.8000
v 53.2550 -65.9740 -2.8000
v 53.2942 -65.7941 -2.8000
v 53.3122 -65.7112 -2.8000
v 53.2497 -65.4802 -2.8000
v 53.0554 -64.7623 -2.8000
v 53.0298 -64.6677 -2.8000
v 53.0213 -64.6363 -2.8000
v 53.0044 -64.5739 -2.8000
v 52.9876 -64.5117 -2.8000
v 52.9792 -64.4808 -2.8000
v 52.9625 -64.4191 -2.8000
v 52.9459 -64.3578 -2.8000
v 52.9377 -64.3273 -2.8000
v 52.9212 -64.2664 -2.8000
v 52.9130 -64.2361 -2.8000
v 52.8967 -64.1757 -2.8000
v 52.8885 -64.1456 -2.8000
v 52.8723 -64.0857 -2.8000
v 52.8642 -64.0559 -2.8000
v 52.8562 -64.0261 -2.8000
v 52.8401 -63.9667 -2.8000
v 52.8321 -63.9372 -2.8000
v 52.3597 -62.1918 -2.8000
v 51.5409 -59.1668 -2.8000
v 50.7034 -56.0722 -2.8000
v 49.4168 -51.3186 -2.8000
v 48.3742 -47.4668 -2.8000
v 48.3586 -47.4090 -2.8000
v 48.1070 -46.4794 -2.8000
v 47.9387 -45.8577 -2.8000
v 47.8791 -45.6375 -2.8000
v 47.6417 -45.0720 -2.8000
v 47.2406 -44.1166 -2.8000
v 47.0052 -43.5559 -2.8000
v 46.9223 -43.3586 -2.8000
v 46.8949 -43.2933 -2.8000
v 46.8404 -43.1633 -2.8000
v 46.7862 -43.0344 -2.8000
v 46.7593 -42.9702 -2.8000
v 46.7057 -42.8426 -2.8000
v 46.6525 -42.7158 -2.8000
v 46.6260 -42.6528 -2.8000
v 46.5733 -42.5274 -2.8000
v 46.5471 -42.4650 -2.8000
v 46.4950 -42.3408 -2.8000
v 46.4691 -42.2791 -2.8000
v 46.4175 -42.1562 -2.8000
v 46.3919 -42.0951 -2.8000
v 46.3663 -42.0342 -2.8000
v 46.3154 -41.9130 -2.8000
v 46.2901 -41.8527 -2.8000
v 46.0094 -41.1841 -2.8000
v 44.9626 -38.6908 -2.8000
v 44.0487 -36.5141 -2.8000
v 43.2323 -34.5696 -2.8000
v 42.4878 -32.7963 -2.8000
v 41.7961 -31.1488 -2.8000
v 41.1421 -29.5911 -2.8000
v 40.5136 -28.0940 -2.8000
v 39.8999 -26.6323 -2.8000
v 39.2913 -25.1829 -2.8000
v 38.6787 -23.7236 -2.8000
v 38.0523 -22.2316 -2.8000
v 37.4016 -20.6819 -2.8000
v 36.7147 -19.0458 -2.8000
v 36.1615 -17.7281 -2.8000
v 35.9769 -17.2884 -2.8000
v 35.5193 -16.1984 -2.8000
v 35.1695 -15.3654 -2.8000
v 35.0949 -15.1876 -2.8000
v 34.9666 -14.8822 -2.8000
v 34.5490 -14.0785 -2.8000
v 34.1804 -13.3693 -2.8000
v 33.5084 -12.0763 -2.8000
v 33.3746 -11.8187 -2.8000
v 33.3303 -11.7336 -2.8000
v 33.2425 -11.5645 -2.8000
v 33.1554 -11.3970 -2.8000
v 33.1122 -11.3137 -2.8000
v 33.0434 -11.1815 -2.8000
v 33.0262 -11.1484 -2.8000
v 32.9410 -10.9845 -2.8000
v 32.8987 -10.9030 -2.8000
v 32.8146 -10.7412 -2.8000
v 32.7728 -10.6608 -2.8000
v 32.6898 -10.5011 -2.8000
v 32.6486 -10.4217 -2.8000
v 32.5666 -10.2640 -2.8000
v 32.5259 -10.1856 -2.8000
v 32.4853 -10.1076 -2.8000
v 32.4047 -9.9525 -2.8000
v 32.3647 -9.8754 -2.8000
v 31.7425 -8.6782 -2.8000
v 30.2145 -5.7380 -2.8000
v 28.3634 -2.1761 -2.8000
v 26.0351 2.3040 -2.8000
v 24.3014 5.6400 -2.8000
v 22.9642 8.2130 -2.8000
v 19.4167 15.0393 -2.8000
v 18.6501 16.5143 -2.8000
v 18.5216 16.7617 -2.8000
v 17.9371 17.8863 -2.8000
v 17.7808 18.1871 -2.8000
v 17.3980 17.9191 -2.8000
v 16.5516 17.3264 -2.8000
v 16.4495 17.2549 -2.8000
v 16.4161 17.2315 -2.8000
v 16.3502 17.1853 -2.8000
v 16.2854 17.1400 -2.8000
v 16.2535 17.1177 -2.8000
v 16.1904 17.0735 -2.8000
v 16.1285 17.0301 -2.8000
v 16.0979 17.0087 -2.8000
v 16.0376 16.9665 -2.8000
v 16.0078 16.9457 -2.8000
v 15.9490 16.9045 -2.8000
v 15.9200 16.8842 -2.8000
v 15.8627 16.8440 -2.8000
v 15.8344 16.8242 -2.8000
v 15.8063 16.8045 -2.8000
v 15.7508 16.7657 -2.8000
v 15.7235 16.7465 -2.8000
v 14.3928 15.8148 -2.8000
v 10.6425 13.1888 -2.8000
v 7.1238 10.7250 -2.8000
v 3.7662 8.3740 -2.8000
v 0.5107 6.0944 -2.8000
v -2.6954 3.8495 -2.8000
v -5.9015 1.6046 -2.8000
v -9.1571 -0.6750 -2.8000
v -12.5147 -3.0260 -2.8000
v -16.0334 -5.4899 -2.8000
v -19.7837 -8.1158 -2.8000
v -20.1784 -8.3922 -2.8000
v -20.2068 -8.4121 -2.8000
v -20.2643 -8.4524 -2.8000
v -20.2934 -8.4728 -2.8000
v -20.3228 -8.4933 -2.8000
v -20.3823 -8.5350 -2.8000
v -20.4124 -8.5561 -2.8000
v -20.4734 -8.5988 -2.8000
v -20.5043 -8.6204 -2.8000
v -20.5668 -8.6642 -2.8000
v -20.5985 -8.6864 -2.8000
v -20.6628 -8.7314 -2.8000
v -20.7281 -8.7772 -2.8000
v -20.7613 -8.8004 -2.8000
v -20.8284 -8.8474 -2.8000
v -20.8968 -8.8952 -2.8000
v -20.9315 -8.9195 -2.8000
v -21.0374 -8.9937 -2.8000
v -21.9153 -9.6084 -2.8000
v -22.2752 -9.8604 -2.8000
v -21.9763 -10.2029 -2.8000
v -21.1212 -11.1825 -2.8000
v -19.8147 -12.6794 -2.8000
v -19.5662 -12.9640 -2.8000
v -13.9985 -19.3430 -2.8000
v -12.2461 -21.3507 -2.8000
v -9.9549 -23.9757 -2.8000
v -6.8435 -27.5404 -2.8000
v -6.0264 -28.4766 -2.8000
v -5.9662 -28.5456 -2.8000
v -5.8451 -28.6843 -2.8000
v -5.7842 -28.7541 -2.8000
v -5.7230 -28.8242 -2.8000
v -5.6000 -28.9651 -2.8000
v -5.5381 -29.0361 -2.8000
v -5.4135 -29.1788 -2.8000
v -5.3508 -29.2506 -2.8000
v -5.2247 -29.3951 -2.8000
v -5.1612 -29.4678 -2.8000
v -5.0335 -29.6141 -2.8000
v -4.9047 -29.7617 -2.8000
v -4.8399 -29.8359 -2.8000
v -4.7095 -29.9854 -2.8000
v -4.5779 -30.1361 -2.8000
v -4.5117 -30.2120 -2.8000
v -4.3411 -30.4074 -2.8000
v -4.3114 -30.4415 -2.8000
v -2.7576 -32.2216 -2.8000
v -2.2560 -32.7963 -2.8000
v -2.1530 -32.9143 -2.8000
v -1.8934 -33.1819 -2.8000
v -1.0973 -34.0025 -2.8000
v -0.2935 -34.8311 -2.8000
v 0.1094 -35.2465 -2.8000
v 1.4181 -36.5955 -2.8000
v 2.9380 -38.1623 -2.8000
v 4.3167 -39.5835 -2.8000
v 5.5913 -40.8974 -2.8000
v 6.7909 -42.1340 -2.8000
v 7.9388 -43.3173 -2.8000
v 9.0548 -44.4677 -2.8000
v 10.1568 -45.6037 -2.8000
v 11.2618 -46.7427 -2.8000
v 12.3868 -47.9024 -2.8000
v 13.5503 -49.1018 -2.8000
v 14.7731 -50.3623 -2.8000
v 16.0623 -51.6912 -2.8000
v 16.0803 -51.7098 -2.8000
v 16.1131 -51.7436 -2.8000
v 16.2154 -51.8491 -2.8000
v 16.2668 -51.9021 -2.8000
v 16.3184 -51.9553 -2.8000
v 16.4221 -52.0622 -2.8000
v 16.4743 -52.1159 -2.8000
v 16.5791 -52.2240 -2.8000
v 16.6318 -52.2783 -2.8000
v 16.7377 -52.3875 -2.8000
v 16.7910 -52.4424 -2.8000
v 16.8981 -52.5528 -2.8000
v 17.0060 -52.6640 -2.8000
v 17.0602 -52.7199 -2.8000
v 17.1693 -52.8324 -2.8000
v 17.2792 -52.9456 -2.8000
v 17.3344 -53.0026 -2.8000
v 17.5014 -53.1747 -2.8000
v 17.5033 -53.1767 -2.8000
v 18.7864 -54.4993 -2.8000
v 19.0834 -54.8055 -2.8000
v 19.3044 -55.0333 -2.8000
v 19.4756 -55.1870 -2.8000
v 20.0693 -55.7203 -2.8000
v 20.8938 -56.4610 -2.8000
v 20.9625 -56.5226 -2.8000
v 22.9642 -58.3206 -2.8000
v 25.3878 -60.4975 -2.8000
v 28.3118 -63.1239 -2.8000
v 31.9712 -66.4108 -2.8000
v 36.7667 -70.7182 -2.8000
v 40.0684 -73.6839 -2.8000
v 40.8308 -74.3687 -2.8000
v 40.8576 -74.3927 -2.8000
v 40.9114 -74.4410 -2.8000
v 40.9384 -74.4653 -2.8000
v 40.9655 -74.4896 -2.8000
v 41.0199 -74.5385 -2.8000
v 41.0472 -74.5631 -2.8000
v 41.1021 -74.6124 -2.8000
v 41.1297 -74.6371 -2.8000
v 41.1851 -74.6869 -2.8000
v 41.2129 -74.7119 -2.8000
v 41.2689 -74.7621 -2.8000
v 41.3251 -74.8126 -2.8000
v 41.3534 -74.8380 -2.8000
v 41.4101 -74.8890 -2.8000
v 41.4673 -74.9403 -2.8000
v 41.4960 -74.9661 -2.8000
v 41.5826 -75.0439 -2.8000
v 42.2443 -75.6383 -2.8000
v 42.5420 -75.9057 -2.8000
v 42.5715 -75.9030 -2.8000
v 42.7385 -75.8876 -2.8000
v 42.9857 -75.8649 -2.8000
v 43.0449 -75.8594 -2.8000
v 47.5856 -75.4418 -2.8000
v 51.2409 -75.1056 -2.8000
v 51.2660 -75.1033 -2.8000
v 52.7497 -68.2933 0.0000
v 51.5797 -73.6635 0.0000
v 53.1970 -66.2402 0.0000
v 53.2550 -65.9740 0.0000
v 53.2942 -65.7941 0.0000
v 53.3122 -65.7112 0.0000
v 53.2497 -65.4802 0.0000
v 53.0554 -64.7623 0.0000
v 53.0298 -64.6677 0.0000
v 53.0213 -64.6363 0.0000
v 53.0044 -64.5739 0.0000
v 52.9876 -64.5117 0.0000
v 52.9792 -64.4808 0.0000
v 52.9625 -64.4191 0.0000
v 52.9459 -64.3578 0.0000
v 52.9377 -64.3273 0.0000
v 52.9212 -64.2664 0.0000
v 52.9130 -64.2361 0.0000
v 52.8967 -64.1757 0.0000
v 52.8885 -64.1456 0.0000
v 52.8723 -64.0857 0.0000
v 52.8642 -64.0559 0.0000
v 52.8562 -64.0261 0.0000
v 52.8401 -63.9667 0.0000
v 52.8321 -63.9372 0.0000
v 52.3597 -62.1918 0.0000
v 51.5409 -59.1668 0.0000
v 50.7034 -56.0722 0.0000
v 49.4168 -51.3186 0.0000
v 48.3742 -47.4668 0.0000
v 48.3586 -47.4090 0.0000
v 48.1070 -46.4794 0.0000
v 47.9387 -45.8577 0.0000
v 47.8791 -45.6375 0.0000
v 47.6417 -45.0720 0.0000
v 47.2406 -44.1166 0.0000
v 47.0052 -43.5559 0.0000
v 46.9223 -43.3586 0.0000
v 46.8949 -43.2933 0.0000
v 46.8404 -43.1633 0.0000
v 46.7862 -43.0344 0.0000
v 46.7593 -42.9702 0.0000
v 46.7057 -42.8426 0.0000
v 46.6525 -42.7158 0.0000
v 46.6260 -42.6528 0.0000
v 46.5733 -42.5274 0.0000
v 46.5471 -42.4650 0.0000
v 46.4950 -42.3408 0.0000
v 46.4691 -42.2791 0.0000
v 46.4175 -42.1562 0.0000
v 46.3919 -42.0951 0.0000
v 46.3663 -42.0342 0.0000
v 46.3154 -41.9130 0.0000
v 46.2901 -41.8527 0.0000
v 46.0094 -41.1841 0.0000
v 44.9626 -38.6908 0.0000
v 44.0487 -36.5141 0.0000
v 43.2323 -34.5696 0.0000
v 42.4878 -32.7963 0.0000
v 41.7961 -31.1488 0.0000
v 41.1421 -29.5911 0.0000
v 40.5136 -28.0940 0.0000
v 39.8999 -26.6323 0.0000
v 39.2913 -25.1829 0.0000
v 38.6787 -23.7236 0.0000
v 38.0523 -22.2316 0.0000
v 37.4016 -20.6819 0.0000
v 36.7147 -19.0458 0.0000
v 36.1615 -17.7281 0.0000
v 35.9769 -17.2884 0.0000
v 35.5193 -16.1984 0.0000
v 35.1695 -15.3654 0.0000
v 35.0949 -15.1876 0.0000
v 34.9666 -14.8822 0.0000
v 34.5490 -14.0785 0.0000
v 34.1804 -13.3693 0.0000
v 33.5084 -12.0763 0.0000
v 33.3746 -11.8187 0.0000
v 33.3303 -11.7336 0.0000
v 33.2425 -11.5645 0.0000
v 33.1554 -11.3970 0.0000
v 33.1122 -11.3137 0.0000
v 33.0434 -11.1815 0.0000
v 33.0262 -11.1484 0.0000
v 32.9410 -10.9845 0.0000
v 32.8987 -10.9030 0.0000
v 32.8146 -10.7412 0.0000
v 32.7728 -10.6608 0.0000
v 32.6898 -10.5011 0.0000
v 32.6486 -10.4217 0.0000
v 32.5666 -10.2640 0.0000
v 32.5259 -10.1856 0.0000
v 32.4853 -10.1076 0.0000
v 32.4047 -9.9525 0.0000
v 32.3647 -9.8754 0.0000
v 31.7425 -8.6782 0.0000
v 30.2145 -5.7380 0.0000
v 28.3634 -2.1761 0.0000
v 26.0351 2.3040 0.0000
v 24.3014 5.6400 0.0000
v 22.9642 8.2130 0.0000
v 19.4167 15.0393 0.0000
v 18.6501 16.5143 0.0000
v 18.5216 16.7617 0.0000
v 17.9371 17.8863 0.0000
v 17.7808 18.1871 0.0000
v 17.3980 17.9191 0.0000
v 16.5516 17.3264 0.0000
v 16.4495 17.2549 0.0000
v 16.4161 17.2315 0.0000
v 16.3502 17.1853 0.0000
v 16.2854 17.1400 0.0000
v 16.2535 17.1177 0.0000
v 16.1904 17.0735 0.0000
v 16.1285 17.0301 0.0000
v 16.0979 17.0087 0.0000
v 16.0376 16.9665 0.0000
v 16.0078 16.9457 0.0000
v 15.9490 16.9045 0.0000
v 15.9200 16.8842 0.0000
v 15.8627 16.8440 0.0000
v 15.8344 16.8242 0.0000
v 15.8063 16.8045 0.0000
v 15.7508 16.7657 0.0000
v 15.7235 16.7465 0.0000
v 14.3928 15.8148 0.0000
v 10.6425 13.1888 0.0000
v 7.1238 10.7250 0.0000
v 3.7662 8.3740 0.0000
v 0.5107 6.0944 0.0000
v -2.6954 3.8495 0.0000
v -5.9015 1.6046 0.0000
v -9.1571 -0.6750 0.0000
v -12.5147 -3.0260 0.0000
v -16.0334 -5.4899 0.0000
v -19.7837 -8.1158 0.0000
v -20.1784 -8.3922 0.0000
v -20.2068 -8.4121 0.0000
v -20.2643 -8.4524 0.0000
v -20.2934 -8.4728 0.0000
v -20.3228 -8.4933 0.0000
v -20.3823 -8.5350 0.0000
v -20.4124 -8.5561 0.0000
v -20.4734 -8.5988 0.0000
v -20.5043 -8.6204 0.0000
v -20.5668 -8.6642 0.0000
v -20.5985 -8.6864 0.0000
v -20.6628 -8.7314 0.0000
v -20.7281 -8.7772 0.0000
v -20.7613 -8.8004 0.0000
v -20.8284 -8.8474 0.0000
v -20.8968 -8.8952 0.0000
v -20.9315 -8.9195 0.0000
v -21.0374 -8.9937 0.0000
v -21.9153 -9.6084 0.0000
v -22.2752 -9.8604 0.0000
v -21.9763 -10.2029 0.0000
v -21.1212 -11.1825 0.0000
v -19.8147 -12.6794 0.0000
v -19.5662 -12.9640 0.0000
v -13.9985 -19.3430 0.0000
v -12.2461 -21.3507 0.0000
v -9.9549 -23.9757 0.0000
v -6.8435 -27.5404 0.0000
v -6.0264 -28.4766 0.0000
v -5.9662 -28.5456 0.0000
v -5.8451 -28.6843 0.0000
v -5.7842 -28.7541 0.0000
v -5.7230 -28.8242 0.0000
v -5.6000 -28.9651 0.0000
v -5.5381 -29.0361 0.0000
v -5.4135 -29.1788 0.0000
v -5.3508 -29.2506 0.0000
v -5.2247 -29.3951 0.0000
v -5.1612 -29.4678 0.0000
v -5.0335 -29.6141 0.0000
v -4.9047 -29.7617 0.0000
v -4.8399 -29.8359 0.0000
v -4.7095 -29.9854 0.0000
v -4.5779 -30.1361 0.0000
v -4.5117 -30.2120 0.0000
v -4.3411 -30.4074 0.0000
v -4.3114 -30.4415 0.0000
v -2.7576 -32.2216 0.0000
v -2.2560 -32.7963 0.0000
v -2.1530 -32.9143 0.0000
v -1.8934 -33.1819 0.0000
v -1.0973 -34.0025 0.0000
v -0.2935 -34.8311 0.0000
v 0.1094 -35.2465 0.0000
v 1.4181 -36.5955 0.0000
v 2.9380 -38.1623 0.0000
v 4.3167 -39.5835 0.0000
v 5.5913 -40.8974 0.0000
v 6.7909 -42.1340 0.0000
v 7.9388 -43.3173 0.0000
v 9.0548 -44.4677 0.0000
v 10.1568 -45.6037 0.0000
v 11.2618 -46.7427 0.0000
v 12.3868 -47.9024 0.0000
v 13.5503 -49.1018 0.0000
v 14.7731 -50.3623 0.0000
v 16.0623 -51.6912 0.0000
v 16.0803 -51.7098 0.0000
v 16.1131 -51.7436 0.0000
v 16.2154 -51.8491 0.0000
v 16.2668 -51.9021 0.0000
v 16.3184 -51.9553 0.0000
v 16.4221 -52.0622 0.0000
v 16.4743 -52.1159 0.0000
v 16.5791 -52.2240 0.0000
v 16.6318 -52.2783 0.0000
v 16.7377 -52.3875 0.0000
v 16.7910 -52.4424 0.0000
v 16.8981 -52.5528 0.0000
v 17.0060 -52.6640 0.0000
v 17.0602 -52.7199 0.0000
v 17.1693 -52.8324 0.0000
v 17.2792 -52.9456 0.0000
v 17.3344 -53.0026 0.0000
v 17.5014 -53.1747 0.0000
v 17.5033 -53.1767 0.0000
v 18.7864 -54.4993 0.0000
v 19.0834 -54.8055 0.0000
v 19.3044 -55.0333 0.0000
v 19.4756 -55.1870 0.0000
v 20.0693 -55.7203 0.0000
v 20.8938 -56.4610 0.0000
v 20.9625 -56.5226 0.0000
v 22.9642 -58.3206 0.0000
v 25.3878 -60.4975 0.0000
v 28.3118 -63.1239 0.0000
v 31.9712 -66.4108 0.0000
v 36.7667 -70.7182 0.0000
v 40.0684 -73.6839 0.0000
v 40.8308 -74.3687 0.0000
v 40.8576 -74.3927 0.0000
v 40.9114 -74.4410 0.0000
v 40.9384 -74.4653 0.0000
v 40.9655 -74.4896 0.0000
v 41.0199 -74.5385 0.0000
v 41.0472 -74.5631 0.0000
v 41.1021 -74.6124 0.0000
v 41.1297 -74.6371 0.0000
v 41.1851 -74.6869 0.0000
v 41.2129 -74.7119 0.0000
v 41.2689 -74.7621 0.0000
v 41.3251 -74.8126 0.0000
v 41.3534 -74.8380 0.0000
v 41.4101 -74.8890 0.0000
v 41.4673 -74.9403 0.0000
v 41.4960 -74.9661 0.0000
v 41.5826 -75.0439 0.0000
v 42.2443 -75.6383 0.0000
v 42.5420 -75.9057 0.0000
v 42.5715 -75.9030 0.0000
v 42.7385 -75.8876 0.0000
v 42.9857 -75.8649 0.0000
v 43.0449 -75.8594 0.0000
v 47.5856 -75.4418 0.0000
v 51.2409 -75.1056 0.0000
v 51.2660 -75.1033 0.0000
v 48.6815 -63.4450 0.0000
v 47.6714 -68.0818 0.0000
v 49.0677 -61.6724 0.0000
v 49.1178 -61.4425 0.0000
v 49.1517 -61.2872 0.0000
v 49.1673 -61.2156 0.0000
v 49.1922 -61.1013 0.0000
v 49.0239 -60.4796 0.0000
v 49.0017 -60.3977 0.0000
v 48.9944 -60.3705 0.0000
v 48.9797 -60.3164 0.0000
v 48.9652 -60.2626 0.0000
v 48.9579 -60.2358 0.0000
v 48.9435 -60.1824 0.0000
v 48.9291 -60.1293 0.0000
v 48.9219 -60.1028 0.0000
v 48.9077 -60.0501 0.0000
v 48.9006 -60.0239 0.0000
v 48.8864 -59.9716 0.0000
v 48.8793 -59.9455 0.0000
v 48.8653 -59.8936 0.0000
v 48.8583 -59.8678 0.0000
v 48.8513 -59.8420 0.0000
v 48.8374 -59.7906 0.0000
v 48.8305 -59.7650 0.0000
v 48.4214 -58.2535 0.0000
v 47.7123 -55.6337 0.0000
v 46.9870 -52.9538 0.0000
v 45.8727 -48.8370 0.0000
v 44.9699 -45.5013 0.0000
v 44.9563 -45.4513 0.0000
v 44.7384 -44.6462 0.0000
v 44.5927 -44.1078 0.0000
v 44.5411 -43.9171 0.0000
v 44.4199 -43.4693 0.0000
v 44.0711 -42.6386 0.0000
v 43.8665 -42.1512 0.0000
v 43.7944 -41.9796 0.0000
v 43.7706 -41.9228 0.0000
v 43.7232 -41.8099 0.0000
v 43.6761 -41.6977 0.0000
v 43.6527 -41.6419 0.0000
v 43.6061 -41.5310 0.0000
v 43.5598 -41.4208 0.0000
v 43.5368 -41.3660 0.0000
v 43.4910 -41.2569 0.0000
v 43.4683 -41.2027 0.0000
v 43.4229 -41.0947 0.0000
v 43.4004 -41.0411 0.0000
v 43.3556 -40.9342 0.0000
v 43.3332 -40.8811 0.0000
v 43.3110 -40.8281 0.0000
v 43.2668 -40.7227 0.0000
v 43.2447 -40.6703 0.0000
v 43.0007 -40.0890 0.0000
v 42.0905 -37.9212 0.0000
v 41.2960 -36.0287 0.0000
v 40.5862 -34.3380 0.0000
v 39.9389 -32.7963 0.0000
v 39.3375 -31.3639 0.0000
v 38.7689 -30.0095 0.0000
v 38.2224 -28.7079 0.0000
v 37.6888 -27.4370 0.0000
v 37.1597 -26.1769 0.0000
v 36.6271 -24.9081 0.0000
v 36.0824 -23.6109 0.0000
v 35.5167 -22.2635 0.0000
v 34.9195 -20.8410 0.0000
v 34.4385 -19.6954 0.0000
v 34.2780 -19.3131 0.0000
v 33.8801 -18.3654 0.0000
v 33.5760 -17.6411 0.0000
v 33.5112 -17.4866 0.0000
v 33.3996 -17.2210 0.0000
v 33.0781 -16.4551 0.0000
v 32.7563 -15.8359 0.0000
v 32.1696 -14.7070 0.0000
v 32.0528 -14.4822 0.0000
v 32.0142 -14.4079 0.0000
v 31.9375 -14.2603 0.0000
v 31.8615 -14.1140 0.0000
v 31.8237 -14.0413 0.0000
v 31.7637 -13.9259 0.0000
v 31.7487 -13.8970 0.0000
v 31.6743 -13.7539 0.0000
v 31.6373 -13.6828 0.0000
v 31.5639 -13.5415 0.0000
v 31.5275 -13.4713 0.0000
v 31.4550 -13.3319 0.0000
v 31.4190 -13.2626 0.0000
v 31.3474 -13.1249 0.0000
v 31.3119 -13.0565 0.0000
v 31.2764 -12.9883 0.0000
v 31.2061 -12.8529 0.0000
v 31.1711 -12.7856 0.0000
v 30.6279 -11.7405 0.0000
v 29.2939 -9.1736 0.0000
v 27.6779 -6.0639 0.0000
v 25.6452 -2.1526 0.0000
v 24.1316 0.7598 0.0000
v 22.9642 3.0062 0.0000
v 19.8671 8.9657 0.0000
v 19.1979 10.2535 0.0000
v 19.0856 10.4694 0.0000
v 18.5754 11.4512 0.0000
v 18.4389 11.7138 0.0000
v 17.9827 12.5916 0.0000
v 17.2252 12.0612 0.0000
v 17.1338 11.9972 0.0000
v 17.1039 11.9763 0.0000
v 17.0449 11.9350 0.0000
v 16.9870 11.8944 0.0000
v 16.9584 11.8744 0.0000
v 16.9020 11.8349 0.0000
v 16.8466 11.7961 0.0000
v 16.8192 11.7769 0.0000
v 16.7652 11.7391 0.0000
v 16.7386 11.7205 0.0000
v 16.6859 11.6836 0.0000
v 16.6600 11.6654 0.0000
v 16.6087 11.6295 0.0000
v 16.5833 11.6118 0.0000
v 16.5582 11.5942 0.0000
v 16.5086 11.5594 0.0000
v 16.4841 11.5423 0.0000
v 15.2932 10.7084 0.0000
v 11.9369 8.3583 0.0000
v 8.7877 6.1532 0.0000
v 5.7829 4.0492 0.0000
v 2.8693 2.0091 0.0000
v 0.0000 0.0000 0.0000
v -2.8693 -2.0091 0.0000
v -5.7829 -4.0492 0.0000
v -8.7877 -6.1532 0.0000
v -11.9369 -8.3583 0.0000
v -15.2932 -10.7084 0.0000
v -15.6465 -10.9558 0.0000
v -15.6719 -10.9736 0.0000
v -15.7234 -11.0096 0.0000
v -15.7494 -11.0279 0.0000
v -15.7757 -11.0463 0.0000
v -15.8289 -11.0835 0.0000
v -15.8559 -11.1024 0.0000
v -15.9104 -11.1406 0.0000
v -15.9381 -11.1600 0.0000
v -15.9941 -11.1992 0.0000
v -16.0225 -11.2190 0.0000
v -16.0799 -11.2593 0.0000
v -16.1384 -11.3003 0.0000
v -16.1681 -11.3210 0.0000
v -16.2282 -11.3631 0.0000
v -16.2894 -11.4060 0.0000
v -16.3204 -11.4277 0.0000
v -16.4152 -11.4940 0.0000
v -17.2009 -12.0442 0.0000
v -16.5920 -12.7417 0.0000
v -16.3307 -13.0412 0.0000
v -15.5831 -13.8977 0.0000
v -14.4407 -15.2065 0.0000
v -14.2234 -15.4554 0.0000
v -9.3551 -21.0331 0.0000
v -7.8229 -22.7885 0.0000
v -5.8195 -25.0837 0.0000
v -3.0990 -28.2007 0.0000
v -2.3845 -29.0193 0.0000
v -2.3318 -29.0796 0.0000
v -2.2260 -29.2009 0.0000
v -2.1727 -29.2619 0.0000
v -2.1192 -29.3232 0.0000
v -2.0116 -29.4464 0.0000
v -1.9575 -29.5085 0.0000
v -1.8486 -29.6333 0.0000
v -1.7938 -29.6960 0.0000
v -1.6835 -29.8224 0.0000
v -1.6280 -29.8860 0.0000
v -1.5163 -30.0139 0.0000
v -1.4037 -30.1429 0.0000
v -1.3470 -30.2078 0.0000
v -1.2330 -30.3385 0.0000
v -1.1180 -30.4703 0.0000
v -1.0601 -30.5366 0.0000
v -0.9109 -30.7075 0.0000
v -0.8849 -30.7373 0.0000
v 0.4737 -32.2938 0.0000
v 0.9611 -32.7963 0.0000
v 1.0609 -32.8992 0.0000
v 1.2873 -33.1325 0.0000
v 1.9815 -33.8482 0.0000
v 2.6825 -34.5707 0.0000
v 3.0339 -34.9330 0.0000
v 4.1751 -36.1094 0.0000
v 5.5006 -37.4757 0.0000
v 6.7028 -38.7150 0.0000
v 7.8143 -39.8608 0.0000
v 8.8604 -40.9392 0.0000
v 9.8614 -41.9710 0.0000
v 10.8346 -42.9743 0.0000
v 11.7957 -43.9649 0.0000
v 12.7592 -44.9582 0.0000
v 13.7403 -45.9695 0.0000
v 14.7549 -47.0154 0.0000
v 15.8212 -48.1146 0.0000
v 16.9454 -49.2734 0.0000
v 16.9612 -49.2897 0.0000
v 16.9898 -49.3192 0.0000
v 17.0790 -49.4111 0.0000
v 17.1238 -49.4573 0.0000
v 17.1688 -49.5037 0.0000
v 17.2593 -49.5970 0.0000
v 17.3047 -49.6438 0.0000
v 17.3961 -49.7381 0.0000
v 17.4421 -49.7854 0.0000
v 17.5345 -49.8807 0.0000
v 17.5809 -49.9285 0.0000
v 17.6743 -50.0248 0.0000
v 17.7684 -50.1218 0.0000
v 17.8157 -50.1706 0.0000
v 17.9108 -50.2686 0.0000
v 18.0066 -50.3674 0.0000
v 18.0548 -50.4170 0.0000
v 18.2004 -50.5671 0.0000
v 18.2021 -50.5689 0.0000
v 19.3210 -51.7222 0.0000
v 19.5852 -51.9596 0.0000
v 19.7813 -52.1357 0.0000
v 19.9301 -52.2694 0.0000
v 20.4465 -52.7332 0.0000
v 21.1636 -53.3773 0.0000
v 21.2233 -53.4309 0.0000
v 22.9642 -54.9947 0.0000
v 25.0720 -56.8879 0.0000
v 27.6150 -59.1721 0.0000
v 30.7976 -62.0307 0.0000
v 34.9681 -65.7768 0.0000
v 37.8397 -68.3560 0.0000
v 38.5027 -68.9516 0.0000
v 38.5260 -68.9725 0.0000
v 38.5728 -69.0145 0.0000
v 38.5963 -69.0356 0.0000
v 38.6198 -69.0568 0.0000
v 38.6672 -69.0993 0.0000
v 38.6909 -69.1206 0.0000
v 38.7387 -69.1635 0.0000
v 38.7627 -69.1851 0.0000
v 38.8108 -69.2284 0.0000
v 38.8350 -69.2501 0.0000
v 38.8837 -69.2938 0.0000
v 38.9326 -69.3377 0.0000
v 38.9572 -69.3598 0.0000
v 39.0065 -69.4041 0.0000
v 39.0562 -69.4488 0.0000
v 39.0812 -69.4712 0.0000
v 39.1565 -69.5389 0.0000
v 39.7320 -70.0558 0.0000
v 39.8792 -70.0422 0.0000
v 39.9047 -70.0399 0.0000
v 40.0489 -70.0266 0.0000
v 40.2625 -70.0070 0.0000
v 40.3136 -70.0023 0.0000
v 44.2368 -69.6414 0.0000
v 47.3949 -69.3509 0.0000
v 47.4005 -69.3249 0.0000
v 31.7528 -45.3477 0.0000
v 32.8509 -44.5788 0.0000
v 22.9642 -32.7963 0.0000
v 33.3191 -44.2510 0.0000
v 33.3820 -44.2070 0.0000
v 33.4248 -44.1770 0.0000
v 33.4446 -44.1631 0.0000
v 33.4764 -44.1409 0.0000
v 33.5771 -44.0704 0.0000
v 33.5906 -44.0609 0.0000
v 33.5951 -44.0578 0.0000
v 33.6041 -44.0515 0.0000
v 33.6130 -44.0452 0.0000
v 33.6175 -44.0421 0.0000
v 33.6264 -44.0359 0.0000
v 33.6353 -44.0296 0.0000
v 33.6397 -44.0265 0.0000
v 33.6486 -44.0203 0.0000
v 33.6530 -44.0172 0.0000
v 33.6618 -44.0111 0.0000
v 33.6662 -44.0080 0.0000
v 33.6750 -44.0018 0.0000
v 33.6794 -43.9987 0.0000
v 33.6838 -43.9957 0.0000
v 33.6926 -43.9895 0.0000
v 33.6969 -43.9865 0.0000
v 33.9660 -43.7981 0.0000
v 34.4893 -43.4316 0.0000
v 33.8095 -41.8966 0.0000
v 32.8426 -39.7132 0.0000
v 32.1205 -38.0827 0.0000
v 32.1100 -38.0591 0.0000
v 31.9434 -37.6830 0.0000
v 31.8336 -37.4349 0.0000
v 31.7950 -37.3477 0.0000
v 31.7049 -37.1443 0.0000
v 31.5530 -36.8013 0.0000
v 31.4640 -36.6004 0.0000
v 31.4327 -36.5298 0.0000
v 31.4224 -36.5064 0.0000
v 31.4018 -36.4599 0.0000
v 31.3814 -36.4138 0.0000
v 31.3712 -36.3908 0.0000
v 31.3510 -36.3452 0.0000
v 31.3309 -36.2999 0.0000
v 31.3210 -36.2774 0.0000
v 31.3011 -36.2326 0.0000
v 31.2912 -36.2103 0.0000
v 31.2716 -36.1659 0.0000
v 31.2618 -36.1439 0.0000
v 31.2424 -36.1000 0.0000
v 31.2328 -36.0782 0.0000
v 31.2231 -36.0565 0.0000
v 31.2040 -36.0132 0.0000
v 31.1945 -35.9917 0.0000
v 31.0889 -35.7535 0.0000
v 30.6969 -34.8683 0.0000
v 30.3566 -34.0998 0.0000
v 30.0540 -33.4166 0.0000
v 29.7793 -32.7963 0.0000
v 29.5251 -32.2223 0.0000
v 29.2857 -31.6817 0.0000
v 29.0564 -31.1639 0.0000
v 28.8333 -30.6602 0.0000
v 28.6128 -30.1624 0.0000
v 28.3916 -29.6628 0.0000
v 28.1662 -29.1539 0.0000
v 27.9329 -28.6271 0.0000
v 27.6875 -28.0730 0.0000
v 27.4906 -27.6283 0.0000
v 27.4250 -27.4802 0.0000
v 27.2627 -27.1137 0.0000
v 27.1389 -26.8343 0.0000
v 27.1125 -26.7747 0.0000
v 27.0672 -26.6724 0.0000
v 26.9368 -26.3778 0.0000
v 26.8210 -26.1163 0.0000
v 26.6081 -25.6358 0.0000
v 26.5655 -25.5395 0.0000
v 26.5514 -25.5076 0.0000
v 26.5233 -25.4443 0.0000
v 26.4955 -25.3814 0.0000
v 26.4817 -25.3501 0.0000
v 26.4596 -25.3004 0.0000
v 26.4541 -25.2880 0.0000
v 26.4268 -25.2263 0.0000
v 26.4132 -25.1956 0.0000
v 26.3862 -25.1346 0.0000
v 26.3727 -25.1042 0.0000
v 26.3460 -25.0439 0.0000
v 26.3327 -25.0138 0.0000
v 26.3063 -24.9541 0.0000
v 26.2931 -24.9244 0.0000
v 26.2800 -24.8948 0.0000
v 26.2539 -24.8360 0.0000
v 26.2410 -24.8067 0.0000
v 26.0386 -24.3497 0.0000
v 25.5332 -23.2086 0.0000
v 24.9050 -21.7899 0.0000
v 24.0885 -19.9463 0.0000
v 23.4606 -18.5286 0.0000
v 22.9642 -18.8761 0.0000
v 21.9829 -19.5633 0.0000
v 21.8167 -19.6797 0.0000
v 21.7901 -19.6983 0.0000
v 21.6732 -19.7801 0.0000
v 21.6430 -19.8012 0.0000
v 21.5455 -19.8696 0.0000
v 21.3297 -20.0206 0.0000
v 21.3037 -20.0388 0.0000
v 21.2952 -20.0448 0.0000
v 21.2784 -20.0566 0.0000
v 21.2619 -20.0681 0.0000
v 21.2537 -20.0738 0.0000
v 21.2377 -20.0851 0.0000
v 21.2219 -20.0961 0.0000
v 21.2141 -20.1016 0.0000
v 21.1987 -20.1124 0.0000
v 21.1911 -20.1177 0.0000
v 21.1761 -20.1282 0.0000
v 21.1687 -20.1333 0.0000
v 21.1541 -20.1436 0.0000
v 21.1469 -20.1486 0.0000
v 21.1398 -20.1536 0.0000
v 21.1256 -20.1635 0.0000
v 21.1186 -20.1684 0.0000
v 20.7795 -20.4059 0.0000
v 19.8236 -21.0752 0.0000
v 18.9267 -21.7032 0.0000
v 18.0709 -22.3025 0.0000
v 17.2411 -22.8835 0.0000
v 16.4239 -23.4557 0.0000
v 15.6067 -24.0279 0.0000
v 14.7769 -24.6090 0.0000
v 13.9211 -25.2082 0.0000
v 13.0242 -25.8362 0.0000
v 12.0683 -26.5055 0.0000
v 11.9677 -26.5760 0.0000
v 11.9604 -26.5811 0.0000
v 11.9458 -26.5913 0.0000
v 11.9384 -26.5965 0.0000
v 11.9309 -26.6018 0.0000
v 11.9157 -26.6124 0.0000
v 11.9080 -26.6178 0.0000
v 11.8925 -26.6286 0.0000
v 11.8846 -26.6342 0.0000
v 11.8687 -26.6453 0.0000
v 11.8606 -26.6510 0.0000
v 11.8442 -26.6624 0.0000
v 11.8276 -26.6741 0.0000
v 11.8191 -26.6800 0.0000
v 11.8020 -26.6920 0.0000
v 11.7846 -26.7042 0.0000
v 11.7757 -26.7104 0.0000
v 11.7487 -26.7293 0.0000
v 11.5250 -26.8860 0.0000
v 11.4332 -26.9502 0.0000
v 11.3925 -26.9787 0.0000
v 11.2713 -27.0636 0.0000
v 11.0713 -27.2036 0.0000
v 11.0311 -27.2318 0.0000
v 9.8835 -28.0353 0.0000
v 9.3872 -28.3829 0.0000
v 10.5047 -29.4578 0.0000
v 11.9579 -30.8556 0.0000
v 12.3278 -31.2115 0.0000
v 12.3549 -31.2375 0.0000
v 12.4092 -31.2898 0.0000
v 12.4366 -31.3161 0.0000
v 12.4640 -31.3424 0.0000
v 12.5190 -31.3954 0.0000
v 12.5466 -31.4220 0.0000
v 12.6022 -31.4754 0.0000
v 12.6301 -31.5022 0.0000
v 12.6862 -31.5562 0.0000
v 12.7144 -31.5833 0.0000
v 12.7710 -31.6378 0.0000
v 12.8280 -31.6926 0.0000
v 12.8567 -31.7201 0.0000
v 12.9142 -31.7755 0.0000
v 12.9721 -31.8312 0.0000
v 13.0012 -31.8592 0.0000
v 13.0761 -31.9312 0.0000
v 13.0891 -31.9438 0.0000
v 13.7617 -32.5907 0.0000
v 13.9755 -32.7963 0.0000
v 14.0192 -32.8383 0.0000
v 14.1181 -32.9335 0.0000
v 14.4207 -33.2246 0.0000
v 14.7249 -33.5172 0.0000
v 14.8769 -33.6633 0.0000
v 15.3680 -34.1358 0.0000
v 15.9339 -34.6801 0.0000
v 16.4431 -35.1698 0.0000
v 16.9103 -35.6193 0.0000
v 17.3471 -36.0394 0.0000
v 17.7623 -36.4388 0.0000
v 18.1635 -36.8247 0.0000
v 18.5572 -37.2034 0.0000
v 18.9496 -37.5808 0.0000
v 19.3467 -37.9628 0.0000
v 19.7548 -38.3553 0.0000
v 20.1809 -38.7652 0.0000
v 20.6271 -39.1944 0.0000
v 20.6333 -39.2004 0.0000
v 20.6447 -39.2113 0.0000
v 20.6799 -39.2452 0.0000
v 20.6976 -39.2623 0.0000
v 20.7154 -39.2794 0.0000
v 20.7511 -39.3137 0.0000
v 20.7691 -39.3310 0.0000
v 20.8051 -39.3657 0.0000
v 20.8233 -39.3831 0.0000
v 20.8597 -39.4181 0.0000
v 20.8780 -39.4357 0.0000
v 20.9148 -39.4711 0.0000
v 20.9518 -39.5067 0.0000
v 20.9704 -39.5246 0.0000
v 21.0078 -39.5606 0.0000
v 21.0455 -39.5969 0.0000
v 21.0644 -39.6151 0.0000
v 21.1216 -39.6701 0.0000
v 21.1223 -39.6707 0.0000
v 21.5599 -40.0916 0.0000
v 21.6608 -40.1887 0.0000
v 21.7357 -40.2608 0.0000
v 21.7927 -40.3155 0.0000
v 21.9906 -40.5060 0.0000
v 22.2665 -40.7713 0.0000
v 22.2895 -40.7935 0.0000
v 22.9642 -41.4425 0.0000
v 23.7902 -42.2369 0.0000
v 24.8002 -43.2084 0.0000
v 26.0854 -44.4446 0.0000
v 27.8064 -46.1000 0.0000
v 29.0163 -47.2639 0.0000
v 29.1437 -47.1747 0.0000
v 29.1480 -47.1717 0.0000
v 29.1568 -47.1655 0.0000
v 29.1612 -47.1625 0.0000
v 29.1655 -47.1594 0.0000
v 29.1743 -47.1532 0.0000
v 29.1788 -47.1501 0.0000
v 29.1876 -47.1440 0.0000
v 29.1920 -47.1409 0.0000
v 29.2009 -47.1346 0.0000
v 29.2053 -47.1315 0.0000
v 29.2142 -47.1253 0.0000
v 29.2232 -47.1190 0.0000
v 29.2276 -47.1159 0.0000
v 29.2366 -47.1096 0.0000
v 29.2456 -47.1033 0.0000
v 29.2501 -47.1002 0.0000
v 29.2637 -47.0907 0.0000
v 29.3651 -47.0196 0.0000
v 29.4095 -46.9886 0.0000
v 29.4172 -46.9832 0.0000
v 29.4606 -46.9528 0.0000
v 29.5244 -46.9081 0.0000
v 29.5397 -46.8974 0.0000
v 30.6547 -46.1167 0.0000
v 31.4803 -45.5386 0.0000
v 31.4858 -45.5347 0.0000
v 48.6815 -63.4450 5.0000
v 47.6714 -68.0818 5.0000
v 49.0677 -61.6724 5.0000
v 49.1178 -61.4425 5.0000
v 49.0441 -61.1702 5.0000
v 49.0104 -61.0454 5.0000
v 48.9567 -60.8472 5.0000
v 48.7899 -60.2310 5.0000
v 48.7680 -60.1499 5.0000
v 48.7607 -60.1229 5.0000
v 48.7462 -60.0693 5.0000
v 48.7317 -60.0160 5.0000
v 48.7245 -59.9895 5.0000
v 48.7102 -59.9365 5.0000
v 48.6960 -59.8839 5.0000
v 48.6889 -59.8577 5.0000
v 48.6747 -59.8055 5.0000
v 48.6677 -59.7795 5.0000
v 48.6537 -59.7276 5.0000
v 48.6467 -59.7018 5.0000
v 48.6328 -59.6504 5.0000
v 48.6258 -59.6248 5.0000
v 48.6189 -59.5992 5.0000
v 48.6051 -59.5483 5.0000
v 48.5983 -59.5229 5.0000
v 48.1928 -58.0249 5.0000
v 47.4901 -55.4287 5.0000
v 46.7713 -52.7728 5.0000
v 45.6671 -48.6930 5.0000
v 44.7723 -45.3872 5.0000
v 44.7589 -45.3377 5.0000
v 44.5429 -44.5398 5.0000
v 44.2965 -43.9529 5.0000
v 44.2098 -43.7463 5.0000
v 44.0074 -43.2641 5.0000
v 43.6653 -42.4494 5.0000
v 43.4646 -41.9713 5.0000
v 43.3939 -41.8030 5.0000
v 43.3705 -41.7473 5.0000
v 43.3240 -41.6366 5.0000
v 43.2779 -41.5266 5.0000
v 43.2549 -41.4719 5.0000
v 43.2092 -41.3630 5.0000
v 43.1638 -41.2549 5.0000
v 43.1412 -41.2012 5.0000
v 43.0963 -41.0942 5.0000
v 43.0740 -41.0410 5.0000
v 43.0296 -40.9352 5.0000
v 43.0075 -40.8825 5.0000
v 42.9635 -40.7778 5.0000
v 42.9416 -40.7256 5.0000
v 42.9198 -40.6737 5.0000
v 42.8764 -40.5703 5.0000
v 42.8548 -40.5189 5.0000
v 42.6154 -39.9488 5.0000
v 41.7228 -37.8227 5.0000
v 40.9435 -35.9666 5.0000
v 40.2473 -34.3084 5.0000
v 39.6125 -32.7963 5.0000
v 39.0227 -31.3914 5.0000
v 38.4650 -30.0631 5.0000
v 37.9290 -28.7865 5.0000
v 37.4057 -27.5401 5.0000
v 36.8868 -26.3041 5.0000
v 36.3643 -25.0598 5.0000
v 35.8302 -23.7875 5.0000
v 35.2754 -22.4660 5.0000
v 34.6896 -21.0709 5.0000
v 34.2179 -19.9473 5.0000
v 34.0605 -19.5723 5.0000
v 33.6702 -18.6429 5.0000
v 33.3313 -17.9906 5.0000
v 33.2593 -17.8521 5.0000
v 33.1359 -17.6147 5.0000
v 32.7819 -16.9336 5.0000
v 32.4696 -16.3326 5.0000
v 31.9001 -15.2367 5.0000
v 31.7867 -15.0184 5.0000
v 31.7492 -14.9463 5.0000
v 31.6747 -14.8031 5.0000
v 31.6009 -14.6611 5.0000
v 31.5643 -14.5905 5.0000
v 31.5060 -14.4784 5.0000
v 31.4914 -14.4504 5.0000
v 31.4192 -14.3115 5.0000
v 31.3834 -14.2425 5.0000
v 31.3121 -14.1053 5.0000
v 31.2767 -14.0372 5.0000
v 31.2064 -13.9018 5.0000
v 31.1714 -13.8346 5.0000
v 31.1019 -13.7009 5.0000
v 31.0674 -13.6345 5.0000
v 31.0330 -13.5683 5.0000
v 30.9647 -13.4369 5.0000
v 30.9308 -13.3716 5.0000
v 30.4035 -12.3570 5.0000
v 29.1086 -9.8653 5.0000
v 27.5399 -6.8467 5.0000
v 25.5667 -3.0499 5.0000
v 24.0974 -0.2228 5.0000
v 22.9642 1.9578 5.0000
v 19.9578 7.7428 5.0000
v 19.3082 8.9929 5.0000
v 19.1992 9.2025 5.0000
v 18.8245 8.9401 5.0000
v 18.7278 8.8724 5.0000
v 18.4150 8.6534 5.0000
v 17.7232 8.1690 5.0000
v 17.6397 8.1105 5.0000
v 17.6124 8.0914 5.0000
v 17.5585 8.0537 5.0000
v 17.5056 8.0166 5.0000
v 17.4795 7.9984 5.0000
v 17.4280 7.9623 5.0000
v 17.3774 7.9269 5.0000
v 17.3524 7.9094 5.0000
v 17.3031 7.8748 5.0000
v 17.2788 7.8578 5.0000
v 17.2307 7.8241 5.0000
v 17.2070 7.8075 5.0000
v 17.1601 7.7747 5.0000
v 17.1370 7.7585 5.0000
v 17.1141 7.7425 5.0000
v 17.0687 7.7107 5.0000
v 17.0463 7.6951 5.0000
v 15.9588 6.9335 5.0000
v 12.8937 4.7874 5.0000
v 10.0178 2.7736 5.0000
v 7.2737 0.8522 5.0000
v 4.6129 -1.0109 5.0000
v 1.9926 -2.8457 5.0000
v -0.6278 -4.6805 5.0000
v -3.2885 -6.5436 5.0000
v -6.0327 -8.4650 5.0000
v -8.9085 -10.4788 5.0000
v -11.9736 -12.6249 5.0000
v -12.2963 -12.8509 5.0000
v -12.3195 -12.8671 5.0000
v -12.3665 -12.9000 5.0000
v -12.3903 -12.9167 5.0000
v -12.4143 -12.9335 5.0000
v -12.4629 -12.9675 5.0000
v -12.4875 -12.9847 5.0000
v -12.5373 -13.0197 5.0000
v -12.5626 -13.0373 5.0000
v -12.6137 -13.0731 5.0000
v -12.6396 -13.0913 5.0000
v -12.6921 -13.1280 5.0000
v -12.7455 -13.1655 5.0000
v -12.7726 -13.1844 5.0000
v -12.8275 -13.2228 5.0000
v -12.8834 -13.2620 5.0000
v -12.9117 -13.2818 5.0000
v -12.9983 -13.3424 5.0000
v -13.7158 -13.8448 5.0000
v -14.0099 -14.0508 5.0000
v -14.1405 -14.1422 5.0000
v -14.5292 -14.4144 5.0000
v -13.4180 -15.6874 5.0000
v -13.2067 -15.9295 5.0000
v -8.4715 -21.3547 5.0000
v -6.9812 -23.0621 5.0000
v -5.0326 -25.2946 5.0000
v -2.3864 -28.3263 5.0000
v -1.6914 -29.1225 5.0000
v -1.6403 -29.1812 5.0000
v -1.5373 -29.2992 5.0000
v -1.4855 -29.3585 5.0000
v -1.4335 -29.4181 5.0000
v -1.3288 -29.5380 5.0000
v -1.2761 -29.5983 5.0000
v -1.1702 -29.7197 5.0000
v -1.1169 -29.7808 5.0000
v -1.0096 -29.9037 5.0000
v -0.9557 -29.9655 5.0000
v -0.8470 -30.0900 5.0000
v -0.7375 -30.2155 5.0000
v -0.6824 -30.2786 5.0000
v -0.5715 -30.4057 5.0000
v -0.4596 -30.5339 5.0000
v -0.4033 -30.5984 5.0000
v -0.2582 -30.7646 5.0000
v -0.2329 -30.7936 5.0000
v 1.0885 -32.3075 5.0000
v 1.5152 -32.7963 5.0000
v 1.6027 -32.8967 5.0000
v 1.8016 -33.1246 5.0000
v 2.4143 -33.8265 5.0000
v 3.1008 -34.5342 5.0000
v 3.4450 -34.8889 5.0000
v 4.5626 -36.0410 5.0000
v 5.8608 -37.3792 5.0000
v 7.0382 -38.5929 5.0000
v 8.1268 -39.7151 5.0000
v 9.1513 -40.7712 5.0000
v 10.1317 -41.7818 5.0000
v 11.0848 -42.7643 5.0000
v 12.0260 -43.7345 5.0000
v 12.9697 -44.7073 5.0000
v 13.9305 -45.6978 5.0000
v 14.9242 -46.7221 5.0000
v 15.9685 -47.7986 5.0000
v 17.0696 -48.9336 5.0000
v 17.0850 -48.9495 5.0000
v 17.1130 -48.9784 5.0000
v 17.2004 -49.0684 5.0000
v 17.2443 -49.1137 5.0000
v 17.2883 -49.1591 5.0000
v 17.3769 -49.2504 5.0000
v 17.4214 -49.2963 5.0000
v 17.5110 -49.3886 5.0000
v 17.5560 -49.4350 5.0000
v 17.6465 -49.5283 5.0000
v 17.6920 -49.5752 5.0000
v 17.7834 -49.6695 5.0000
v 17.8756 -49.7645 5.0000
v 17.9219 -49.8122 5.0000
v 18.0150 -49.9082 5.0000
v 18.1089 -50.0050 5.0000
v 18.1561 -50.0536 5.0000
v 18.2987 -50.2006 5.0000
v 18.3003 -50.2023 5.0000
v 19.3961 -51.3319 5.0000
v 19.6498 -51.5934 5.0000
v 19.8385 -51.7879 5.0000
v 19.9821 -51.9359 5.0000
v 20.4821 -52.4514 5.0000
v 21.1891 -53.0864 5.0000
v 21.2479 -53.1392 5.0000
v 22.9642 -54.6809 5.0000
v 25.0422 -56.5473 5.0000
v 27.5492 -58.7992 5.0000
v 30.6868 -61.6174 5.0000
v 34.7984 -65.3105 5.0000
v 37.6294 -67.8533 5.0000
v 38.2831 -68.4405 5.0000
v 38.3060 -68.4611 5.0000
v 38.3521 -68.5025 5.0000
v 38.3753 -68.5233 5.0000
v 38.3985 -68.5442 5.0000
v 38.4452 -68.5861 5.0000
v 38.4686 -68.6071 5.0000
v 38.5157 -68.6494 5.0000
v 38.5393 -68.6706 5.0000
v 38.5868 -68.7133 5.0000
v 38.6107 -68.7347 5.0000
v 38.6586 -68.7778 5.0000
v 38.7068 -68.8211 5.0000
v 38.7311 -68.8429 5.0000
v 38.7797 -68.8866 5.0000
v 38.8287 -68.9306 5.0000
v 38.8533 -68.9527 5.0000
v 38.9276 -69.0194 5.0000
v 39.4950 -69.5290 5.0000
v 39.7502 -69.7583 5.0000
v 39.7948 -69.7983 5.0000
v 40.0489 -70.0266 5.0000
v 40.2625 -70.0070 5.0000
v 40.3136 -70.0023 5.0000
v 44.2368 -69.6414 5.0000
v 47.3949 -69.3509 5.0000
v 47.4005 -69.3249 5.0000
v 48.6815 -63.4450 10.0000
v 47.6714 -68.0818 10.0000
v 49.0677 -61.6724 10.0000
v 48.9582 -61.2676 10.0000
v 48.8849 -60.9970 10.0000
v 48.8514 -60.8730 10.0000
v 48.7980 -60.6760 10.0000
v 48.6323 -60.0636 10.0000
v 48.6105 -59.9829 10.0000
v 48.6032 -59.9561 10.0000
v 48.5888 -59.9029 10.0000
v 48.5744 -59.8499 10.0000
v 48.5673 -59.8235 10.0000
v 48.5531 -59.7709 10.0000
v 48.5389 -59.7186 10.0000
v 48.5319 -59.6925 10.0000
v 48.5178 -59.6406 10.0000
v 48.5108 -59.6147 10.0000
v 48.4969 -59.5632 10.0000
v 48.4899 -59.5376 10.0000
v 48.4761 -59.4865 10.0000
v 48.4692 -59.4610 10.0000
v 48.4623 -59.4356 10.0000
v 48.4486 -59.3850 10.0000
v 48.4418 -59.3598 10.0000
v 48.0388 -57.8709 10.0000
v 47.3404 -55.2905 10.0000
v 46.6260 -52.6509 10.0000
v 45.5285 -48.5960 10.0000
v 44.6392 -45.3104 10.0000
v 44.6259 -45.2611 10.0000
v 44.2579 -44.3847 10.0000
v 44.0147 -43.8055 10.0000
v 43.9292 -43.6017 10.0000
v 43.7294 -43.1258 10.0000
v 43.3918 -42.3219 10.0000
v 43.1938 -41.8501 10.0000
v 43.1240 -41.6840 10.0000
v 43.1010 -41.6291 10.0000
v 43.0551 -41.5198 10.0000
v 43.0095 -41.4112 10.0000
v 42.9868 -41.3573 10.0000
v 42.9418 -41.2499 10.0000
v 42.8970 -41.1432 10.0000
v 42.8747 -41.0902 10.0000
v 42.8304 -40.9846 10.0000
v 42.8084 -40.9321 10.0000
v 42.7645 -40.8277 10.0000
v 42.7427 -40.7757 10.0000
v 42.6993 -40.6723 10.0000
v 42.6777 -40.6209 10.0000
v 42.6562 -40.5696 10.0000
v 42.6133 -40.4676 10.0000
v 42.5920 -40.4169 10.0000
v 42.3558 -39.8543 10.0000
v 41.4750 -37.7563 10.0000
v 40.7060 -35.9247 10.0000
v 40.0190 -34.2884 10.0000
v 39.3926 -32.7963 10.0000
v 38.8105 -31.4100 10.0000
v 38.2602 -30.0992 10.0000
v 37.7313 -28.8395 10.0000
v 37.2149 -27.6095 10.0000
v 36.7029 -26.3899 10.0000
v 36.1873 -25.1620 10.0000
v 35.6602 -23.9065 10.0000
v 35.1128 -22.6025 10.0000
v 34.5348 -21.2258 10.0000
v 34.0692 -20.1170 10.0000
v 33.8911 -19.7742 10.0000
v 33.4526 -18.9306 10.0000
v 33.1206 -18.2916 10.0000
v 33.0500 -18.1559 10.0000
v 32.9291 -17.9232 10.0000
v 32.5824 -17.2560 10.0000
v 32.2764 -16.6672 10.0000
v 31.7185 -15.5936 10.0000
v 31.6073 -15.3798 10.0000
v 31.5706 -15.3091 10.0000
v 31.4977 -15.1688 10.0000
v 31.4254 -15.0297 10.0000
v 31.3895 -14.9606 10.0000
v 31.3324 -14.8508 10.0000
v 31.3181 -14.8233 10.0000
v 31.2474 -14.6872 10.0000
v 31.2123 -14.6196 10.0000
v 31.1424 -14.4852 10.0000
v 31.1078 -14.4185 10.0000
v 31.0388 -14.2859 10.0000
v 31.0046 -14.2200 10.0000
v 30.9365 -14.0890 10.0000
v 30.9027 -14.0240 10.0000
v 30.8690 -13.9592 10.0000
v 30.8021 -13.8304 10.0000
v 30.7689 -13.7664 10.0000
v 30.2523 -12.7725 10.0000
v 28.9837 -10.3314 10.0000
v 27.4469 -7.3741 10.0000
v 25.5138 -3.6545 10.0000
v 24.0744 -0.8848 10.0000
v 22.9642 1.2514 10.0000
v 20.0189 6.9188 10.0000
v 19.5202 6.5696 10.0000
v 19.4403 6.5137 10.0000
v 19.0895 6.2681 10.0000
v 18.9990 6.2047 10.0000
v 18.7062 5.9997 10.0000
v 18.0587 5.5463 10.0000
v 17.9806 5.4916 10.0000
v 17.9551 5.4737 10.0000
v 17.9046 5.4384 10.0000
v 17.8551 5.4037 10.0000
v 17.8307 5.3866 10.0000
v 17.7824 5.3529 10.0000
v 17.7351 5.3197 10.0000
v 17.7117 5.3033 10.0000
v 17.6655 5.2710 10.0000
v 17.6428 5.2551 10.0000
v 17.5978 5.2236 10.0000
v 17.5756 5.2080 10.0000
v 17.5317 5.1773 10.0000
v 17.5101 5.1621 10.0000
v 17.4886 5.1471 10.0000
v 17.4462 5.1174 10.0000
v 17.4252 5.1027 10.0000
v 16.4073 4.3900 10.0000
v 13.5384 2.3812 10.0000
v 10.8467 0.4964 10.0000
v 8.2782 -1.3021 10.0000
v 5.7878 -3.0459 10.0000
v 3.3352 -4.7632 10.0000
v 0.8826 -6.4805 10.0000
v -1.6078 -8.2243 10.0000
v -4.1762 -10.0228 10.0000
v -6.8680 -11.9076 10.0000
v -9.7368 -13.9163 10.0000
v -10.0388 -14.1278 10.0000
v -10.0606 -14.1430 10.0000
v -10.1045 -14.1738 10.0000
v -10.1268 -14.1894 10.0000
v -10.1493 -14.2051 10.0000
v -10.1948 -14.2370 10.0000
v -10.2178 -14.2531 10.0000
v -10.2645 -14.2858 10.0000
v -10.2881 -14.3023 10.0000
v -10.3360 -14.3358 10.0000
v -10.3602 -14.3528 10.0000
v -10.4093 -14.3872 10.0000
v -10.4594 -14.4223 10.0000
v -10.4847 -14.4400 10.0000
v -10.5361 -14.4760 10.0000
v -10.5884 -14.5126 10.0000
v -10.6149 -14.5312 10.0000
v -10.6959 -14.5879 10.0000
v -11.3675 -15.0581 10.0000
v -11.6428 -15.2509 10.0000
v -11.7650 -15.3365 10.0000
v -12.1288 -15.5912 10.0000
v -12.7290 -16.0115 10.0000
v -12.5217 -16.2490 10.0000
v -7.8761 -21.5714 10.0000
v -6.4140 -23.2465 10.0000
v -4.5023 -25.4367 10.0000
v -1.9063 -28.4110 10.0000
v -1.2245 -29.1921 10.0000
v -1.1743 -29.2497 10.0000
v -1.0732 -29.3654 10.0000
v -1.0224 -29.4236 10.0000
v -0.9714 -29.4821 10.0000
v -0.8687 -29.5997 10.0000
v -0.8171 -29.6589 10.0000
v -0.7131 -29.7780 10.0000
v -0.6608 -29.8379 10.0000
v -0.5556 -29.9585 10.0000
v -0.5026 -30.0191 10.0000
v -0.3961 -30.1412 10.0000
v -0.2886 -30.2643 10.0000
v -0.2345 -30.3263 10.0000
v -0.1257 -30.4510 10.0000
v -0.0159 -30.5767 10.0000
v 0.0393 -30.6400 10.0000
v 0.1816 -30.8031 10.0000
v 0.2064 -30.8315 10.0000
v 1.5028 -32.3168 10.0000
v 1.9214 -32.7963 10.0000
v 2.0073 -32.8948 10.0000
v 2.2025 -33.1183 10.0000
v 2.8035 -33.8070 10.0000
v 3.4143 -34.5067 10.0000
v 3.7220 -34.8592 10.0000
v 4.8237 -35.9950 10.0000
v 6.1035 -37.3142 10.0000
v 7.2642 -38.5107 10.0000
v 8.3374 -39.6169 10.0000
v 9.3473 -40.6580 10.0000
v 10.3138 -41.6543 10.0000
v 11.2534 -42.6229 10.0000
v 12.1812 -43.5793 10.0000
v 13.1115 -44.5383 10.0000
v 14.0587 -45.5147 10.0000
v 15.0383 -46.5245 10.0000
v 16.0678 -47.5857 10.0000
v 17.1532 -48.7046 10.0000
v 17.1684 -48.7203 10.0000
v 17.1960 -48.7488 10.0000
v 17.2822 -48.8375 10.0000
v 17.3254 -48.8821 10.0000
v 17.3689 -48.9269 10.0000
v 17.4562 -49.0169 10.0000
v 17.5001 -49.0622 10.0000
v 17.5884 -49.1532 10.0000
v 17.6327 -49.1989 10.0000
v 17.7219 -49.2909 10.0000
v 17.7668 -49.3371 10.0000
v 17.8569 -49.4300 10.0000
v 17.9478 -49.5237 10.0000
v 17.9934 -49.5707 10.0000
v 18.0853 -49.6654 10.0000
v 18.1778 -49.7608 10.0000
v 18.2243 -49.8087 10.0000
v 18.3649 -49.9536 10.0000
v 18.3665 -49.9553 10.0000
v 19.4467 -51.0689 10.0000
v 19.6968 -51.3267 10.0000
v 19.8829 -51.5184 10.0000
v 20.0244 -51.6643 10.0000
v 20.5173 -52.1725 10.0000
v 21.2069 -52.8832 10.0000
v 21.2645 -52.9427 10.0000
v 22.9642 -54.4694 10.0000
v 25.0221 -56.3178 10.0000
v 27.5049 -58.5479 10.0000
v 30.6122 -61.3389 10.0000
v 34.6841 -64.9963 10.0000
v 37.4877 -67.5146 10.0000
v 38.1350 -68.0960 10.0000
v 38.1578 -68.1165 10.0000
v 38.2034 -68.1575 10.0000
v 38.2264 -68.1781 10.0000
v 38.2494 -68.1987 10.0000
v 38.2956 -68.2402 10.0000
v 38.3188 -68.2611 10.0000
v 38.3654 -68.3030 10.0000
v 38.3888 -68.3240 10.0000
v 38.4359 -68.3662 10.0000
v 38.4595 -68.3875 10.0000
v 38.5070 -68.4301 10.0000
v 38.5547 -68.4730 10.0000
v 38.5787 -68.4946 10.0000
v 38.6269 -68.5379 10.0000
v 38.6754 -68.5814 10.0000
v 38.6998 -68.6033 10.0000
v 38.7734 -68.6694 10.0000
v 39.3352 -69.1741 10.0000
v 39.5880 -69.4011 10.0000
v 39.6322 -69.4408 10.0000
v 39.8839 -69.6669 10.0000
v 40.2625 -70.0070 10.0000
v 40.3136 -70.0023 10.0000
v 44.2368 -69.6414 10.0000
v 47.3949 -69.3509 10.0000
v 47.4005 -69.3249 10.0000
v 48.6815 -63.4450 13.6000
v 47.6714 -68.0818 13.6000
v 49.0677 -61.6724 13.6000
v 49.1178 -61.4425 13.6000
v 49.1517 -61.2872 13.6000
v 49.1178 -61.1619 13.6000
v 49.0639 -60.9629 13.6000
v 48.8964 -60.3442 13.6000
v 48.8744 -60.2627 13.6000
v 48.8671 -60.2356 13.6000
v 48.8525 -60.1818 13.6000
v 48.8380 -60.1283 13.6000
v 48.8308 -60.1016 13.6000
v 48.8164 -60.0485 13.6000
v 48.8021 -59.9956 13.6000
v 48.7950 -59.9693 13.6000
v 48.7808 -59.9169 13.6000
v 48.7737 -59.8907 13.6000
v 48.7596 -59.8387 13.6000
v 48.7526 -59.8128 13.6000
v 48.7386 -59.7611 13.6000
v 48.7317 -59.7354 13.6000
v 48.7247 -59.7097 13.6000
v 48.7109 -59.6586 13.6000
v 48.7040 -59.6331 13.6000
v 48.2969 -58.1290 13.6000
v 47.5913 -55.5220 13.6000
v 46.8695 -52.8552 13.6000
v 45.7607 -48.7586 13.6000
v 44.8622 -45.4391 13.6000
v 44.8488 -45.3894 13.6000
v 44.6319 -44.5882 13.6000
v 44.4869 -44.0525 13.6000
v 44.3994 -43.8440 13.6000
v 44.1952 -43.3575 13.6000
v 43.8501 -42.5355 13.6000
v 43.6475 -42.0532 13.6000
v 43.5763 -41.8834 13.6000
v 43.5527 -41.8272 13.6000
v 43.5057 -41.7154 13.6000
v 43.4591 -41.6045 13.6000
v 43.4360 -41.5493 13.6000
v 43.3899 -41.4395 13.6000
v 43.3441 -41.3304 13.6000
v 43.3213 -41.2762 13.6000
v 43.2760 -41.1683 13.6000
v 43.2535 -41.1146 13.6000
v 43.2086 -41.0078 13.6000
v 43.1863 -40.9547 13.6000
v 43.1420 -40.8490 13.6000
v 43.1199 -40.7964 13.6000
v 43.0979 -40.7440 13.6000
v 43.0541 -40.6397 13.6000
v 43.0323 -40.5878 13.6000
v 42.7908 -40.0126 13.6000
v 41.8902 -37.8675 13.6000
v 41.1040 -35.9949 13.6000
v 40.4016 -34.3219 13.6000
v 39.7611 -32.7963 13.6000
v 39.1660 -31.3789 13.6000
v 38.6033 -30.0387 13.6000
v 38.0626 -28.7507 13.6000
v 37.5346 -27.4932 13.6000
v 37.0110 -26.2462 13.6000
v 36.4839 -24.9907 13.6000
v 35.9450 -23.7071 13.6000
v 35.3853 -22.3739 13.6000
v 34.7943 -20.9663 13.6000
v 34.3183 -19.8326 13.6000
v 34.1595 -19.4543 13.6000
v 33.7658 -18.5166 13.6000
v 33.4649 -17.7998 13.6000
v 33.4007 -17.6469 13.6000
v 33.2756 -17.4062 13.6000
v 32.9168 -16.7158 13.6000
v 32.6001 -16.1065 13.6000
v 32.0228 -14.9956 13.6000
v 31.9078 -14.7743 13.6000
v 31.8698 -14.7012 13.6000
v 31.7943 -14.5560 13.6000
v 31.7195 -14.4120 13.6000
v 31.6824 -14.3405 13.6000
v 31.6233 -14.2269 13.6000
v 31.6085 -14.1985 13.6000
v 31.5353 -14.0576 13.6000
v 31.4990 -13.9877 13.6000
v 31.4267 -13.8487 13.6000
v 31.3909 -13.7796 13.6000
v 31.3195 -13.6424 13.6000
v 31.2841 -13.5742 13.6000
v 31.2137 -13.4387 13.6000
v 31.1787 -13.3713 13.6000
v 31.1439 -13.3043 13.6000
v 31.0746 -13.1711 13.6000
v 31.0402 -13.1048 13.6000
v 30.5057 -12.0763 13.6000
v 29.1930 -9.5504 13.6000
v 27.6027 -6.4903 13.6000
v 25.6024 -2.6414 13.6000
v 24.1130 0.2246 13.6000
v 22.9642 2.4350 13.6000
v 19.9165 8.2995 13.6000
v 19.2579 9.5667 13.6000
v 19.1475 9.7792 13.6000
v 18.6454 10.7454 13.6000
v 18.5446 10.6747 13.6000
v 18.2182 10.4462 13.6000
v 17.4965 9.9409 13.6000
v 17.4094 9.8799 13.6000
v 17.3809 9.8600 13.6000
v 17.3247 9.8206 13.6000
v 17.2695 9.7820 13.6000
v 17.2423 9.7629 13.6000
v 17.1886 9.7253 13.6000
v 17.1357 9.6883 13.6000
v 17.1097 9.6700 13.6000
v 17.0582 9.6340 13.6000
v 17.0328 9.6162 13.6000
v 16.9827 9.5811 13.6000
v 16.9580 9.5638 13.6000
v 16.9091 9.5296 13.6000
v 16.8849 9.5127 13.6000
v 16.8610 9.4959 13.6000
v 16.8137 9.4628 13.6000
v 16.7904 9.4464 13.6000
v 15.6558 8.6520 13.6000
v 12.4581 6.4130 13.6000
v 9.4579 4.3122 13.6000
v 6.5950 2.3076 13.6000
v 3.8192 0.3639 13.6000
v 1.0855 -1.5502 13.6000
v -1.6482 -3.4644 13.6000
v -4.4240 -5.4080 13.6000
v -7.2869 -7.4126 13.6000
v -10.2872 -9.5134 13.6000
v -13.4848 -11.7525 13.6000
v -13.8214 -11.9881 13.6000
v -13.8456 -12.0051 13.6000
v -13.8947 -12.0394 13.6000
v -13.9195 -12.0568 13.6000
v -13.9445 -12.0744 13.6000
v -13.9952 -12.1099 13.6000
v -14.0209 -12.1278 13.6000
v -14.0729 -12.1642 13.6000
v -14.0992 -12.1827 13.6000
v -14.1526 -12.2200 13.6000
v -14.1796 -12.2390 13.6000
v -14.2344 -12.2773 13.6000
v -14.2901 -12.3164 13.6000
v -14.3184 -12.3361 13.6000
v -14.3756 -12.3762 13.6000
v -14.4339 -12.4170 13.6000
v -14.4635 -12.4377 13.6000
v -14.5538 -12.5010 13.6000
v -15.3023 -13.0251 13.6000
v -15.6092 -13.2400 13.6000
v -15.7454 -13.3354 13.6000
v -15.0090 -14.1792 13.6000
v -13.8836 -15.4685 13.6000
v -13.6696 -15.7137 13.6000
v -8.8737 -21.2082 13.6000
v -7.3643 -22.9376 13.6000
v -5.3908 -25.1986 13.6000
v -2.7108 -28.2691 13.6000
v -2.0069 -29.0755 13.6000
v -1.9551 -29.1349 13.6000
v -1.8508 -29.2544 13.6000
v -1.7983 -29.3145 13.6000
v -1.7456 -29.3749 13.6000
v -1.6396 -29.4963 13.6000
v -1.5863 -29.5574 13.6000
v -1.4790 -29.6804 13.6000
v -1.4250 -29.7422 13.6000
v -1.3164 -29.8667 13.6000
v -1.2617 -29.9293 13.6000
v -1.1517 -30.0553 13.6000
v -1.0408 -30.1824 13.6000
v -0.9850 -30.2464 13.6000
v -0.8726 -30.3751 13.6000
v -0.7593 -30.5049 13.6000
v -0.7023 -30.5703 13.6000
v -0.5553 -30.7386 13.6000
v -0.5297 -30.7680 13.6000
v 0.8086 -32.3013 13.6000
v 1.2407 -32.7963 13.6000
v 1.3294 -32.8979 13.6000
v 1.5309 -33.1288 13.6000
v 2.2173 -33.8364 13.6000
v 2.9104 -34.5508 13.6000
v 3.2578 -34.9090 13.6000
v 4.3862 -36.0721 13.6000
v 5.6968 -37.4231 13.6000
v 6.8855 -38.6485 13.6000
v 7.9846 -39.7815 13.6000
v 9.0189 -40.8477 13.6000
v 10.0086 -41.8679 13.6000
v 10.9709 -42.8599 13.6000
v 11.9211 -43.8394 13.6000
v 12.8739 -44.8215 13.6000
v 13.8439 -45.8215 13.6000
v 14.8471 -46.8556 13.6000
v 15.9015 -47.9425 13.6000
v 17.0130 -49.0883 13.6000
v 17.0286 -49.1043 13.6000
v 17.0569 -49.1335 13.6000
v 17.1451 -49.2244 13.6000
v 17.1894 -49.2701 13.6000
v 17.2339 -49.3160 13.6000
v 17.3234 -49.4082 13.6000
v 17.3683 -49.4545 13.6000
v 17.4587 -49.5477 13.6000
v 17.5041 -49.5945 13.6000
v 17.5955 -49.6887 13.6000
v 17.6414 -49.7360 13.6000
v 17.7338 -49.8312 13.6000
v 17.8268 -49.9271 13.6000
v 17.8735 -49.9753 13.6000
v 17.9676 -50.0723 13.6000
v 18.0623 -50.1700 13.6000
v 18.1100 -50.2191 13.6000
v 18.2539 -50.3675 13.6000
v 18.2556 -50.3692 13.6000
v 19.3619 -51.5096 13.6000
v 19.6180 -51.7736 13.6000
v 19.8085 -51.9700 13.6000
v 19.9535 -52.1194 13.6000
v 20.4659 -52.5797 13.6000
v 21.1775 -53.2188 13.6000
v 21.2367 -53.2720 13.6000
v 22.9642 -54.8237 13.6000
v 25.0557 -56.7023 13.6000
v 27.5792 -58.9689 13.6000
v 30.7372 -61.8055 13.6000
v 34.8757 -65.5228 13.6000
v 37.7251 -68.0821 13.6000
v 38.3831 -68.6732 13.6000
v 38.4062 -68.6939 13.6000
v 38.4526 -68.7356 13.6000
v 38.4759 -68.7565 13.6000
v 38.4993 -68.7775 13.6000
v 38.5462 -68.8197 13.6000
v 38.5698 -68.8409 13.6000
v 38.6172 -68.8834 13.6000
v 38.6410 -68.9048 13.6000
v 38.6888 -68.9478 13.6000
v 38.7128 -68.9693 13.6000
v 38.7611 -69.0127 13.6000
v 38.8096 -69.0563 13.6000
v 38.8340 -69.0782 13.6000
v 38.8830 -69.1222 13.6000
v 38.9323 -69.1665 13.6000
v 38.9571 -69.1887 13.6000
v 39.0318 -69.2559 13.6000
v 39.6029 -69.7688 13.6000
v 39.8598 -69.9996 13.6000
v 39.9047 -70.0399 13.6000
v 40.0489 -70.0266 13.6000
v 40.2625 -70.0070 13.6000
v 40.3136 -70.0023 13.6000
v 44.2368 -69.6414 13.6000
v 47.3949 -69.3509 13.6000
v 47.4005 -69.3249 13.6000
v 48.6815 -63.4450 17.2000
v 47.6714 -68.0818 17.2000
v 49.0677 -61.6724 17.2000
v 49.1178 -61.4425 17.2000
v 49.1517 -61.2872 17.2000
v 49.1673 -61.2156 17.2000
v 49.1922 -61.1013 17.2000
v 49.2705 -60.7416 17.2000
v 49.2482 -60.6589 17.2000
v 49.2407 -60.6315 17.2000
v 49.2260 -60.5769 17.2000
v 49.2113 -60.5226 17.2000
v 49.2039 -60.4955 17.2000
v 49.1893 -60.4416 17.2000
v 49.1748 -60.3880 17.2000
v 49.1676 -60.3613 17.2000
v 49.1532 -60.3081 17.2000
v 49.1460 -60.2816 17.2000
v 49.1317 -60.2288 17.2000
v 49.1246 -60.2025 17.2000
v 49.1104 -60.1501 17.2000
v 49.1034 -60.1240 17.2000
v 49.0963 -60.0980 17.2000
v 49.0823 -60.0461 17.2000
v 49.0753 -60.0203 17.2000
v 48.6623 -58.4944 17.2000
v 47.9465 -55.8499 17.2000
v 47.2143 -53.1446 17.2000
v 46.0895 -48.9888 17.2000
v 45.1781 -45.6215 17.2000
v 45.1645 -45.5710 17.2000
v 44.9445 -44.7583 17.2000
v 44.7974 -44.2149 17.2000
v 44.7453 -44.0223 17.2000
v 44.6230 -43.5704 17.2000
v 44.4141 -42.7986 17.2000
v 44.2902 -42.3408 17.2000
v 44.2167 -42.1657 17.2000
v 44.1924 -42.1078 17.2000
v 44.1440 -41.9926 17.2000
v 44.0959 -41.8782 17.2000
v 44.0721 -41.8212 17.2000
v 44.0245 -41.7080 17.2000
v 43.9773 -41.5956 17.2000
v 43.9538 -41.5397 17.2000
v 43.9071 -41.4284 17.2000
v 43.8839 -41.3731 17.2000
v 43.8377 -41.2630 17.2000
v 43.8147 -41.2082 17.2000
v 43.7689 -41.0992 17.2000
v 43.7461 -41.0450 17.2000
v 43.7235 -40.9909 17.2000
v 43.6783 -40.8834 17.2000
v 43.6558 -40.8299 17.2000
v 43.4068 -40.2368 17.2000
v 42.4783 -38.0251 17.2000
v 41.6676 -36.0942 17.2000
v 40.9434 -34.3693 17.2000
v 40.2830 -32.7963 17.2000
v 39.6694 -31.3348 17.2000
v 39.0892 -29.9531 17.2000
v 38.5317 -28.6250 17.2000
v 37.9873 -27.3284 17.2000
v 37.4475 -26.0427 17.2000
v 36.9040 -24.7482 17.2000
v 36.3483 -23.4247 17.2000
v 35.7712 -22.0500 17.2000
v 35.1619 -20.5987 17.2000
v 34.6711 -19.4298 17.2000
v 34.5074 -19.0398 17.2000
v 34.1014 -18.0729 17.2000
v 33.7912 -17.3339 17.2000
v 33.7249 -17.1762 17.2000
v 33.6112 -16.9053 17.2000
v 33.2831 -16.1238 17.2000
v 32.9913 -15.4289 17.2000
v 32.4538 -14.1486 17.2000
v 32.3334 -13.9168 17.2000
v 32.2936 -13.8402 17.2000
v 32.2145 -13.6881 17.2000
v 32.1361 -13.5373 17.2000
v 32.0972 -13.4624 17.2000
v 32.0353 -13.3433 17.2000
v 32.0198 -13.3135 17.2000
v 31.9432 -13.1660 17.2000
v 31.9051 -13.0927 17.2000
v 31.8294 -12.9471 17.2000
v 31.7918 -12.8747 17.2000
v 31.7171 -12.7310 17.2000
v 31.6800 -12.6596 17.2000
v 31.6062 -12.5176 17.2000
v 31.5696 -12.4471 17.2000
v 31.5331 -12.3768 17.2000
v 31.4605 -12.2373 17.2000
v 31.4245 -12.1679 17.2000
v 30.8645 -11.0905 17.2000
v 29.4893 -8.4443 17.2000
v 27.8234 -5.2387 17.2000
v 25.7280 -1.2066 17.2000
v 24.1677 1.7957 17.2000
v 22.9642 4.1114 17.2000
v 19.7715 10.2549 17.2000
v 19.0816 11.5824 17.2000
v 18.9659 11.8051 17.2000
v 18.4399 12.8171 17.2000
v 18.2992 13.0879 17.2000
v 17.8289 13.9928 17.2000
v 16.7002 16.1647 17.2000
v 16.6005 16.0949 17.2000
v 16.5678 16.0720 17.2000
v 16.5034 16.0269 17.2000
v 16.4402 15.9826 17.2000
v 16.4090 15.9608 17.2000
v 16.3474 15.9177 17.2000
v 16.2869 15.8753 17.2000
v 16.2571 15.8544 17.2000
v 16.1982 15.8131 17.2000
v 16.1691 15.7928 17.2000
v 16.1116 15.7526 17.2000
v 16.0833 15.7327 17.2000
v 16.0273 15.6935 17.2000
v 15.9996 15.6741 17.2000
v 15.9722 15.6549 17.2000
v 15.9180 15.6170 17.2000
v 15.8913 15.5983 17.2000
v 14.5914 14.6881 17.2000
v 10.9281 12.1230 17.2000
v 7.4909 9.7163 17.2000
v 4.2112 7.4198 17.2000
v 1.0311 5.1930 17.2000
v -2.1007 3.0001 17.2000
v -5.2325 0.8072 17.2000
v -8.4126 -1.4195 17.2000
v -11.6923 -3.7160 17.2000
v -15.1296 -6.1228 17.2000
v -18.7929 -8.6878 17.2000
v -19.1785 -8.9578 17.2000
v -19.2062 -8.9773 17.2000
v -19.2624 -9.0166 17.2000
v -19.2909 -9.0365 17.2000
v -19.3195 -9.0566 17.2000
v -19.3776 -9.0973 17.2000
v -19.4070 -9.1179 17.2000
v -19.4666 -9.1596 17.2000
v -19.4968 -9.1807 17.2000
v -19.5579 -9.2235 17.2000
v -19.5889 -9.2452 17.2000
v -19.6516 -9.2891 17.2000
v -19.7155 -9.3339 17.2000
v -19.7478 -9.3565 17.2000
v -19.8134 -9.4024 17.2000
v -19.8802 -9.4492 17.2000
v -19.9141 -9.4729 17.2000
v -20.0175 -9.5454 17.2000
v -18.3585 -11.4460 17.2000
v -17.7322 -12.1637 17.2000
v -17.4633 -12.4718 17.2000
v -16.6941 -13.3530 17.2000
v -15.5188 -14.6996 17.2000
v -15.2953 -14.9556 17.2000
v -10.2866 -20.6940 17.2000
v -8.7102 -22.5001 17.2000
v -6.6491 -24.8614 17.2000
v -3.8502 -28.0682 17.2000
v -3.1151 -28.9104 17.2000
v -3.0609 -28.9724 17.2000
v -2.9520 -29.0972 17.2000
v -2.8972 -29.1600 17.2000
v -2.8422 -29.2230 17.2000
v -2.7315 -29.3499 17.2000
v -2.6758 -29.4137 17.2000
v -2.5637 -29.5421 17.2000
v -2.5074 -29.6067 17.2000
v -2.3939 -29.7367 17.2000
v -2.3368 -29.8021 17.2000
v -2.2219 -29.9337 17.2000
v -2.1061 -30.0664 17.2000
v -2.0478 -30.1332 17.2000
v -1.9304 -30.2677 17.2000
v -1.8121 -30.4033 17.2000
v -1.7525 -30.4715 17.2000
v -1.5991 -30.6473 17.2000
v -1.5723 -30.6780 17.2000
v -0.0154 -32.2829 17.2000
v 0.4827 -32.7963 17.2000
v 0.5847 -32.9014 17.2000
v 0.8159 -33.1398 17.2000
v 1.5253 -33.8711 17.2000
v 2.2415 -34.6093 17.2000
v 2.6005 -34.9795 17.2000
v 3.7665 -36.1814 17.2000
v 5.1208 -37.5775 17.2000
v 6.3492 -38.8437 17.2000
v 7.4849 -40.0144 17.2000
v 8.5537 -41.1162 17.2000
v 9.5765 -42.1705 17.2000
v 10.5709 -43.1956 17.2000
v 11.5528 -44.2078 17.2000
v 12.5373 -45.2226 17.2000
v 13.5397 -46.2559 17.2000
v 14.5764 -47.3245 17.2000
v 15.6659 -48.4477 17.2000
v 16.8145 -49.6317 17.2000
v 16.8306 -49.6483 17.2000
v 16.8599 -49.6785 17.2000
v 16.9510 -49.7724 17.2000
v 16.9968 -49.8196 17.2000
v 17.0428 -49.8670 17.2000
v 17.1352 -49.9623 17.2000
v 17.1817 -50.0102 17.2000
v 17.2751 -50.1064 17.2000
v 17.3220 -50.1548 17.2000
v 17.4164 -50.2522 17.2000
v 17.4639 -50.3011 17.2000
v 17.5593 -50.3995 17.2000
v 17.6554 -50.4985 17.2000
v 17.7037 -50.5484 17.2000
v 17.8009 -50.6485 17.2000
v 17.8988 -50.7495 17.2000
v 17.9481 -50.8002 17.2000
v 18.0968 -50.9536 17.2000
v 18.0986 -50.9551 17.2000
v 19.2667 -52.0043 17.2000
v 19.5349 -52.2452 17.2000
v 19.7338 -52.4239 17.2000
v 19.8849 -52.5597 17.2000
v 20.4090 -53.0304 17.2000
v 21.1368 -53.6841 17.2000
v 21.1974 -53.7385 17.2000
v 22.9642 -55.3255 17.2000
v 25.1034 -57.2470 17.2000
v 27.6843 -59.5652 17.2000
v 30.9143 -62.4664 17.2000
v 35.1470 -66.2683 17.2000
v 38.0614 -68.8860 17.2000
v 38.7343 -69.4905 17.2000
v 38.7580 -69.5117 17.2000
v 38.8054 -69.5543 17.2000
v 38.8293 -69.5758 17.2000
v 38.8532 -69.5972 17.2000
v 38.9012 -69.6404 17.2000
v 38.9253 -69.6620 17.2000
v 38.9738 -69.7056 17.2000
v 38.9981 -69.7274 17.2000
v 39.0470 -69.7714 17.2000
v 39.0716 -69.7934 17.2000
v 39.1209 -69.8377 17.2000
v 39.1706 -69.8823 17.2000
v 39.1955 -69.9047 17.2000
v 39.2456 -69.9498 17.2000
v 39.2961 -69.9950 17.2000
v 39.3214 -70.0178 17.2000
v 39.3979 -70.0865 17.2000
v 39.7320 -70.0558 17.2000
v 39.8792 -70.0422 17.2000
v 39.9047 -70.0399 17.2000
v 40.0489 -70.0266 17.2000
v 40.2625 -70.0070 17.2000
v 40.3136 -70.0023 17.2000
v 44.2368 -69.6414 17.2000
v 47.3949 -69.3509 17.2000
v 47.4005 -69.3249 17.2000
v 48.6815 -63.4450 20.8000
v 47.6714 -68.0818 20.8000
v 49.0677 -61.6724 20.8000
v 49.1178 -61.4425 20.8000
v 49.1517 -61.2872 20.8000
v 49.1673 -61.2156 20.8000
v 49.1922 -61.1013 20.8000
v 49.2705 -60.7416 20.8000
v 49.2810 -60.6937 20.8000
v 49.2735 -60.6662 20.8000
v 49.2587 -60.6116 20.8000
v 49.2440 -60.5572 20.8000
v 49.2367 -60.5301 20.8000
v 49.2221 -60.4761 20.8000
v 49.2076 -60.4224 20.8000
v 49.2003 -60.3957 20.8000
v 49.1859 -60.3424 20.8000
v 49.1787 -60.3159 20.8000
v 49.1644 -60.2630 20.8000
v 49.1573 -60.2367 20.8000
v 49.1431 -60.1843 20.8000
v 49.1360 -60.1581 20.8000
v 49.1290 -60.1321 20.8000
v 49.1149 -60.0801 20.8000
v 49.1079 -60.0543 20.8000
v 48.6944 -58.5265 20.8000
v 47.9777 -55.8786 20.8000
v 47.2446 -53.1700 20.8000
v 46.1184 -49.0091 20.8000
v 45.2059 -45.6375 20.8000
v 45.1922 -45.5870 20.8000
v 44.9720 -44.7733 20.8000
v 44.8247 -44.2291 20.8000
v 44.7725 -44.0363 20.8000
v 44.6500 -43.5838 20.8000
v 44.4409 -42.8110 20.8000
v 44.3168 -42.3527 20.8000
v 44.2729 -42.1905 20.8000
v 44.2485 -42.1324 20.8000
v 44.2000 -42.0169 20.8000
v 44.1518 -41.9022 20.8000
v 44.1279 -41.8451 20.8000
v 44.0802 -41.7316 20.8000
v 44.0329 -41.6189 20.8000
v 44.0094 -41.5628 20.8000
v 43.9625 -41.4513 20.8000
v 43.9392 -41.3958 20.8000
v 43.8929 -41.2854 20.8000
v 43.8698 -41.2304 20.8000
v 43.8239 -41.1212 20.8000
v 43.8011 -41.0668 20.8000
v 43.7784 -41.0126 20.8000
v 43.7331 -40.9048 20.8000
v 43.7106 -40.8512 20.8000
v 43.4609 -40.2565 20.8000
v 42.5299 -38.0389 20.8000
v 41.7171 -36.1030 20.8000
v 40.9910 -34.3735 20.8000
v 40.3288 -32.7963 20.8000
v 39.7136 -31.3309 20.8000
v 39.1319 -29.9455 20.8000
v 38.5729 -28.6140 20.8000
v 38.0270 -27.3139 20.8000
v 37.4858 -26.0248 20.8000
v 36.9409 -24.7269 20.8000
v 36.3837 -23.3999 20.8000
v 35.8051 -22.0216 20.8000
v 35.1941 -20.5664 20.8000
v 34.7021 -19.3945 20.8000
v 34.5379 -19.0034 20.8000
v 34.1309 -18.0339 20.8000
v 33.8198 -17.2930 20.8000
v 33.7534 -17.1349 20.8000
v 33.6394 -16.8632 20.8000
v 33.3104 -16.0797 20.8000
v 33.0179 -15.3829 20.8000
v 32.4789 -14.0993 20.8000
v 32.3707 -13.8415 20.8000
v 32.3308 -13.7646 20.8000
v 32.2514 -13.6119 20.8000
v 32.1727 -13.4605 20.8000
v 32.1336 -13.3853 20.8000
v 32.0715 -13.2658 20.8000
v 32.0560 -13.2359 20.8000
v 31.9790 -13.0877 20.8000
v 31.9407 -13.0142 20.8000
v 31.8648 -12.8680 20.8000
v 31.8270 -12.7953 20.8000
v 31.7520 -12.6510 20.8000
v 31.7147 -12.5793 20.8000
v 31.6407 -12.4367 20.8000
v 31.6039 -12.3659 20.8000
v 31.5672 -12.2954 20.8000
v 31.4944 -12.1553 20.8000
v 31.4582 -12.0856 20.8000
v 30.8960 -11.0039 20.8000
v 29.5154 -8.3472 20.8000
v 27.8428 -5.1288 20.8000
v 25.7390 -1.0807 20.8000
v 24.1725 1.9337 20.8000
v 22.9642 4.2586 20.8000
v 19.7588 10.4266 20.8000
v 19.0661 11.7594 20.8000
v 18.9500 11.9829 20.8000
v 18.4219 12.9990 20.8000
v 18.2806 13.2708 20.8000
v 17.8085 14.1794 20.8000
v 16.6753 16.3599 20.8000
v 16.5295 16.6404 20.8000
v 16.4965 16.6173 20.8000
v 16.4314 16.5717 20.8000
v 16.3674 16.5269 20.8000
v 16.3359 16.5049 20.8000
v 16.2736 16.4613 20.8000
v 16.2124 16.4184 20.8000
v 16.1822 16.3973 20.8000
v 16.1226 16.3556 20.8000
v 16.0932 16.3350 20.8000
v 16.0352 16.2943 20.8000
v 16.0065 16.2742 20.8000
v 15.9499 16.2346 20.8000
v 15.9219 16.2150 20.8000
v 15.8942 16.1956 20.8000
v 15.8394 16.1572 20.8000
v 15.8124 16.1383 20.8000
v 14.4980 15.2180 20.8000
v 10.7938 12.6243 20.8000
v 7.3183 10.1907 20.8000
v 4.0019 7.8685 20.8000
v 0.7863 5.6170 20.8000
v -2.3804 3.3996 20.8000
v -5.5471 1.1822 20.8000
v -8.7627 -1.0694 20.8000
v -12.0791 -3.3915 20.8000
v -15.5546 -5.8251 20.8000
v -19.2588 -8.4188 20.8000
v -19.6488 -8.6918 20.8000
v -19.6768 -8.7115 20.8000
v -19.7336 -8.7513 20.8000
v -19.7624 -8.7714 20.8000
v -19.7914 -8.7917 20.8000
v -19.8501 -8.8328 20.8000
v -19.8798 -8.8536 20.8000
v -19.9401 -8.8958 20.8000
v -19.9706 -8.9172 20.8000
v -20.0324 -8.9605 20.8000
v -20.0637 -8.9824 20.8000
v -20.1272 -9.0268 20.8000
v -20.1917 -9.0720 20.8000
v -20.2245 -9.0949 20.8000
v -20.2908 -9.1414 20.8000
v -20.3583 -9.1887 20.8000
v -20.3925 -9.2126 20.8000
v -20.1779 -9.4586 20.8000
v -18.5127 -11.3664 20.8000
v -17.8840 -12.0867 20.8000
v -17.6141 -12.3959 20.8000
v -16.8420 -13.2805 20.8000
v -15.6623 -14.6320 20.8000
v -15.4380 -14.8891 20.8000
v -10.4107 -20.6489 20.8000
v -8.8284 -22.4617 20.8000
v -6.7596 -24.8318 20.8000
v -3.9502 -28.0506 20.8000
v -3.2124 -28.8959 20.8000
v -3.1580 -28.9582 20.8000
v -3.0487 -29.0834 20.8000
v -2.9937 -29.1465 20.8000
v -2.9385 -29.2097 20.8000
v -2.8273 -29.3370 20.8000
v -2.7714 -29.4011 20.8000
v -2.6590 -29.5299 20.8000
v -2.6024 -29.5948 20.8000
v -2.4885 -29.7253 20.8000
v -2.4312 -29.7909 20.8000
v -2.3159 -29.9230 20.8000
v -2.1996 -30.0563 20.8000
v -2.1411 -30.1233 20.8000
v -2.0233 -30.2582 20.8000
v -1.9045 -30.3943 20.8000
v -1.8447 -30.4628 20.8000
v -1.6719 -30.6409 20.8000
v -1.6418 -30.6720 20.8000
v -0.0805 -32.2814 20.8000
v 0.4190 -32.7963 20.8000
v 0.5213 -32.9017 20.8000
v 0.7532 -33.1408 20.8000
v 1.4645 -33.8741 20.8000
v 2.1828 -34.6145 20.8000
v 2.5428 -34.9856 20.8000
v 3.7121 -36.1910 20.8000
v 5.0703 -37.5910 20.8000
v 6.3021 -38.8608 20.8000
v 7.4411 -40.0349 20.8000
v 8.5129 -41.1398 20.8000
v 9.5386 -42.1971 20.8000
v 10.5358 -43.2250 20.8000
v 11.5205 -44.2401 20.8000
v 12.5078 -45.2578 20.8000
v 13.5130 -46.2941 20.8000
v 14.5526 -47.3657 20.8000
v 15.6452 -48.4920 20.8000
v 16.7971 -49.6794 20.8000
v 16.8132 -49.6961 20.8000
v 16.8426 -49.7263 20.8000
v 16.9340 -49.8205 20.8000
v 16.9799 -49.8679 20.8000
v 17.0260 -49.9154 20.8000
v 17.1187 -50.0109 20.8000
v 17.1653 -50.0589 20.8000
v 17.2589 -50.1555 20.8000
v 17.3060 -50.2040 20.8000
v 17.4007 -50.3016 20.8000
v 17.4483 -50.3507 20.8000
v 17.5440 -50.4493 20.8000
v 17.6404 -50.5487 20.8000
v 17.6888 -50.5987 20.8000
v 17.7863 -50.6991 20.8000
v 17.8845 -50.8003 20.8000
v 17.9338 -50.8512 20.8000
v 18.0873 -50.9891 20.8000
v 18.0891 -50.9906 20.8000
v 19.2594 -52.0419 20.8000
v 19.5282 -52.2833 20.8000
v 19.7275 -52.4623 20.8000
v 19.8789 -52.5983 20.8000
v 20.4040 -53.0699 20.8000
v 21.1332 -53.7249 20.8000
v 21.1939 -53.7794 20.8000
v 22.9642 -55.3696 20.8000
v 25.1076 -57.2948 20.8000
v 27.6935 -59.6175 20.8000
v 30.9299 -62.5244 20.8000
v 35.1709 -66.3338 20.8000
v 38.0909 -68.9566 20.8000
v 38.7652 -69.5622 20.8000
v 38.7888 -69.5835 20.8000
v 38.8364 -69.6262 20.8000
v 38.8603 -69.6477 20.8000
v 38.8842 -69.6692 20.8000
v 38.9324 -69.7124 20.8000
v 38.9565 -69.7341 20.8000
v 39.0051 -69.7777 20.8000
v 39.0295 -69.7996 20.8000
v 39.0785 -69.8437 20.8000
v 39.1031 -69.8658 20.8000
v 39.1525 -69.9102 20.8000
v 39.2023 -69.9549 20.8000
v 39.2273 -69.9773 20.8000
v 39.2775 -70.0224 20.8000
v 39.3280 -70.0678 20.8000
v 39.3534 -70.0906 20.8000
v 39.3979 -70.0865 20.8000
v 39.7320 -70.0558 20.8000
v 39.8792 -70.0422 20.8000
v 39.9047 -70.0399 20.8000
v 40.0489 -70.0266 20.8000
v 40.2625 -70.0070 20.8000
v 40.3136 -70.0023 20.8000
v 44.2368 -69.6414 20.8000
v 47.3949 -69.3509 20.8000
v 47.4005 -69.3249 20.8000
v 48.6815 -63.4450 24.4000
v 47.6714 -68.0818 24.4000
v 49.0677 -61.6724 24.4000
v 49.1178 -61.4425 24.4000
v 49.1517 -61.2872 24.4000
v 49.1673 -61.2156 24.4000
v 49.1922 -61.1013 24.4000
v 49.2705 -60.7416 24.4000
v 49.2810 -60.6937 24.4000
v 49.2844 -60.6778 24.4000
v 49.2696 -60.6231 24.4000
v 49.2549 -60.5687 24.4000
v 49.2476 -60.5416 24.4000
v 49.2330 -60.4876 24.4000
v 49.2184 -60.4339 24.4000
v 49.2112 -60.4071 24.4000
v 49.1968 -60.3538 24.4000
v 49.1896 -60.3273 24.4000
v 49.1753 -60.2744 24.4000
v 49.1681 -60.2481 24.4000
v 49.1539 -60.1956 24.4000
v 49.1468 -60.1695 24.4000
v 49.1398 -60.1434 24.4000
v 49.1257 -60.0914 24.4000
v 49.1187 -60.0655 24.4000
v 48.7050 -58.5371 24.4000
v 47.9881 -55.8882 24.4000
v 47.2547 -53.1784 24.4000
v 46.1280 -49.0158 24.4000
v 45.2151 -45.6429 24.4000
v 45.2014 -45.5923 24.4000
v 44.9811 -44.7782 24.4000
v 44.8337 -44.2339 24.4000
v 44.7815 -44.0410 24.4000
v 44.6590 -43.5883 24.4000
v 44.4498 -42.8152 24.4000
v 44.3256 -42.3567 24.4000
v 44.2817 -42.1944 24.4000
v 44.2672 -42.1406 24.4000
v 44.2186 -42.0250 24.4000
v 44.1704 -41.9102 24.4000
v 44.1464 -41.8531 24.4000
v 44.0987 -41.7394 24.4000
v 44.0514 -41.6266 24.4000
v 44.0278 -41.5705 24.4000
v 43.9809 -41.4588 24.4000
v 43.9576 -41.4033 24.4000
v 43.9112 -41.2928 24.4000
v 43.8881 -41.2378 24.4000
v 43.8422 -41.1285 24.4000
v 43.8194 -41.0740 24.4000
v 43.7966 -41.0198 24.4000
v 43.7513 -40.9119 24.4000
v 43.7288 -40.8582 24.4000
v 43.4789 -40.2630 24.4000
v 42.5470 -38.0435 24.4000
v 41.7335 -36.1059 24.4000
v 41.0067 -34.3748 24.4000
v 40.3440 -32.7963 24.4000
v 39.7282 -31.3297 24.4000
v 39.1461 -29.9430 24.4000
v 38.5865 -28.6103 24.4000
v 38.0402 -27.3091 24.4000
v 37.4985 -26.0189 24.4000
v 36.9531 -24.7198 24.4000
v 36.3955 -23.3917 24.4000
v 35.8163 -22.0121 24.4000
v 35.2048 -20.5557 24.4000
v 34.7124 -19.3827 24.4000
v 34.5480 -18.9913 24.4000
v 34.1407 -18.0210 24.4000
v 33.8293 -17.2794 24.4000
v 33.7629 -17.1212 24.4000
v 33.6487 -16.8493 24.4000
v 33.3195 -16.0651 24.4000
v 33.0267 -15.3677 24.4000
v 32.4873 -14.0829 24.4000
v 32.3790 -13.8249 24.4000
v 32.3431 -13.7395 24.4000
v 32.2636 -13.5866 24.4000
v 32.1848 -13.4350 24.4000
v 32.1457 -13.3597 24.4000
v 32.0835 -13.2400 24.4000
v 32.0679 -13.2101 24.4000
v 31.9909 -13.0617 24.4000
v 31.9526 -12.9881 24.4000
v 31.8765 -12.8417 24.4000
v 31.8387 -12.7689 24.4000
v 31.7636 -12.6244 24.4000
v 31.7263 -12.5526 24.4000
v 31.6521 -12.4099 24.4000
v 31.6153 -12.3390 24.4000
v 31.5786 -12.2684 24.4000
v 31.5056 -12.1281 24.4000
v 31.4694 -12.0583 24.4000
v 30.9065 -10.9752 24.4000
v 29.5240 -8.3150 24.4000
v 27.8492 -5.0923 24.4000
v 25.7427 -1.0388 24.4000
v 24.1741 1.9795 24.4000
v 22.9642 4.3074 24.4000
v 19.7545 10.4836 24.4000
v 19.0610 11.8181 24.4000
v 18.9447 12.0419 24.4000
v 18.4159 13.0594 24.4000
v 18.2744 13.3316 24.4000
v 17.8017 14.2413 24.4000
v 16.6670 16.4247 24.4000
v 16.5210 16.7056 24.4000
v 16.4728 16.7984 24.4000
v 16.4074 16.7527 24.4000
v 16.3432 16.7077 24.4000
v 16.3116 16.6856 24.4000
v 16.2491 16.6418 24.4000
v 16.1877 16.5988 24.4000
v 16.1574 16.5776 24.4000
v 16.0976 16.5357 24.4000
v 16.0681 16.5150 24.4000
v 16.0098 16.4742 24.4000
v 15.9810 16.4541 24.4000
v 15.9242 16.4143 24.4000
v 15.8961 16.3946 24.4000
v 15.8683 16.3751 24.4000
v 15.8133 16.3367 24.4000
v 15.7861 16.3176 24.4000
v 14.4670 15.3940 24.4000
v 10.7492 12.7908 24.4000
v 7.2609 10.3482 24.4000
v 3.9324 8.0176 24.4000
v 0.7050 5.7577 24.4000
v -2.4733 3.5322 24.4000
v -5.6516 1.3067 24.4000
v -8.8790 -0.9531 24.4000
v -12.2075 -3.2837 24.4000
v -15.6958 -5.7263 24.4000
v -19.4136 -8.3295 24.4000
v -19.8049 -8.6035 24.4000
v -19.8331 -8.6232 24.4000
v -19.8901 -8.6631 24.4000
v -19.9190 -8.6833 24.4000
v -19.9481 -8.7037 24.4000
v -20.0070 -8.7450 24.4000
v -20.0369 -8.7659 24.4000
v -20.0973 -8.8082 24.4000
v -20.1280 -8.8297 24.4000
v -20.1900 -8.8731 24.4000
v -20.2214 -8.8951 24.4000
v -20.2851 -8.9397 24.4000
v -20.3499 -8.9851 24.4000
v -20.3827 -9.0081 24.4000
v -20.4493 -9.0547 24.4000
v -20.5171 -9.1022 24.4000
v -20.4461 -9.1835 24.4000
v -20.2311 -9.4298 24.4000
v -18.5639 -11.3400 24.4000
v -17.9344 -12.0612 24.4000
v -17.6641 -12.3708 24.4000
v -16.8912 -13.2564 24.4000
v -15.7100 -14.6096 24.4000
v -15.4854 -14.8670 24.4000
v -10.4518 -20.6339 24.4000
v -8.8676 -22.4489 24.4000
v -6.7963 -24.8220 24.4000
v -3.9834 -28.0447 24.4000
v -3.2447 -28.8911 24.4000
v -3.1903 -28.9534 24.4000
v -3.0808 -29.0789 24.4000
v -3.0257 -29.1419 24.4000
v -2.9704 -29.2053 24.4000
v -2.8592 -29.3328 24.4000
v -2.8032 -29.3969 24.4000
v -2.6906 -29.5259 24.4000
v -2.6339 -29.5908 24.4000
v -2.5199 -29.7215 24.4000
v -2.4625 -29.7872 24.4000
v -2.3471 -29.9195 24.4000
v -2.2306 -30.0529 24.4000
v -2.1720 -30.1200 24.4000
v -2.0541 -30.2551 24.4000
v -1.9352 -30.3914 24.4000
v -1.8680 -30.4606 24.4000
v -1.6950 -30.6389 24.4000
v -1.6649 -30.6700 24.4000
v -0.1021 -32.2809 24.4000
v 0.3978 -32.7963 24.4000
v 0.5002 -32.9018 24.4000
v 0.7323 -33.1411 24.4000
v 1.4444 -33.8751 24.4000
v 2.1633 -34.6162 24.4000
v 2.5237 -34.9877 24.4000
v 3.6941 -36.1942 24.4000
v 5.0535 -37.5955 24.4000
v 6.2865 -38.8665 24.4000
v 7.4265 -40.0417 24.4000
v 8.4994 -41.1476 24.4000
v 9.5260 -42.2059 24.4000
v 10.5241 -43.2348 24.4000
v 11.5097 -44.2508 24.4000
v 12.4980 -45.2695 24.4000
v 13.5041 -46.3067 24.4000
v 14.5447 -47.3794 24.4000
v 15.6383 -48.5067 24.4000
v 16.7913 -49.6953 24.4000
v 16.8075 -49.7119 24.4000
v 16.8368 -49.7422 24.4000
v 16.9283 -49.8365 24.4000
v 16.9743 -49.8839 24.4000
v 17.0204 -49.9314 24.4000
v 17.1132 -50.0271 24.4000
v 17.1598 -50.0751 24.4000
v 17.2536 -50.1718 24.4000
v 17.3007 -50.2204 24.4000
v 17.3955 -50.3180 24.4000
v 17.4431 -50.3672 24.4000
v 17.5389 -50.4659 24.4000
v 17.6354 -50.5654 24.4000
v 17.6839 -50.6154 24.4000
v 17.7814 -50.7159 24.4000
v 17.8797 -50.8172 24.4000
v 17.9306 -50.8629 24.4000
v 18.0842 -51.0008 24.4000
v 18.0859 -51.0024 24.4000
v 19.2570 -52.0544 24.4000
v 19.5259 -52.2959 24.4000
v 19.7254 -52.4751 24.4000
v 19.8769 -52.6111 24.4000
v 20.4023 -53.0831 24.4000
v 21.1320 -53.7385 24.4000
v 21.1928 -53.7930 24.4000
v 22.9642 -55.3842 24.4000
v 25.1090 -57.3106 24.4000
v 27.6966 -59.6349 24.4000
v 30.9350 -62.5437 24.4000
v 35.1788 -66.3555 24.4000
v 38.1007 -68.9800 24.4000
v 38.7754 -69.5861 24.4000
v 38.7991 -69.6073 24.4000
v 38.8467 -69.6501 24.4000
v 38.8706 -69.6716 24.4000
v 38.8946 -69.6931 24.4000
v 38.9427 -69.7363 24.4000
v 38.9669 -69.7581 24.4000
v 39.0155 -69.8017 24.4000
v 39.0399 -69.8236 24.4000
v 39.0889 -69.8677 24.4000
v 39.1135 -69.8898 24.4000
v 39.1630 -69.9342 24.4000
v 39.2128 -69.9789 24.4000
v 39.2378 -70.0014 24.4000
v 39.2881 -70.0465 24.4000
v 39.3386 -70.0919 24.4000
v 39.3534 -70.0906 24.4000
v 39.3979 -70.0865 24.4000
v 39.7320 -70.0558 24.4000
v 39.8792 -70.0422 24.4000
v 39.9047 -70.0399 24.4000
v 40.0489 -70.0266 24.4000
v 40.2625 -70.0070 24.4000
v 40.3136 -70.0023 24.4000
v 44.2368 -69.6414 24.4000
v 47.3949 -69.3509 24.4000
v 47.4005 -69.3249 24.4000
v 48.6815 -63.4450 28.0000
v 47.6714 -68.0818 28.0000
v 49.0677 -61.6724 28.0000
v 49.1178 -61.4425 28.0000
v 49.1517 -61.2872 28.0000
v 49.1673 -61.2156 28.0000
v 49.1922 -61.1013 28.0000
v 49.2705 -60.7416 28.0000
v 49.2810 -60.6937 28.0000
v 49.2844 -60.6778 28.0000
v 49.2913 -60.6460 28.0000
v 49.2766 -60.5916 28.0000
v 49.2693 -60.5645 28.0000
v 49.2546 -60.5104 28.0000
v 49.2401 -60.4567 28.0000
v 49.2328 -60.4299 28.0000
v 49.2184 -60.3766 28.0000
v 49.2112 -60.3500 28.0000
v 49.1969 -60.2971 28.0000
v 49.1898 -60.2707 28.0000
v 49.1755 -60.2182 28.0000
v 49.1685 -60.1921 28.0000
v 49.1614 -60.1660 28.0000
v 49.1473 -60.1140 28.0000
v 49.1403 -60.0881 28.0000
v 48.7263 -58.5584 28.0000
v 48.0087 -55.9073 28.0000
v 47.2747 -53.1952 28.0000
v 46.1471 -49.0292 28.0000
v 45.2335 -45.6535 28.0000
v 45.2198 -45.6028 28.0000
v 44.9992 -44.7881 28.0000
v 44.8518 -44.2433 28.0000
v 44.7995 -44.0503 28.0000
v 44.6769 -43.5972 28.0000
v 44.4675 -42.8235 28.0000
v 44.3433 -42.3646 28.0000
v 44.2993 -42.2022 28.0000
v 44.2848 -42.1483 28.0000
v 44.2557 -42.0411 28.0000
v 44.2074 -41.9261 28.0000
v 44.1834 -41.8689 28.0000
v 44.1356 -41.7551 28.0000
v 44.0882 -41.6420 28.0000
v 44.0646 -41.5858 28.0000
v 44.0176 -41.4740 28.0000
v 43.9943 -41.4183 28.0000
v 43.9478 -41.3076 28.0000
v 43.9247 -41.2526 28.0000
v 43.8787 -41.1430 28.0000
v 43.8558 -41.0885 28.0000
v 43.8330 -41.0342 28.0000
v 43.7876 -40.9261 28.0000
v 43.7650 -40.8723 28.0000
v 43.5147 -40.2761 28.0000
v 42.5812 -38.0527 28.0000
v 41.7663 -36.1116 28.0000
v 41.0383 -34.3776 28.0000
v 40.3744 -32.7963 28.0000
v 39.7575 -31.3271 28.0000
v 39.1743 -29.9381 28.0000
v 38.6138 -28.6030 28.0000
v 38.0666 -27.2995 28.0000
v 37.5239 -26.0070 28.0000
v 36.9776 -24.7057 28.0000
v 36.4190 -23.3752 28.0000
v 35.8388 -21.9933 28.0000
v 35.2262 -20.5343 28.0000
v 34.7329 -19.3593 28.0000
v 34.5683 -18.9672 28.0000
v 34.1602 -17.9952 28.0000
v 33.8483 -17.2523 28.0000
v 33.7817 -17.0938 28.0000
v 33.6674 -16.8214 28.0000
v 33.3376 -16.0359 28.0000
v 33.0442 -15.3372 28.0000
v 32.5039 -14.0502 28.0000
v 32.3954 -13.7918 28.0000
v 32.3595 -13.7063 28.0000
v 32.2880 -13.5361 28.0000
v 32.2091 -13.3841 28.0000
v 32.1698 -13.3086 28.0000
v 32.1075 -13.1886 28.0000
v 32.0919 -13.1586 28.0000
v 32.0146 -13.0099 28.0000
v 31.9762 -12.9360 28.0000
v 31.8999 -12.7892 28.0000
v 31.8620 -12.7163 28.0000
v 31.7867 -12.5714 28.0000
v 31.7493 -12.4994 28.0000
v 31.6749 -12.3563 28.0000
v 31.6380 -12.2852 28.0000
v 31.6012 -12.2145 28.0000
v 31.5281 -12.0738 28.0000
v 31.4917 -12.0039 28.0000
v 30.9274 -10.9178 28.0000
v 29.5412 -8.2506 28.0000
v 27.8620 -5.0195 28.0000
v 25.7500 -0.9554 28.0000
v 24.1772 2.0708 28.0000
v 22.9642 4.4049 28.0000
v 19.7461 10.5973 28.0000
v 19.0507 11.9354 28.0000
v 18.9341 12.1597 28.0000
v 18.4039 13.1799 28.0000
v 18.2621 13.4528 28.0000
v 17.7881 14.3649 28.0000
v 16.6504 16.5541 28.0000
v 16.5041 16.8357 28.0000
v 16.4557 16.9287 28.0000
v 16.3597 17.1135 28.0000
v 16.2950 17.0683 28.0000
v 16.2631 17.0459 28.0000
v 16.2002 17.0019 28.0000
v 16.1383 16.9586 28.0000
v 16.1078 16.9372 28.0000
v 16.0476 16.8950 28.0000
v 16.0178 16.8742 28.0000
v 15.9591 16.8331 28.0000
v 15.9301 16.8128 28.0000
v 15.8729 16.7727 28.0000
v 15.8446 16.7529 28.0000
v 15.8166 16.7333 28.0000
v 15.7612 16.6945 28.0000
v 15.7339 16.6754 28.0000
v 14.4051 15.7450 28.0000
v 10.6602 13.1228 28.0000
v 7.1465 10.6624 28.0000
v 3.7938 8.3148 28.0000
v 0.5429 6.0385 28.0000
v -2.6586 3.7968 28.0000
v -5.8601 1.5551 28.0000
v -9.1109 -0.7212 28.0000
v -12.4637 -3.0688 28.0000
v -15.9774 -5.5291 28.0000
v -19.7222 -8.1513 28.0000
v -20.1164 -8.4273 28.0000
v -20.1448 -8.4471 28.0000
v -20.2022 -8.4874 28.0000
v -20.2313 -8.5077 28.0000
v -20.2606 -8.5282 28.0000
v -20.3200 -8.5698 28.0000
v -20.3501 -8.5909 28.0000
v -20.4110 -8.6335 28.0000
v -20.4418 -8.6551 28.0000
v -20.5043 -8.6989 28.0000
v -20.5359 -8.7210 28.0000
v -20.6001 -8.7659 28.0000
v -20.6654 -8.8117 28.0000
v -20.6985 -8.8348 28.0000
v -20.7655 -8.8818 28.0000
v -20.6240 -9.0439 28.0000
v -20.5528 -9.1255 28.0000
v -20.3373 -9.3724 28.0000
v -18.6660 -11.2872 28.0000
v -18.0349 -12.0102 28.0000
v -17.7640 -12.3205 28.0000
v -16.9891 -13.2083 28.0000
v -15.8051 -14.5649 28.0000
v -15.5799 -14.8229 28.0000
v -10.5340 -20.6040 28.0000
v -8.9459 -22.4235 28.0000
v -6.8695 -24.8024 28.0000
v -4.0497 -28.0330 28.0000
v -3.3091 -28.8815 28.0000
v -3.2546 -28.9440 28.0000
v -3.1448 -29.0697 28.0000
v -3.0896 -29.1330 28.0000
v -3.0342 -29.1965 28.0000
v -2.9227 -29.3242 28.0000
v -2.8666 -29.3885 28.0000
v -2.7537 -29.5179 28.0000
v -2.6969 -29.5829 28.0000
v -2.5826 -29.7139 28.0000
v -2.5250 -29.7798 28.0000
v -2.4093 -29.9124 28.0000
v -2.2926 -30.0461 28.0000
v -2.2338 -30.1134 28.0000
v -2.1156 -30.2489 28.0000
v -1.9817 -30.3869 28.0000
v -1.9144 -30.4563 28.0000
v -1.7411 -30.6349 28.0000
v -1.7110 -30.6660 28.0000
v -0.1453 -32.2800 28.0000
v 0.3556 -32.7963 28.0000
v 0.4582 -32.9020 28.0000
v 0.6908 -33.1418 28.0000
v 1.4041 -33.8771 28.0000
v 2.1244 -34.6196 28.0000
v 2.4854 -34.9918 28.0000
v 3.6580 -36.2005 28.0000
v 5.0200 -37.6045 28.0000
v 6.2553 -38.8779 28.0000
v 7.3974 -40.0552 28.0000
v 8.4723 -41.1632 28.0000
v 9.5008 -42.2235 28.0000
v 10.5009 -43.2543 28.0000
v 11.4883 -44.2722 28.0000
v 12.4784 -45.2929 28.0000
v 13.4865 -46.3320 28.0000
v 14.5290 -47.4067 28.0000
v 15.6246 -48.5361 28.0000
v 16.7798 -49.7269 28.0000
v 16.7960 -49.7435 28.0000
v 16.8254 -49.7739 28.0000
v 16.9170 -49.8683 28.0000
v 16.9631 -49.9158 28.0000
v 17.0093 -49.9635 28.0000
v 17.1023 -50.0593 28.0000
v 17.1490 -50.1074 28.0000
v 17.2429 -50.2043 28.0000
v 17.2901 -50.2529 28.0000
v 17.3851 -50.3508 28.0000
v 17.4328 -50.4000 28.0000
v 17.5288 -50.4989 28.0000
v 17.6254 -50.5986 28.0000
v 17.6740 -50.6487 28.0000
v 17.7717 -50.7494 28.0000
v 17.8731 -50.8405 28.0000
v 17.9241 -50.8862 28.0000
v 18.0778 -51.0244 28.0000
v 18.0796 -51.0260 28.0000
v 19.2523 -52.0792 28.0000
v 19.5215 -52.3211 28.0000
v 19.7212 -52.5005 28.0000
v 19.8729 -52.6367 28.0000
v 20.3990 -53.1093 28.0000
v 21.1297 -53.7656 28.0000
v 21.1905 -53.8202 28.0000
v 22.9642 -55.4134 28.0000
v 25.1117 -57.3423 28.0000
v 27.7027 -59.6696 28.0000
v 30.9453 -62.5821 28.0000
v 35.1946 -66.3989 28.0000
v 38.1202 -69.0268 28.0000
v 38.7958 -69.6336 28.0000
v 38.8196 -69.6549 28.0000
v 38.8672 -69.6977 28.0000
v 38.8911 -69.7192 28.0000
v 38.9151 -69.7407 28.0000
v 38.9634 -69.7841 28.0000
v 38.9876 -69.8058 28.0000
v 39.0362 -69.8495 28.0000
v 39.0607 -69.8715 28.0000
v 39.1098 -69.9156 28.0000
v 39.1344 -69.9377 28.0000
v 39.1839 -69.9822 28.0000
v 39.2338 -70.0270 28.0000
v 39.2588 -70.0495 28.0000
v 39.3091 -70.0946 28.0000
v 39.3386 -70.0919 28.0000
v 39.3534 -70.0906 28.0000
v 39.3979 -70.0865 28.0000
v 39.7320 -70.0558 28.0000
v 39.8792 -70.0422 28.0000
v 39.9047 -70.0399 28.0000
v 40.0489 -70.0266 28.0000
v 40.2625 -70.0070 28.0000
v 40.3136 -70.0023 28.0000
v 44.2368 -69.6414 28.0000
v 47.3949 -69.3509 28.0000
v 47.4005 -69.3249 28.0000
v 48.6815 -63.4450 31.6000
v 47.6714 -68.0818 31.6000
v 49.0677 -61.6724 31.6000
v 49.1178 -61.4425 31.6000
v 49.1517 -61.2872 31.6000
v 49.1673 -61.2156 31.6000
v 49.1922 -61.1013 31.6000
v 49.2705 -60.7416 31.6000
v 49.2810 -60.6937 31.6000
v 49.2844 -60.6778 31.6000
v 49.2913 -60.6460 31.6000
v 49.2982 -60.6144 31.6000
v 49.2909 -60.5873 31.6000
v 49.2762 -60.5332 31.6000
v 49.2617 -60.4794 31.6000
v 49.2544 -60.4526 31.6000
v 49.2400 -60.3993 31.6000
v 49.2328 -60.3727 31.6000
v 49.2185 -60.3197 31.6000
v 49.2113 -60.2933 31.6000
v 49.1971 -60.2408 31.6000
v 49.1900 -60.2146 31.6000
v 49.1829 -60.1885 31.6000
v 49.1688 -60.1364 31.6000
v 49.1618 -60.1105 31.6000
v 48.7475 -58.5796 31.6000
v 48.0293 -55.9263 31.6000
v 47.2947 -53.2120 31.6000
v 46.1662 -49.0425 31.6000
v 45.2518 -45.6640 31.6000
v 45.2380 -45.6134 31.6000
v 45.0174 -44.7980 31.6000
v 44.8698 -44.2527 31.6000
v 44.8175 -44.0595 31.6000
v 44.6948 -43.6061 31.6000
v 44.4852 -42.8317 31.6000
v 44.3609 -42.3724 31.6000
v 44.3169 -42.2099 31.6000
v 44.3023 -42.1560 31.6000
v 44.2732 -42.0487 31.6000
v 44.2443 -41.9419 31.6000
v 44.2203 -41.8846 31.6000
v 44.1724 -41.7706 31.6000
v 44.1249 -41.6574 31.6000
v 44.1012 -41.6011 31.6000
v 44.0542 -41.4890 31.6000
v 44.0308 -41.4333 31.6000
v 43.9842 -41.3224 31.6000
v 43.9611 -41.2673 31.6000
v 43.9150 -41.1575 31.6000
v 43.8921 -41.1029 31.6000
v 43.8692 -41.0485 31.6000
v 43.8238 -40.9402 31.6000
v 43.8011 -40.8863 31.6000
v 43.5504 -40.2891 31.6000
v 42.6153 -38.0618 31.6000
v 41.7989 -36.1174 31.6000
v 41.0696 -34.3803 31.6000
v 40.4046 -32.7963 31.6000
v 39.7867 -31.3246 31.6000
v 39.2025 -29.9331 31.6000
v 38.6410 -28.5957 31.6000
v 38.0928 -27.2900 31.6000
v 37.5492 -25.9952 31.6000
v 37.0019 -24.6917 31.6000
v 36.4423 -23.3589 31.6000
v 35.8611 -21.9746 31.6000
v 35.2475 -20.5130 31.6000
v 34.7533 -19.3360 31.6000
v 34.5884 -18.9432 31.6000
v 34.1796 -17.9695 31.6000
v 33.8672 -17.2253 31.6000
v 33.8005 -17.0665 31.6000
v 33.6860 -16.7937 31.6000
v 33.3556 -16.0068 31.6000
v 33.0617 -15.3069 31.6000
v 32.5205 -14.0177 31.6000
v 32.4118 -13.7588 31.6000
v 32.3758 -13.6731 31.6000
v 32.3042 -13.5027 31.6000
v 32.2332 -13.3334 31.6000
v 32.1939 -13.2577 31.6000
v 32.1313 -13.1374 31.6000
v 32.1157 -13.1073 31.6000
v 32.0382 -12.9582 31.6000
v 31.9997 -12.8842 31.6000
v 31.9232 -12.7370 31.6000
v 31.8852 -12.6639 31.6000
v 31.8097 -12.5186 31.6000
v 31.7722 -12.4464 31.6000
v 31.6977 -12.3030 31.6000
v 31.6606 -12.2317 31.6000
v 31.6237 -12.1607 31.6000
v 31.5504 -12.0197 31.6000
v 31.5140 -11.9496 31.6000
v 30.9481 -10.8607 31.6000
v 29.5584 -8.1866 31.6000
v 27.8748 -4.9470 31.6000
v 25.7572 -0.8723 31.6000
v 24.1804 2.1619 31.6000
v 22.9642 4.5020 31.6000
v 19.7377 10.7106 31.6000
v 19.0405 12.0521 31.6000
v 18.9236 12.2771 31.6000
v 18.3920 13.2999 31.6000
v 18.2498 13.5735 31.6000
v 17.7746 14.4880 31.6000
v 16.6339 16.6829 31.6000
v 16.4872 16.9653 31.6000
v 16.4387 17.0585 31.6000
v 16.3424 17.2438 31.6000
v 16.2470 17.4275 31.6000
v 16.2148 17.4050 31.6000
v 16.1514 17.3606 31.6000
v 16.0892 17.3170 31.6000
v 16.0584 17.2955 31.6000
v 15.9977 17.2530 31.6000
v 15.9678 17.2320 31.6000
v 15.9086 17.1906 31.6000
v 15.8794 17.1702 31.6000
v 15.8218 17.1298 31.6000
v 15.7933 17.1099 31.6000
v 15.7651 17.0901 31.6000
v 15.7093 17.0511 31.6000
v 15.6818 17.0318 31.6000
v 14.3434 16.0947 31.6000
v 10.5716 13.4536 31.6000
v 7.0326 10.9755 31.6000
v 3.6557 8.6110 31.6000
v 0.3814 6.3183 31.6000
v -2.8432 4.0605 31.6000
v -6.0677 1.8026 31.6000
v -9.3420 -0.4901 31.6000
v -12.7189 -2.8546 31.6000
v -16.2579 -5.3327 31.6000
v -20.0298 -7.9737 31.6000
v -20.4268 -8.2517 31.6000
v -20.4554 -8.2717 31.6000
v -20.5132 -8.3122 31.6000
v -20.5425 -8.3327 31.6000
v -20.5720 -8.3534 31.6000
v -20.6318 -8.3953 31.6000
v -20.6621 -8.4165 31.6000
v -20.7235 -8.4594 31.6000
v -20.7545 -8.4812 31.6000
v -20.8175 -8.5253 31.6000
v -20.8493 -8.5476 31.6000
v -20.9139 -8.5928 31.6000
v -20.9797 -8.6389 31.6000
v -21.0130 -8.6622 31.6000
v -20.8724 -8.8233 31.6000
v -20.7305 -8.9859 31.6000
v -20.6591 -9.0676 31.6000
v -20.4431 -9.3151 31.6000
v -18.7677 -11.2346 31.6000
v -18.1351 -11.9594 31.6000
v -17.8636 -12.2705 31.6000
v -17.0868 -13.1605 31.6000
v -15.8998 -14.5204 31.6000
v -15.6741 -14.7790 31.6000
v -10.6159 -20.5742 31.6000
v -9.0239 -22.3981 31.6000
v -6.9424 -24.7829 31.6000
v -4.1157 -28.0214 31.6000
v -3.3733 -28.8719 31.6000
v -3.3186 -28.9346 31.6000
v -3.2086 -29.0606 31.6000
v -3.1533 -29.1240 31.6000
v -3.0977 -29.1877 31.6000
v -2.9859 -29.3158 31.6000
v -2.9297 -29.3802 31.6000
v -2.8165 -29.5099 31.6000
v -2.7596 -29.5751 31.6000
v -2.6450 -29.7064 31.6000
v -2.5873 -29.7724 31.6000
v -2.4713 -29.9054 31.6000
v -2.3543 -30.0394 31.6000
v -2.2954 -30.1069 31.6000
v -2.1623 -30.2441 31.6000
v -2.0281 -30.3824 31.6000
v -1.9607 -30.4519 31.6000
v -1.7871 -30.6309 31.6000
v -1.7569 -30.6620 31.6000
v -0.1882 -32.2790 31.6000
v 0.3136 -32.7963 31.6000
v 0.4163 -32.9022 31.6000
v 0.6493 -33.1424 31.6000
v 1.3640 -33.8791 31.6000
v 2.0856 -34.6230 31.6000
v 2.4474 -34.9959 31.6000
v 3.6221 -36.2069 31.6000
v 4.9866 -37.6134 31.6000
v 6.2242 -38.8892 31.6000
v 7.3685 -40.0687 31.6000
v 8.4454 -41.1788 31.6000
v 9.4758 -42.2410 31.6000
v 10.4777 -43.2738 31.6000
v 11.4670 -44.2936 31.6000
v 12.4589 -45.3161 31.6000
v 13.4688 -46.3572 31.6000
v 14.5133 -47.4338 31.6000
v 15.6110 -48.5654 31.6000
v 16.7683 -49.7584 31.6000
v 16.7845 -49.7751 31.6000
v 16.8140 -49.8054 31.6000
v 16.9058 -49.9001 31.6000
v 16.9519 -49.9477 31.6000
v 16.9982 -49.9954 31.6000
v 17.0914 -50.0914 31.6000
v 17.1382 -50.1396 31.6000
v 17.2323 -50.2366 31.6000
v 17.2796 -50.2854 31.6000
v 17.3747 -50.3835 31.6000
v 17.4225 -50.4327 31.6000
v 17.5186 -50.5319 31.6000
v 17.6155 -50.6317 31.6000
v 17.6642 -50.6819 31.6000
v 17.7651 -50.7725 31.6000
v 17.8666 -50.8637 31.6000
v 17.9176 -50.9095 31.6000
v 18.0716 -51.0478 31.6000
v 18.0733 -51.0494 31.6000
v 19.2475 -52.1040 31.6000
v 19.5171 -52.3462 31.6000
v 19.7171 -52.5258 31.6000
v 19.8689 -52.6622 31.6000
v 20.3957 -53.1354 31.6000
v 21.1273 -53.7925 31.6000
v 21.1882 -53.8472 31.6000
v 22.9642 -55.4425 31.6000
v 25.1145 -57.3739 31.6000
v 27.7088 -59.7041 31.6000
v 30.9556 -62.6204 31.6000
v 35.2103 -66.4421 31.6000
v 38.1397 -69.0733 31.6000
v 38.8162 -69.6809 31.6000
v 38.8399 -69.7023 31.6000
v 38.8876 -69.7451 31.6000
v 38.9116 -69.7667 31.6000
v 38.9356 -69.7882 31.6000
v 38.9839 -69.8316 31.6000
v 39.0082 -69.8534 31.6000
v 39.0569 -69.8971 31.6000
v 39.0814 -69.9191 31.6000
v 39.1305 -69.9633 31.6000
v 39.1552 -69.9854 31.6000
v 39.2048 -70.0300 31.6000
v 39.2547 -70.0748 31.6000
v 39.2798 -70.0973 31.6000
v 39.3091 -70.0946 31.6000
v 39.3386 -70.0919 31.6000
v 39.3534 -70.0906 31.6000
v 39.3979 -70.0865 31.6000
v 39.7320 -70.0558 31.6000
v 39.8792 -70.0422 31.6000
v 39.9047 -70.0399 31.6000
v 40.0489 -70.0266 31.6000
v 40.2625 -70.0070 31.6000
v 40.3136 -70.0023 31.6000
v 44.2368 -69.6414 31.6000
v 47.3949 -69.3509 31.6000
v 47.4005 -69.3249 31.6000
v 48.6815 -63.4450 35.2000
v 47.6714 -68.0818 35.2000
v 49.0677 -61.6724 35.2000
v 49.1178 -61.4425 35.2000
v 49.1517 -61.2872 35.2000
v 49.1673 -61.2156 35.2000
v 49.1922 -61.1013 35.2000
v 49.2705 -60.7416 35.2000
v 49.2810 -60.6937 35.2000
v 49.2844 -60.6778 35.2000
v 49.2913 -60.6460 35.2000
v 49.2982 -60.6144 35.2000
v 49.3017 -60.5987 35.2000
v 49.2870 -60.5446 35.2000
v 49.2725 -60.4908 35.2000
v 49.2652 -60.4640 35.2000
v 49.2507 -60.4106 35.2000
v 49.2435 -60.3840 35.2000
v 49.2292 -60.3310 35.2000
v 49.2221 -60.3046 35.2000
v 49.2078 -60.2520 35.2000
v 49.2007 -60.2258 35.2000
v 49.1937 -60.1997 35.2000
v 49.1796 -60.1476 35.2000
v 49.1726 -60.1217 35.2000
v 48.7580 -58.5901 35.2000
v 48.0396 -55.9357 35.2000
v 47.3047 -53.2204 35.2000
v 46.1757 -49.0492 35.2000
v 45.2609 -45.6693 35.2000
v 45.2472 -45.6186 35.2000
v 45.0264 -44.8029 35.2000
v 44.8787 -44.2574 35.2000
v 44.8264 -44.0641 35.2000
v 44.7036 -43.6105 35.2000
v 44.4940 -42.8358 35.2000
v 44.3696 -42.3763 35.2000
v 44.3256 -42.2138 35.2000
v 44.3110 -42.1599 35.2000
v 44.2820 -42.0525 35.2000
v 44.2531 -41.9457 35.2000
v 44.2387 -41.8925 35.2000
v 44.1907 -41.7784 35.2000
v 44.1432 -41.6651 35.2000
v 44.1195 -41.6087 35.2000
v 44.0724 -41.4966 35.2000
v 44.0490 -41.4408 35.2000
v 44.0024 -41.3298 35.2000
v 43.9792 -41.2746 35.2000
v 43.9331 -41.1647 35.2000
v 43.9102 -41.1101 35.2000
v 43.8873 -41.0556 35.2000
v 43.8418 -40.9472 35.2000
v 43.8192 -40.8933 35.2000
v 43.5682 -40.2956 35.2000
v 42.6323 -38.0664 35.2000
v 41.8152 -36.1203 35.2000
v 41.0853 -34.3817 35.2000
v 40.4197 -32.7963 35.2000
v 39.8012 -31.3233 35.2000
v 39.2165 -29.9306 35.2000
v 38.6546 -28.5921 35.2000
v 38.1059 -27.2852 35.2000
v 37.5618 -25.9894 35.2000
v 37.0140 -24.6847 35.2000
v 36.4540 -23.3507 35.2000
v 35.8723 -21.9652 35.2000
v 35.2581 -20.5024 35.2000
v 34.7635 -19.3243 35.2000
v 34.5985 -18.9312 35.2000
v 34.1893 -17.9567 35.2000
v 33.8766 -17.2118 35.2000
v 33.8099 -17.0529 35.2000
v 33.6952 -16.7798 35.2000
v 33.3646 -15.9923 35.2000
v 33.0705 -15.2918 35.2000
v 32.5287 -14.0014 35.2000
v 32.4199 -13.7423 35.2000
v 32.3839 -13.6566 35.2000
v 32.3123 -13.4860 35.2000
v 32.2412 -13.3166 35.2000
v 32.2058 -13.2324 35.2000
v 32.1432 -13.1119 35.2000
v 32.1276 -13.0818 35.2000
v 32.0500 -12.9325 35.2000
v 32.0115 -12.8583 35.2000
v 31.9349 -12.7110 35.2000
v 31.8968 -12.6378 35.2000
v 31.8212 -12.4923 35.2000
v 31.7837 -12.4200 35.2000
v 31.7090 -12.2764 35.2000
v 31.6719 -12.2050 35.2000
v 31.6350 -12.1339 35.2000
v 31.5616 -11.9927 35.2000
v 31.5251 -11.9225 35.2000
v 30.9585 -10.8322 35.2000
v 29.5670 -8.1546 35.2000
v 27.8812 -4.9108 35.2000
v 25.7609 -0.8308 35.2000
v 24.1820 2.2072 35.2000
v 22.9642 4.5505 35.2000
v 19.7335 10.7671 35.2000
v 19.0354 12.1104 35.2000
v 18.9183 12.3356 35.2000
v 18.3861 13.3598 35.2000
v 18.2437 13.6337 35.2000
v 17.7679 14.5494 35.2000
v 16.6257 16.7471 35.2000
v 16.4788 17.0299 35.2000
v 16.4302 17.1233 35.2000
v 16.3338 17.3088 35.2000
v 16.2382 17.4927 35.2000
v 16.1908 17.5841 35.2000
v 16.1271 17.5395 35.2000
v 16.0646 17.4958 35.2000
v 16.0338 17.4742 35.2000
v 15.9729 17.4315 35.2000
v 15.9428 17.4105 35.2000
v 15.8835 17.3689 35.2000
v 15.8542 17.3484 35.2000
v 15.7963 17.3079 35.2000
v 15.7677 17.2879 35.2000
v 15.7394 17.2680 35.2000
v 15.6834 17.2289 35.2000
v 15.6558 17.2095 35.2000
v 14.3127 16.2690 35.2000
v 10.5274 13.6186 35.2000
v 6.9758 11.1317 35.2000
v 3.5868 8.7587 35.2000
v 0.3008 6.4578 35.2000
v -2.9352 4.1919 35.2000
v -6.1713 1.9260 35.2000
v -9.4572 -0.3748 35.2000
v -12.8462 -2.7478 35.2000
v -16.3978 -5.2347 35.2000
v -20.1831 -7.8852 35.2000
v -20.5816 -8.1642 35.2000
v -20.6102 -8.1843 35.2000
v -20.6683 -8.2249 35.2000
v -20.6977 -8.2455 35.2000
v -20.7273 -8.2662 35.2000
v -20.7873 -8.3083 35.2000
v -20.8177 -8.3295 35.2000
v -20.8793 -8.3726 35.2000
v -20.9105 -8.3945 35.2000
v -20.9736 -8.4387 35.2000
v -21.0056 -8.4611 35.2000
v -21.0704 -8.5065 35.2000
v -21.1364 -8.5527 35.2000
v -21.0665 -8.6329 35.2000
v -20.9257 -8.7942 35.2000
v -20.7836 -8.9569 35.2000
v -20.7122 -9.0388 35.2000
v -20.4959 -9.2866 35.2000
v -18.8184 -11.2084 35.2000
v -18.1851 -11.9340 35.2000
v -17.9132 -12.2456 35.2000
v -17.1355 -13.1366 35.2000
v -15.9471 -14.4982 35.2000
v -15.7211 -14.7571 35.2000
v -10.6567 -20.5593 35.2000
v -9.0627 -22.3855 35.2000
v -6.9787 -24.7731 35.2000
v -4.1486 -28.0156 35.2000
v -3.4053 -28.8672 35.2000
v -3.3506 -28.9299 35.2000
v -3.2404 -29.0561 35.2000
v -3.1850 -29.1195 35.2000
v -3.1294 -29.1833 35.2000
v -3.0175 -29.3115 35.2000
v -2.9612 -29.3760 35.2000
v -2.8478 -29.5059 35.2000
v -2.7908 -29.5712 35.2000
v -2.6761 -29.7026 35.2000
v -2.6184 -29.7688 35.2000
v -2.5022 -29.9018 35.2000
v -2.3851 -30.0361 35.2000
v -2.3188 -30.1044 35.2000
v -2.1855 -30.2418 35.2000
v -2.0513 -30.3802 35.2000
v -1.9838 -30.4497 35.2000
v -1.8100 -30.6289 35.2000
v -1.7797 -30.6600 35.2000
v -0.2097 -32.2785 35.2000
v 0.2926 -32.7963 35.2000
v 0.3955 -32.9023 35.2000
v 0.6287 -33.1427 35.2000
v 1.3440 -33.8801 35.2000
v 2.0663 -34.6247 35.2000
v 2.4284 -34.9979 35.2000
v 3.6042 -36.2100 35.2000
v 4.9700 -37.6179 35.2000
v 6.2087 -38.8948 35.2000
v 7.3541 -40.0755 35.2000
v 8.4319 -41.1866 35.2000
v 9.4633 -42.2498 35.2000
v 10.4661 -43.2835 35.2000
v 11.4563 -44.3042 35.2000
v 12.4492 -45.3277 35.2000
v 13.4600 -46.3697 35.2000
v 14.5055 -47.4474 35.2000
v 15.6042 -48.5800 35.2000
v 16.7626 -49.7741 35.2000
v 16.7788 -49.7908 35.2000
v 16.8083 -49.8212 35.2000
v 16.9002 -49.9159 35.2000
v 16.9464 -49.9635 35.2000
v 16.9927 -50.0113 35.2000
v 17.0859 -50.1074 35.2000
v 17.1328 -50.1557 35.2000
v 17.2270 -50.2528 35.2000
v 17.2743 -50.3016 35.2000
v 17.3695 -50.3997 35.2000
v 17.4174 -50.4491 35.2000
v 17.5136 -50.5483 35.2000
v 17.6105 -50.6482 35.2000
v 17.6608 -50.6933 35.2000
v 17.7617 -50.7840 35.2000
v 17.8633 -50.8753 35.2000
v 17.9144 -50.9211 35.2000
v 18.0684 -51.0595 35.2000
v 18.0702 -51.0611 35.2000
v 19.2451 -52.1164 35.2000
v 19.5149 -52.3587 35.2000
v 19.7150 -52.5384 35.2000
v 19.8670 -52.6749 35.2000
v 20.3941 -53.1484 35.2000
v 21.1261 -53.8060 35.2000
v 21.1870 -53.8607 35.2000
v 22.9642 -55.4570 35.2000
v 25.1159 -57.3896 35.2000
v 27.7118 -59.7213 35.2000
v 30.9607 -62.6395 35.2000
v 35.2181 -66.4636 35.2000
v 38.1494 -69.0966 35.2000
v 38.8263 -69.7046 35.2000
v 38.8501 -69.7259 35.2000
v 38.8978 -69.7688 35.2000
v 38.9218 -69.7903 35.2000
v 38.9459 -69.8119 35.2000
v 38.9942 -69.8553 35.2000
v 39.0184 -69.8771 35.2000
v 39.0672 -69.9209 35.2000
v 39.0917 -69.9429 35.2000
v 39.1409 -69.9871 35.2000
v 39.1656 -70.0093 35.2000
v 39.2152 -70.0538 35.2000
v 39.2651 -70.0987 35.2000
v 39.2798 -70.0973 35.2000
v 39.3091 -70.0946 35.2000
v 39.3386 -70.0919 35.2000
v 39.3534 -70.0906 35.2000
v 39.3979 -70.0865 35.2000
v 39.7320 -70.0558 35.2000
v 39.8792 -70.0422 35.2000
v 39.9047 -70.0399 35.2000
v 40.0489 -70.0266 35.2000
v 40.2625 -70.0070 35.2000
v 40.3136 -70.0023 35.2000
v 44.2368 -69.6414 35.2000
v 47.3949 -69.3509 35.2000
v 47.4005 -69.3249 35.2000
v 48.6815 -63.4450 38.8000
v 47.6714 -68.0818 38.8000
v 49.0677 -61.6724 38.8000
v 49.1178 -61.4425 38.8000
v 49.1517 -61.2872 38.8000
v 49.1673 -61.2156 38.8000
v 49.1922 -61.1013 38.8000
v 49.2705 -60.7416 38.8000
v 49.2810 -60.6937 38.8000
v 49.2844 -60.6778 38.8000
v 49.2913 -60.6460 38.8000
v 49.2982 -60.6144 38.8000
v 49.3017 -60.5987 38.8000
v 49.3085 -60.5672 38.8000
v 49.2939 -60.5134 38.8000
v 49.2867 -60.4866 38.8000
v 49.2722 -60.4331 38.8000
v 49.2650 -60.4065 38.8000
v 49.2507 -60.3535 38.8000
v 49.2435 -60.3270 38.8000
v 49.2293 -60.2744 38.8000
v 49.2222 -60.2482 38.8000
v 49.2151 -60.2220 38.8000
v 49.2010 -60.1699 38.8000
v 49.1940 -60.1440 38.8000
v 48.7791 -58.6112 38.8000
v 48.0601 -55.9546 38.8000
v 47.3245 -53.2370 38.8000
v 46.1946 -49.0624 38.8000
v 45.2791 -45.6798 38.8000
v 45.2654 -45.6291 38.8000
v 45.0444 -44.8127 38.8000
v 44.8966 -44.2668 38.8000
v 44.8443 -44.0733 38.8000
v 44.7214 -43.6193 38.8000
v 44.5116 -42.8440 38.8000
v 44.3871 -42.3842 38.8000
v 44.3431 -42.2215 38.8000
v 44.3285 -42.1675 38.8000
v 44.2994 -42.0600 38.8000
v 44.2704 -41.9531 38.8000
v 44.2560 -41.8999 38.8000
v 44.2273 -41.7938 38.8000
v 44.1797 -41.6803 38.8000
v 44.1560 -41.6239 38.8000
v 44.1088 -41.5115 38.8000
v 44.0853 -41.4557 38.8000
v 44.0387 -41.3445 38.8000
v 44.0154 -41.2892 38.8000
v 43.9692 -41.1791 38.8000
v 43.9463 -41.1244 38.8000
v 43.9233 -41.0698 38.8000
v 43.8778 -40.9613 38.8000
v 43.8551 -40.9073 38.8000
v 43.6037 -40.3085 38.8000
v 42.6662 -38.0754 38.8000
v 41.8477 -36.1260 38.8000
v 41.1165 -34.3844 38.8000
v 40.4497 -32.7963 38.8000
v 39.8302 -31.3207 38.8000
v 39.2445 -29.9257 38.8000
v 38.6816 -28.5849 38.8000
v 38.1320 -27.2757 38.8000
v 37.5870 -25.9776 38.8000
v 37.0382 -24.6707 38.8000
v 36.4772 -23.3344 38.8000
v 35.8945 -21.9465 38.8000
v 35.2793 -20.4812 38.8000
v 34.7838 -19.3011 38.8000
v 34.6185 -18.9073 38.8000
v 34.2086 -17.9311 38.8000
v 33.8954 -17.1850 38.8000
v 33.8286 -17.0258 38.8000
v 33.7137 -16.7522 38.8000
v 33.3825 -15.9633 38.8000
v 33.0879 -15.2616 38.8000
v 32.5452 -13.9691 38.8000
v 32.4362 -13.7095 38.8000
v 32.4002 -13.6236 38.8000
v 32.3284 -13.4527 38.8000
v 32.2572 -13.2830 38.8000
v 32.2218 -13.1987 38.8000
v 32.1654 -13.0644 38.8000
v 32.1513 -13.0308 38.8000
v 32.0735 -12.8811 38.8000
v 32.0349 -12.8068 38.8000
v 31.9581 -12.6590 38.8000
v 31.9199 -12.5856 38.8000
v 31.8441 -12.4398 38.8000
v 31.8065 -12.3673 38.8000
v 31.7316 -12.2233 38.8000
v 31.6944 -12.1517 38.8000
v 31.6574 -12.0805 38.8000
v 31.5838 -11.9389 38.8000
v 31.5473 -11.8685 38.8000
v 30.9792 -10.7754 38.8000
v 29.5840 -8.0909 38.8000
v 27.8939 -4.8387 38.8000
v 25.7681 -0.7482 38.8000
v 24.1851 2.2978 38.8000
v 22.9642 4.6471 38.8000
v 19.7252 10.8798 38.8000
v 19.0252 12.2265 38.8000
v 18.9079 12.4524 38.8000
v 18.3743 13.4792 38.8000
v 18.2315 13.7538 38.8000
v 17.7544 14.6719 38.8000
v 16.6093 16.8753 38.8000
v 16.4620 17.1587 38.8000
v 16.4133 17.2524 38.8000
v 16.3167 17.4384 38.8000
v 16.2208 17.6228 38.8000
v 16.1732 17.7144 38.8000
v 16.0787 17.8964 38.8000
v 16.0157 17.8523 38.8000
v 15.9847 17.8305 38.8000
v 15.9233 17.7876 38.8000
v 15.8931 17.7664 38.8000
v 15.8333 17.7245 38.8000
v 15.8038 17.7039 38.8000
v 15.7455 17.6631 38.8000
v 15.7167 17.6429 38.8000
v 15.6882 17.6230 38.8000
v 15.6318 17.5835 38.8000
v 15.6040 17.5640 38.8000
v 14.2514 16.6169 38.8000
v 10.4392 13.9476 38.8000
v 6.8624 11.4431 38.8000
v 3.4494 9.0533 38.8000
v 0.1402 6.7361 38.8000
v -3.1188 4.4541 38.8000
v -6.3778 2.1722 38.8000
v -9.6871 -0.1450 38.8000
v -13.1001 -2.5348 38.8000
v -16.6769 -5.0393 38.8000
v -20.4890 -7.7086 38.8000
v -20.8903 -7.9896 38.8000
v -20.9191 -8.0098 38.8000
v -20.9776 -8.0507 38.8000
v -21.0072 -8.0714 38.8000
v -21.0370 -8.0923 38.8000
v -21.0975 -8.1347 38.8000
v -21.1281 -8.1561 38.8000
v -21.1901 -8.1995 38.8000
v -21.2215 -8.2215 38.8000
v -21.2851 -8.2660 38.8000
v -21.3173 -8.2886 38.8000
v -21.3826 -8.3343 38.8000
v -21.2432 -8.4940 38.8000
v -21.1731 -8.5743 38.8000
v -21.0319 -8.7361 38.8000
v -20.8896 -8.8992 38.8000
v -20.8179 -8.9813 38.8000
v -20.6011 -9.2297 38.8000
v -18.9196 -11.1562 38.8000
v -18.2847 -11.8835 38.8000
v -18.0122 -12.1958 38.8000
v -17.2326 -13.0890 38.8000
v -16.0413 -14.4538 38.8000
v -15.8147 -14.7134 38.8000
v -10.7381 -20.5297 38.8000
v -9.1403 -22.3603 38.8000
v -7.0512 -24.7537 38.8000
v -4.2142 -28.0040 38.8000
v -3.4692 -28.8577 38.8000
v -3.4143 -28.9205 38.8000
v -3.3039 -29.0470 38.8000
v -3.2484 -29.1106 38.8000
v -3.1926 -29.1745 38.8000
v -3.0804 -29.3031 38.8000
v -3.0239 -29.3678 38.8000
v -2.9103 -29.4979 38.8000
v -2.8532 -29.5634 38.8000
v -2.7382 -29.6951 38.8000
v -2.6803 -29.7614 38.8000
v -2.5639 -29.8948 38.8000
v -2.4318 -30.0310 38.8000
v -2.3654 -30.0994 38.8000
v -2.2319 -30.2370 38.8000
v -2.0974 -30.3757 38.8000
v -2.0298 -30.4454 38.8000
v -1.8557 -30.6249 38.8000
v -1.8254 -30.6561 38.8000
v -0.2524 -32.2776 38.8000
v 0.2508 -32.7963 38.8000
v 0.3538 -32.9025 38.8000
v 0.5875 -33.1434 38.8000
v 1.3042 -33.8821 38.8000
v 2.0277 -34.6280 38.8000
v 2.3905 -35.0020 38.8000
v 3.5685 -36.2163 38.8000
v 4.9368 -37.6268 38.8000
v 6.1778 -38.9061 38.8000
v 7.3253 -40.0889 38.8000
v 8.4051 -41.2020 38.8000
v 9.4384 -42.2672 38.8000
v 10.4431 -43.3028 38.8000
v 11.4351 -44.3255 38.8000
v 12.4298 -45.3508 38.8000
v 13.4425 -46.3948 38.8000
v 14.4899 -47.4744 38.8000
v 15.5906 -48.6091 38.8000
v 16.7511 -49.8054 38.8000
v 16.7674 -49.8221 38.8000
v 16.7969 -49.8526 38.8000
v 16.8890 -49.9475 38.8000
v 16.9353 -49.9952 38.8000
v 16.9817 -50.0431 38.8000
v 17.0751 -50.1393 38.8000
v 17.1220 -50.1877 38.8000
v 17.2164 -50.2850 38.8000
v 17.2638 -50.3339 38.8000
v 17.3592 -50.4322 38.8000
v 17.4071 -50.4816 38.8000
v 17.5036 -50.5810 38.8000
v 17.6037 -50.6710 38.8000
v 17.6540 -50.7162 38.8000
v 17.7551 -50.8070 38.8000
v 17.8568 -50.8983 38.8000
v 17.9079 -50.9442 38.8000
v 18.0622 -51.0828 38.8000
v 18.0640 -51.0844 38.8000
v 19.2404 -52.1410 38.8000
v 19.5105 -52.3837 38.8000
v 19.7108 -52.5636 38.8000
v 19.8630 -52.7003 38.8000
v 20.3908 -53.1744 38.8000
v 21.1238 -53.8328 38.8000
v 21.1848 -53.8875 38.8000
v 22.9642 -55.4859 38.8000
v 25.1186 -57.4210 38.8000
v 27.7179 -59.7557 38.8000
v 30.9709 -62.6776 38.8000
v 35.2338 -66.5066 38.8000
v 38.1688 -69.1429 38.8000
v 38.8466 -69.7517 38.8000
v 38.8704 -69.7730 38.8000
v 38.9182 -69.8160 38.8000
v 38.9422 -69.8375 38.8000
v 38.9663 -69.8592 38.8000
v 39.0146 -69.9026 38.8000
v 39.0389 -69.9244 38.8000
v 39.0877 -69.9683 38.8000
v 39.1122 -69.9903 38.8000
v 39.1615 -70.0345 38.8000
v 39.1862 -70.0567 38.8000
v 39.2359 -70.1014 38.8000
v 39.2651 -70.0987 38.8000
v 39.2798 -70.0973 38.8000
v 39.3091 -70.0946 38.8000
v 39.3386 -70.0919 38.8000
v 39.3534 -70.0906 38.8000
v 39.3979 -70.0865 38.8000
v 39.7320 -70.0558 38.8000
v 39.8792 -70.0422 38.8000
v 39.9047 -70.0399 38.8000
v 40.0489 -70.0266 38.8000
v 40.2625 -70.0070 38.8000
v 40.3136 -70.0023 38.8000
v 44.2368 -69.6414 38.8000
v 47.3949 -69.3509 38.8000
v 47.4005 -69.3249 38.8000
v 48.6815 -63.4450 42.4000
v 47.6714 -68.0818 42.4000
v 49.0677 -61.6724 42.4000
v 49.1178 -61.4425 42.4000
v 49.1517 -61.2872 42.4000
v 49.1673 -61.2156 42.4000
v 49.1922 -61.1013 42.4000
v 49.2705 -60.7416 42.4000
v 49.2810 -60.6937 42.4000
v 49.2844 -60.6778 42.4000
v 49.2913 -60.6460 42.4000
v 49.2982 -60.6144 42.4000
v 49.3017 -60.5987 42.4000
v 49.3085 -60.5672 42.4000
v 49.3153 -60.5359 42.4000
v 49.3081 -60.5091 42.4000
v 49.2936 -60.4556 42.4000
v 49.2864 -60.4289 42.4000
v 49.2720 -60.3759 42.4000
v 49.2649 -60.3494 42.4000
v 49.2506 -60.2967 42.4000
v 49.2435 -60.2705 42.4000
v 49.2364 -60.2443 42.4000
v 49.2223 -60.1922 42.4000
v 49.2153 -60.1662 42.4000
v 48.8001 -58.6322 42.4000
v 48.0805 -55.9734 42.4000
v 47.3443 -53.2537 42.4000
v 46.2135 -49.0756 42.4000
v 45.2972 -45.6903 42.4000
v 45.2835 -45.6395 42.4000
v 45.0623 -44.8225 42.4000
v 44.9145 -44.2761 42.4000
v 44.8621 -44.0825 42.4000
v 44.7391 -43.6281 42.4000
v 44.5291 -42.8522 42.4000
v 44.4045 -42.3920 42.4000
v 44.3604 -42.2291 42.4000
v 44.3458 -42.1751 42.4000
v 44.3167 -42.0676 42.4000
v 44.2878 -41.9606 42.4000
v 44.2733 -41.9073 42.4000
v 44.2446 -41.8012 42.4000
v 44.2160 -41.6956 42.4000
v 44.1923 -41.6390 42.4000
v 44.1450 -41.5265 42.4000
v 44.1215 -41.4705 42.4000
v 44.0748 -41.3591 42.4000
v 44.0515 -41.3037 42.4000
v 44.0052 -41.1935 42.4000
v 43.9822 -41.1387 42.4000
v 43.9593 -41.0840 42.4000
v 43.9136 -40.9753 42.4000
v 43.8909 -40.9212 42.4000
v 43.6391 -40.3213 42.4000
v 42.6999 -38.0845 42.4000
v 41.8801 -36.1317 42.4000
v 41.1476 -34.3872 42.4000
v 40.4797 -32.7963 42.4000
v 39.8591 -31.3182 42.4000
v 39.2724 -29.9208 42.4000
v 38.7085 -28.5777 42.4000
v 38.1579 -27.2663 42.4000
v 37.6120 -25.9660 42.4000
v 37.0624 -24.6568 42.4000
v 36.5004 -23.3182 42.4000
v 35.9167 -21.9279 42.4000
v 35.3004 -20.4601 42.4000
v 34.8041 -19.2780 42.4000
v 34.6385 -18.8835 42.4000
v 34.2279 -17.9056 42.4000
v 33.9141 -17.1582 42.4000
v 33.8472 -16.9988 42.4000
v 33.7321 -16.7247 42.4000
v 33.4003 -15.9345 42.4000
v 33.1052 -15.2316 42.4000
v 32.5616 -13.9368 42.4000
v 32.4525 -13.6768 42.4000
v 32.4163 -13.5907 42.4000
v 32.3445 -13.4196 42.4000
v 32.2731 -13.2496 42.4000
v 32.2376 -13.1651 42.4000
v 32.1812 -13.0306 42.4000
v 32.1670 -12.9969 42.4000
v 32.0969 -12.8299 42.4000
v 32.0582 -12.7554 42.4000
v 31.9812 -12.6072 42.4000
v 31.9429 -12.5337 42.4000
v 31.8670 -12.3874 42.4000
v 31.8292 -12.3148 42.4000
v 31.7542 -12.1704 42.4000
v 31.7169 -12.0987 42.4000
v 31.6798 -12.0272 42.4000
v 31.6060 -11.8853 42.4000
v 31.5693 -11.8147 42.4000
v 30.9998 -10.7188 42.4000
v 29.6011 -8.0274 42.4000
v 27.9066 -4.7668 42.4000
v 25.7753 -0.6658 42.4000
v 24.1883 2.3880 42.4000
v 22.9642 4.7433 42.4000
v 19.7168 10.9920 42.4000
v 19.0151 12.3423 42.4000
v 18.8974 12.5687 42.4000
v 18.3625 13.5981 42.4000
v 18.2194 13.8735 42.4000
v 17.7410 14.7939 42.4000
v 16.5930 17.0030 42.4000
v 16.4453 17.2872 42.4000
v 16.3965 17.3810 42.4000
v 16.2996 17.5676 42.4000
v 16.2035 17.7524 42.4000
v 16.1558 17.8442 42.4000
v 16.0610 18.0267 42.4000
v 15.9670 18.2075 42.4000
v 15.9357 18.1856 42.4000
v 15.8739 18.1424 42.4000
v 15.8435 18.1210 42.4000
v 15.7833 18.0789 42.4000
v 15.7535 18.0581 42.4000
v 15.6949 18.0170 42.4000
v 15.6659 17.9967 42.4000
v 15.6372 17.9766 42.4000
v 15.5804 17.9368 42.4000
v 15.5524 17.9172 42.4000
v 14.1902 16.9635 42.4000
v 10.3514 14.2755 42.4000
v 6.7495 11.7534 42.4000
v 3.3126 9.3468 42.4000
v -0.0199 7.0134 42.4000
v -3.3018 4.7154 42.4000
v -6.5836 2.4174 42.4000
v -9.9161 0.0840 42.4000
v -13.3530 -2.3225 42.4000
v -16.9549 -4.8446 42.4000
v -20.7938 -7.5326 42.4000
v -21.1979 -7.8156 42.4000
v -21.2269 -7.8359 42.4000
v -21.2858 -7.8771 42.4000
v -21.3156 -7.8980 42.4000
v -21.3457 -7.9191 42.4000
v -21.4065 -7.9617 42.4000
v -21.4374 -7.9833 42.4000
v -21.4998 -8.0270 42.4000
v -21.5314 -8.0491 42.4000
v -21.5955 -8.0940 42.4000
v -21.6279 -8.1167 42.4000
v -21.4894 -8.2754 42.4000
v -21.3496 -8.4355 42.4000
v -21.2793 -8.5160 42.4000
v -21.1378 -8.6782 42.4000
v -20.9951 -8.8417 42.4000
v -20.9233 -8.9239 42.4000
v -20.7060 -9.1729 42.4000
v -19.0204 -11.1041 42.4000
v -18.3840 -11.8332 42.4000
v -18.1108 -12.1462 42.4000
v -17.3293 -13.0416 42.4000
v -16.1352 -14.4097 42.4000
v -15.9081 -14.6699 42.4000
v -10.8192 -20.5002 42.4000
v -9.2176 -22.3352 42.4000
v -7.1235 -24.7343 42.4000
v -4.2797 -27.9925 42.4000
v -3.5328 -28.8482 42.4000
v -3.4778 -28.9112 42.4000
v -3.3671 -29.0380 42.4000
v -3.3114 -29.1018 42.4000
v -3.2556 -29.1658 42.4000
v -3.1431 -29.2947 42.4000
v -3.0865 -29.3595 42.4000
v -2.9726 -29.4900 42.4000
v -2.9153 -29.5556 42.4000
v -2.8001 -29.6877 42.4000
v -2.7421 -29.7541 42.4000
v -2.6107 -29.8895 42.4000
v -2.4784 -30.0259 42.4000
v -2.4119 -30.0945 42.4000
v -2.2781 -30.2323 42.4000
v -2.1434 -30.3713 42.4000
v -2.0756 -30.4411 42.4000
v -1.9012 -30.6209 42.4000
v -1.8709 -30.6522 42.4000
v -0.2950 -32.2766 42.4000
v 0.2092 -32.7963 42.4000
v 0.3124 -32.9027 42.4000
v 0.5464 -33.1440 42.4000
v 1.2644 -33.8841 42.4000
v 1.9893 -34.6314 42.4000
v 2.3528 -35.0060 42.4000
v 3.5329 -36.2226 42.4000
v 4.9037 -37.6356 42.4000
v 6.1470 -38.9173 42.4000
v 7.2966 -40.1023 42.4000
v 8.3784 -41.2175 42.4000
v 9.4136 -42.2846 42.4000
v 10.4201 -43.3221 42.4000
v 11.4140 -44.3466 42.4000
v 12.4105 -45.3738 42.4000
v 13.4250 -46.4197 42.4000
v 14.4743 -47.5013 42.4000
v 15.5771 -48.6381 42.4000
v 16.7397 -49.8366 42.4000
v 16.7560 -49.8533 42.4000
v 16.7856 -49.8839 42.4000
v 16.8778 -49.9790 42.4000
v 16.9242 -50.0268 42.4000
v 16.9707 -50.0747 42.4000
v 17.0643 -50.1711 42.4000
v 17.1113 -50.2196 42.4000
v 17.2058 -50.3171 42.4000
v 17.2534 -50.3661 42.4000
v 17.3489 -50.4646 42.4000
v 17.3969 -50.5141 42.4000
v 17.4966 -50.6036 42.4000
v 17.5969 -50.6937 42.4000
v 17.6473 -50.7389 42.4000
v 17.7485 -50.8298 42.4000
v 17.8503 -50.9213 42.4000
v 17.9015 -50.9673 42.4000
v 18.0560 -51.1060 42.4000
v 18.0577 -51.1076 42.4000
v 19.2356 -52.1656 42.4000
v 19.5061 -52.4085 42.4000
v 19.7067 -52.5887 42.4000
v 19.8591 -52.7256 42.4000
v 20.3875 -53.2003 42.4000
v 21.1214 -53.8595 42.4000
v 21.1825 -53.9143 42.4000
v 22.9642 -55.5147 42.4000
v 25.1213 -57.4523 42.4000
v 27.7239 -59.7899 42.4000
v 30.9811 -62.7155 42.4000
v 35.2493 -66.5494 42.4000
v 38.1881 -69.1890 42.4000
v 38.8667 -69.7986 42.4000
v 38.8906 -69.8200 42.4000
v 38.9384 -69.8630 42.4000
v 38.9625 -69.8846 42.4000
v 38.9866 -69.9062 42.4000
v 39.0350 -69.9497 42.4000
v 39.0593 -69.9716 42.4000
v 39.1082 -70.0155 42.4000
v 39.1328 -70.0375 42.4000
v 39.1821 -70.0818 42.4000
v 39.2068 -70.1041 42.4000
v 39.2359 -70.1014 42.4000
v 39.2651 -70.0987 42.4000
v 39.2798 -70.0973 42.4000
v 39.3091 -70.0946 42.4000
v 39.3386 -70.0919 42.4000
v 39.3534 -70.0906 42.4000
v 39.3979 -70.0865 42.4000
v 39.7320 -70.0558 42.4000
v 39.8792 -70.0422 42.4000
v 39.9047 -70.0399 42.4000
v 40.0489 -70.0266 42.4000
v 40.2625 -70.0070 42.4000
v 40.3136 -70.0023 42.4000
v 44.2368 -69.6414 42.4000
v 47.3949 -69.3509 42.4000
v 47.4005 -69.3249 42.4000
v 48.6815 -63.4450 46.0000
v 47.6714 -68.0818 46.0000
v 49.0677 -61.6724 46.0000
v 49.1178 -61.4425 46.0000
v 49.1517 -61.2872 46.0000
v 49.1673 -61.2156 46.0000
v 49.1922 -61.1013 46.0000
v 49.2705 -60.7416 46.0000
v 49.2810 -60.6937 46.0000
v 49.2844 -60.6778 46.0000
v 49.2913 -60.6460 46.0000
v 49.2982 -60.6144 46.0000
v 49.3017 -60.5987 46.0000
v 49.3085 -60.5672 46.0000
v 49.3153 -60.5359 46.0000
v 49.3187 -60.5203 46.0000
v 49.3043 -60.4668 46.0000
v 49.2970 -60.4401 46.0000
v 49.2827 -60.3870 46.0000
v 49.2755 -60.3606 46.0000
v 49.2613 -60.3079 46.0000
v 49.2541 -60.2816 46.0000
v 49.2471 -60.2555 46.0000
v 49.2329 -60.2033 46.0000
v 49.2259 -60.1773 46.0000
v 48.8105 -58.6426 46.0000
v 48.0906 -55.9828 46.0000
v 47.3542 -53.2619 46.0000
v 46.2229 -49.0822 46.0000
v 45.3063 -45.6955 46.0000
v 45.2925 -45.6447 46.0000
v 45.0713 -44.8273 46.0000
v 44.9234 -44.2807 46.0000
v 44.8709 -44.0871 46.0000
v 44.7479 -43.6325 46.0000
v 44.5378 -42.8562 46.0000
v 44.4132 -42.3958 46.0000
v 44.3691 -42.2329 46.0000
v 44.3545 -42.1789 46.0000
v 44.3254 -42.0713 46.0000
v 44.2964 -41.9643 46.0000
v 44.2820 -41.9110 46.0000
v 44.2532 -41.8048 46.0000
v 44.2246 -41.6992 46.0000
v 44.2104 -41.6465 46.0000
v 44.1631 -41.5339 46.0000
v 44.1396 -41.4779 46.0000
v 44.0928 -41.3664 46.0000
v 44.0695 -41.3110 46.0000
v 44.0232 -41.2007 46.0000
v 44.0001 -41.1458 46.0000
v 43.9772 -41.0911 46.0000
v 43.9315 -40.9823 46.0000
v 43.9087 -40.9281 46.0000
v 43.6567 -40.3278 46.0000
v 42.7168 -38.0890 46.0000
v 41.8962 -36.1345 46.0000
v 41.1631 -34.3885 46.0000
v 40.4947 -32.7963 46.0000
v 39.8736 -31.3170 46.0000
v 39.2863 -29.9183 46.0000
v 38.7220 -28.5741 46.0000
v 38.1709 -27.2616 46.0000
v 37.6245 -25.9601 46.0000
v 37.0744 -24.6498 46.0000
v 36.5119 -23.3101 46.0000
v 35.9277 -21.9187 46.0000
v 35.3109 -20.4496 46.0000
v 34.8142 -19.2664 46.0000
v 34.6484 -18.8716 46.0000
v 34.2375 -17.8929 46.0000
v 33.9235 -17.1449 46.0000
v 33.8565 -16.9853 46.0000
v 33.7413 -16.7110 46.0000
v 33.4092 -15.9201 46.0000
v 33.1139 -15.2166 46.0000
v 32.5698 -13.9207 46.0000
v 32.4606 -13.6605 46.0000
v 32.4244 -13.5743 46.0000
v 32.3525 -13.4030 46.0000
v 32.2811 -13.2329 46.0000
v 32.2455 -13.1483 46.0000
v 32.1890 -13.0137 46.0000
v 32.1749 -12.9800 46.0000
v 32.1047 -12.8129 46.0000
v 32.0698 -12.7297 46.0000
v 31.9927 -12.5814 46.0000
v 31.9544 -12.5078 46.0000
v 31.8783 -12.3613 46.0000
v 31.8405 -12.2886 46.0000
v 31.7654 -12.1440 46.0000
v 31.7281 -12.0722 46.0000
v 31.6909 -12.0007 46.0000
v 31.6170 -11.8585 46.0000
v 31.5803 -11.7879 46.0000
v 31.0101 -10.6906 46.0000
v 29.6095 -7.9957 46.0000
v 27.9129 -4.7310 46.0000
v 25.7789 -0.6247 46.0000
v 24.1898 2.4330 46.0000
v 22.9642 4.7913 46.0000
v 19.7127 11.0480 46.0000
v 19.0101 12.4000 46.0000
v 18.8922 12.6267 46.0000
v 18.3566 13.6574 46.0000
v 18.2133 13.9332 46.0000
v 17.7343 14.8548 46.0000
v 16.5848 17.0667 46.0000
v 16.4370 17.3512 46.0000
v 16.3881 17.4452 46.0000
v 16.2911 17.6320 46.0000
v 16.1949 17.8171 46.0000
v 16.1471 17.9090 46.0000
v 16.0521 18.0917 46.0000
v 15.9580 18.2728 46.0000
v 15.9113 18.3627 46.0000
v 15.8493 18.3193 46.0000
v 15.8187 18.2979 46.0000
v 15.7583 18.2556 46.0000
v 15.7285 18.2347 46.0000
v 15.6696 18.1935 46.0000
v 15.6405 18.1731 46.0000
v 15.6117 18.1529 46.0000
v 15.5547 18.1131 46.0000
v 15.5266 18.0934 46.0000
v 14.1598 17.1363 46.0000
v 10.3076 14.4390 46.0000
v 6.6932 11.9081 46.0000
v 3.2443 9.4932 46.0000
v -0.0997 7.1517 46.0000
v -3.3930 4.8457 46.0000
v -6.6863 2.5397 46.0000
v -10.0303 0.1982 46.0000
v -13.4792 -2.2167 46.0000
v -17.0936 -4.7475 46.0000
v -20.9458 -7.4449 46.0000
v -21.3513 -7.7288 46.0000
v -21.3804 -7.7492 46.0000
v -21.4395 -7.7906 46.0000
v -21.4694 -7.8115 46.0000
v -21.4996 -7.8327 46.0000
v -21.5607 -7.8754 46.0000
v -21.5916 -7.8971 46.0000
v -21.6542 -7.9409 46.0000
v -21.6860 -7.9632 46.0000
v -21.7502 -8.0082 46.0000
v -21.6813 -8.0871 46.0000
v -21.5426 -8.2461 46.0000
v -21.4027 -8.4063 46.0000
v -21.3323 -8.4870 46.0000
v -21.1907 -8.6493 46.0000
v -21.0478 -8.8130 46.0000
v -20.9759 -8.8954 46.0000
v -20.7583 -9.1446 46.0000
v -19.0707 -11.0781 46.0000
v -18.4335 -11.8081 46.0000
v -18.1600 -12.1215 46.0000
v -17.3776 -13.0179 46.0000
v -16.1820 -14.3877 46.0000
v -15.9546 -14.6482 46.0000
v -10.8597 -20.4854 46.0000
v -9.2561 -22.3226 46.0000
v -7.1595 -24.7247 46.0000
v -4.3123 -27.9867 46.0000
v -3.5645 -28.8434 46.0000
v -3.5095 -28.9065 46.0000
v -3.3987 -29.0335 46.0000
v -3.3429 -29.0973 46.0000
v -3.2869 -29.1615 46.0000
v -3.1743 -29.2905 46.0000
v -3.1177 -29.3554 46.0000
v -3.0037 -29.4860 46.0000
v -2.9463 -29.5517 46.0000
v -2.8309 -29.6839 46.0000
v -2.7655 -29.7513 46.0000
v -2.6341 -29.8869 46.0000
v -2.5016 -30.0234 46.0000
v -2.4351 -30.0920 46.0000
v -2.3012 -30.2300 46.0000
v -2.1663 -30.3690 46.0000
v -2.0985 -30.4389 46.0000
v -1.9239 -30.6189 46.0000
v -1.8935 -30.6502 46.0000
v -0.3162 -32.2762 46.0000
v 0.1884 -32.7963 46.0000
v 0.2917 -32.9028 46.0000
v 0.5260 -33.1443 46.0000
v 1.2446 -33.8851 46.0000
v 1.9702 -34.6331 46.0000
v 2.3339 -35.0080 46.0000
v 3.5152 -36.2257 46.0000
v 4.8872 -37.6400 46.0000
v 6.1317 -38.9229 46.0000
v 7.2823 -40.1089 46.0000
v 8.3651 -41.2251 46.0000
v 9.4012 -42.2932 46.0000
v 10.4086 -43.3317 46.0000
v 11.4034 -44.3572 46.0000
v 12.4008 -45.3853 46.0000
v 13.4163 -46.4321 46.0000
v 14.4666 -47.5147 46.0000
v 15.5703 -48.6526 46.0000
v 16.7340 -49.8521 46.0000
v 16.7503 -49.8689 46.0000
v 16.7800 -49.8995 46.0000
v 16.8723 -49.9947 46.0000
v 16.9187 -50.0425 46.0000
v 16.9653 -50.0905 46.0000
v 17.0589 -50.1870 46.0000
v 17.1059 -50.2355 46.0000
v 17.2006 -50.3331 46.0000
v 17.2481 -50.3821 46.0000
v 17.3438 -50.4807 46.0000
v 17.3934 -50.5253 46.0000
v 17.4932 -50.6149 46.0000
v 17.5935 -50.7050 46.0000
v 17.6439 -50.7503 46.0000
v 17.7452 -50.8412 46.0000
v 17.8471 -50.9328 46.0000
v 17.8983 -50.9788 46.0000
v 18.0529 -51.1176 46.0000
v 18.0546 -51.1192 46.0000
v 19.2333 -52.1779 46.0000
v 19.5039 -52.4209 46.0000
v 19.7046 -52.6012 46.0000
v 19.8571 -52.7382 46.0000
v 20.3859 -53.2132 46.0000
v 21.1203 -53.8728 46.0000
v 21.1814 -53.9277 46.0000
v 22.9642 -55.5291 46.0000
v 25.1227 -57.4678 46.0000
v 27.7269 -59.8070 46.0000
v 30.9861 -62.7345 46.0000
v 35.2571 -66.5707 46.0000
v 38.1978 -69.2121 46.0000
v 38.8768 -69.8220 46.0000
v 38.9006 -69.8434 46.0000
v 38.9485 -69.8864 46.0000
v 38.9726 -69.9080 46.0000
v 38.9967 -69.9297 46.0000
v 39.0452 -69.9732 46.0000
v 39.0695 -69.9951 46.0000
v 39.1184 -70.0390 46.0000
v 39.1430 -70.0611 46.0000
v 39.1923 -70.1054 46.0000
v 39.2068 -70.1041 46.0000
v 39.2359 -70.1014 46.0000
v 39.2651 -70.0987 46.0000
v 39.2798 -70.0973 46.0000
v 39.3091 -70.0946 46.0000
v 39.3386 -70.0919 46.0000
v 39.3534 -70.0906 46.0000
v 39.3979 -70.0865 46.0000
v 39.7320 -70.0558 46.0000
v 39.8792 -70.0422 46.0000
v 39.9047 -70.0399 46.0000
v 40.0489 -70.0266 46.0000
v 40.2625 -70.0070 46.0000
v 40.3136 -70.0023 46.0000
v 44.2368 -69.6414 46.0000
v 47.3949 -69.3509 46.0000
v 47.4005 -69.3249 46.0000
v 48.6815 -63.4450 49.6000
v 47.6714 -68.0818 49.6000
v 49.0677 -61.6724 49.6000
v 49.1178 -61.4425 49.6000
v 49.1517 -61.2872 49.6000
v 49.1673 -61.2156 49.6000
v 49.1922 -61.1013 49.6000
v 49.2705 -60.7416 49.6000
v 49.2810 -60.6937 49.6000
v 49.2844 -60.6778 49.6000
v 49.2913 -60.6460 49.6000
v 49.2982 -60.6144 49.6000
v 49.3017 -60.5987 49.6000
v 49.3085 -60.5672 49.6000
v 49.3153 -60.5359 49.6000
v 49.3187 -60.5203 49.6000
v 49.3255 -60.4891 49.6000
v 49.3183 -60.4624 49.6000
v 49.3039 -60.4093 49.6000
v 49.2968 -60.3828 49.6000
v 49.2825 -60.3301 49.6000
v 49.2754 -60.3038 49.6000
v 49.2683 -60.2776 49.6000
v 49.2542 -60.2254 49.6000
v 49.2471 -60.1994 49.6000
v 48.8314 -58.6635 49.6000
v 48.1109 -56.0016 49.6000
v 47.3739 -53.2785 49.6000
v 46.2417 -49.0954 49.6000
v 45.3243 -45.7059 49.6000
v 45.3106 -45.6551 49.6000
v 45.0891 -44.8371 49.6000
v 44.9411 -44.2900 49.6000
v 44.8886 -44.0962 49.6000
v 44.7655 -43.6413 49.6000
v 44.5552 -42.8644 49.6000
v 44.4305 -42.4036 49.6000
v 44.3864 -42.2406 49.6000
v 44.3718 -42.1865 49.6000
v 44.3426 -42.0788 49.6000
v 44.3136 -41.9717 49.6000
v 44.2992 -41.9184 49.6000
v 44.2704 -41.8121 49.6000
v 44.2418 -41.7064 49.6000
v 44.2275 -41.6537 49.6000
v 44.1991 -41.5488 49.6000
v 44.1756 -41.4927 49.6000
v 44.1287 -41.3810 49.6000
v 44.1054 -41.3255 49.6000
v 44.0590 -41.2150 49.6000
v 44.0359 -41.1600 49.6000
v 44.0129 -41.1052 49.6000
v 43.9671 -40.9962 49.6000
v 43.9444 -40.9419 49.6000
v 43.6919 -40.3406 49.6000
v 42.7504 -38.0980 49.6000
v 41.9284 -36.1402 49.6000
v 41.1941 -34.3912 49.6000
v 40.5245 -32.7963 49.6000
v 39.9023 -31.3144 49.6000
v 39.3141 -29.9134 49.6000
v 38.7488 -28.5669 49.6000
v 38.1968 -27.2521 49.6000
v 37.6494 -25.9485 49.6000
v 37.0984 -24.6360 49.6000
v 36.5350 -23.2940 49.6000
v 35.9498 -21.9002 49.6000
v 35.3319 -20.4286 49.6000
v 34.8343 -19.2434 49.6000
v 34.6683 -18.8480 49.6000
v 34.2567 -17.8676 49.6000
v 33.9421 -17.1183 49.6000
v 33.8750 -16.9584 49.6000
v 33.7596 -16.6837 49.6000
v 33.4270 -15.8914 49.6000
v 33.1312 -15.1867 49.6000
v 32.5861 -13.8886 49.6000
v 32.4767 -13.6279 49.6000
v 32.4405 -13.5417 49.6000
v 32.3684 -13.3701 49.6000
v 32.2969 -13.1997 49.6000
v 32.2613 -13.1149 49.6000
v 32.2047 -12.9801 49.6000
v 32.1905 -12.9463 49.6000
v 32.1202 -12.7789 49.6000
v 32.0853 -12.6956 49.6000
v 32.0157 -12.5299 49.6000
v 31.9773 -12.4561 49.6000
v 31.9010 -12.3093 49.6000
v 31.8631 -12.2364 49.6000
v 31.7878 -12.0914 49.6000
v 31.7504 -12.0194 49.6000
v 31.7131 -11.9477 49.6000
v 31.6391 -11.8052 49.6000
v 31.6023 -11.7344 49.6000
v 31.0306 -10.6343 49.6000
v 29.6265 -7.9325 49.6000
v 27.9255 -4.6595 49.6000
v 25.7861 -0.5427 49.6000
v 24.1930 2.5227 49.6000
v 22.9642 4.8871 49.6000
v 19.7044 11.1597 49.6000
v 19.0000 12.5151 49.6000
v 18.8819 12.7424 49.6000
v 18.3448 13.7758 49.6000
v 18.2012 14.0522 49.6000
v 17.7210 14.9761 49.6000
v 16.5686 17.1937 49.6000
v 16.4203 17.4789 49.6000
v 16.3714 17.5732 49.6000
v 16.2741 17.7604 49.6000
v 16.1776 17.9460 49.6000
v 16.1297 18.0382 49.6000
v 16.0345 18.2213 49.6000
v 15.9402 18.4028 49.6000
v 15.8933 18.4930 49.6000
v 15.8002 18.6722 49.6000
v 15.7694 18.6507 49.6000
v 15.7086 18.6081 49.6000
v 15.6785 18.5871 49.6000
v 15.6193 18.5455 49.6000
v 15.5900 18.5250 49.6000
v 15.5609 18.5047 49.6000
v 15.5036 18.4646 49.6000
v 15.4753 18.4447 49.6000
v 14.0990 17.4810 49.6000
v 10.2202 14.7651 49.6000
v 6.5808 12.2168 49.6000
v 3.1082 9.7852 49.6000
v -0.2590 7.4275 49.6000
v -3.5750 5.1056 49.6000
v -6.8910 2.7837 49.6000
v -10.2581 0.4260 49.6000
v -13.7308 -2.0056 49.6000
v -17.3701 -4.5539 49.6000
v -21.2489 -7.2698 49.6000
v -21.6572 -7.5557 49.6000
v -21.6866 -7.5763 49.6000
v -21.7461 -7.6179 49.6000
v -21.7762 -7.6390 49.6000
v -21.8066 -7.6603 49.6000
v -21.8681 -7.7034 49.6000
v -21.8992 -7.7252 49.6000
v -21.9623 -7.7693 49.6000
v -21.9942 -7.7917 49.6000
v -21.8569 -7.9490 49.6000
v -21.7878 -8.0282 49.6000
v -21.6488 -8.1875 49.6000
v -21.5086 -8.3481 49.6000
v -21.4380 -8.4290 49.6000
v -21.2960 -8.5917 49.6000
v -21.1528 -8.7558 49.6000
v -21.0807 -8.8383 49.6000
v -20.8626 -9.0882 49.6000
v -19.1710 -11.0263 49.6000
v -18.5323 -11.7580 49.6000
v -18.2581 -12.0722 49.6000
v -17.4738 -12.9707 49.6000
v -16.2754 -14.3438 49.6000
v -16.0475 -14.6049 49.6000
v -10.9404 -20.4561 49.6000
v -9.3330 -22.2976 49.6000
v -7.2314 -24.7054 49.6000
v -4.3774 -27.9753 49.6000
v -3.6278 -28.8340 49.6000
v -3.5726 -28.8973 49.6000
v -3.4615 -29.0245 49.6000
v -3.4057 -29.0885 49.6000
v -3.3496 -29.1528 49.6000
v -3.2367 -29.2821 49.6000
v -3.1799 -29.3472 49.6000
v -3.0656 -29.4781 49.6000
v -3.0082 -29.5440 49.6000
v -2.8779 -29.6783 49.6000
v -2.8124 -29.7458 49.6000
v -2.6807 -29.8816 49.6000
v -2.5480 -30.0183 49.6000
v -2.4813 -30.0871 49.6000
v -2.3472 -30.2253 49.6000
v -2.2120 -30.3646 49.6000
v -2.1441 -30.4347 49.6000
v -1.9692 -30.6149 49.6000
v -1.9388 -30.6463 49.6000
v -0.3586 -32.2752 49.6000
v 0.1469 -32.7963 49.6000
v 0.2504 -32.9030 49.6000
v 0.4851 -33.1450 49.6000
v 1.2051 -33.8871 49.6000
v 1.9320 -34.6364 49.6000
v 2.2964 -35.0121 49.6000
v 3.4798 -36.2320 49.6000
v 4.8543 -37.6489 49.6000
v 6.1010 -38.9340 49.6000
v 7.2537 -40.1223 49.6000
v 8.3385 -41.2405 49.6000
v 9.3766 -42.3105 49.6000
v 10.3858 -43.3509 49.6000
v 11.3824 -44.3782 49.6000
v 12.3816 -45.4082 49.6000
v 13.3990 -46.4570 49.6000
v 14.4511 -47.5415 49.6000
v 15.5569 -48.6814 49.6000
v 16.7227 -49.8832 49.6000
v 16.7390 -49.9000 49.6000
v 16.7687 -49.9306 49.6000
v 16.8612 -50.0259 49.6000
v 16.9077 -50.0739 49.6000
v 16.9543 -50.1220 49.6000
v 17.0481 -50.2187 49.6000
v 17.0953 -50.2673 49.6000
v 17.1901 -50.3650 49.6000
v 17.2377 -50.4141 49.6000
v 17.3367 -50.5030 49.6000
v 17.3864 -50.5476 49.6000
v 17.4863 -50.6373 49.6000
v 17.5867 -50.7276 49.6000
v 17.6372 -50.7729 49.6000
v 17.7386 -50.8640 49.6000
v 17.8407 -50.9556 49.6000
v 17.8919 -51.0017 49.6000
v 18.0467 -51.1407 49.6000
v 18.0484 -51.1423 49.6000
v 19.2286 -52.2023 49.6000
v 19.4995 -52.4457 49.6000
v 19.7005 -52.6262 49.6000
v 19.8532 -52.7633 49.6000
v 20.3827 -53.2389 49.6000
v 21.1180 -53.8994 49.6000
v 21.1791 -53.9543 49.6000
v 22.9642 -55.5577 49.6000
v 25.1254 -57.4990 49.6000
v 27.7330 -59.8411 49.6000
v 30.9962 -62.7722 49.6000
v 35.2726 -66.6133 49.6000
v 38.2170 -69.2580 49.6000
v 38.8969 -69.8687 49.6000
v 38.9207 -69.8901 49.6000
v 38.9687 -69.9332 49.6000
v 38.9928 -69.9548 49.6000
v 39.0169 -69.9765 49.6000
v 39.0655 -70.0201 49.6000
v 39.0898 -70.0420 49.6000
v 39.1388 -70.0860 49.6000
v 39.1634 -70.1081 49.6000
v 39.1923 -70.1054 49.6000
v 39.2068 -70.1041 49.6000
v 39.2359 -70.1014 49.6000
v 39.2651 -70.0987 49.6000
v 39.2798 -70.0973 49.6000
v 39.3091 -70.0946 49.6000
v 39.3386 -70.0919 49.6000
v 39.3534 -70.0906 49.6000
v 39.3979 -70.0865 49.6000
v 39.7320 -70.0558 49.6000
v 39.8792 -70.0422 49.6000
v 39.9047 -70.0399 49.6000
v 40.0489 -70.0266 49.6000
v 40.2625 -70.0070 49.6000
v 40.3136 -70.0023 49.6000
v 44.2368 -69.6414 49.6000
v 47.3949 -69.3509 49.6000
v 47.4005 -69.3249 49.6000
v 48.6815 -63.4450 53.2000
v 47.6714 -68.0818 53.2000
v 49.0677 -61.6724 53.2000
v 49.1178 -61.4425 53.2000
v 49.1517 -61.2872 53.2000
v 49.1673 -61.2156 53.2000
v 49.1922 -61.1013 53.2000
v 49.2705 -60.7416 53.2000
v 49.2810 -60.6937 53.2000
v 49.2844 -60.6778 53.2000
v 49.2913 -60.6460 53.2000
v 49.2982 -60.6144 53.2000
v 49.3017 -60.5987 53.2000
v 49.3085 -60.5672 53.2000
v 49.3153 -60.5359 53.2000
v 49.3187 -60.5203 53.2000
v 49.3255 -60.4891 53.2000
v 49.3289 -60.4736 53.2000
v 49.3145 -60.4204 53.2000
v 49.3074 -60.3939 53.2000
v 49.2931 -60.3412 53.2000
v 49.2860 -60.3149 53.2000
v 49.2789 -60.2887 53.2000
v 49.2647 -60.2365 53.2000
v 49.2577 -60.2104 53.2000
v 48.8418 -58.6739 53.2000
v 48.1210 -56.0109 53.2000
v 47.3837 -53.2867 53.2000
v 46.2511 -49.1019 53.2000
v 45.3333 -45.7111 53.2000
v 45.3196 -45.6603 53.2000
v 45.0981 -44.8419 53.2000
v 44.9499 -44.2946 53.2000
v 44.8974 -44.1007 53.2000
v 44.7743 -43.6456 53.2000
v 44.5639 -42.8684 53.2000
v 44.4391 -42.4075 53.2000
v 44.3950 -42.2444 53.2000
v 44.3804 -42.1903 53.2000
v 44.3512 -42.0826 53.2000
v 44.3222 -41.9754 53.2000
v 44.3078 -41.9220 53.2000
v 44.2790 -41.8157 53.2000
v 44.2504 -41.7099 53.2000
v 44.2361 -41.6573 53.2000
v 44.2077 -41.5523 53.2000
v 44.1935 -41.5000 53.2000
v 44.1466 -41.3883 53.2000
v 44.1233 -41.3327 53.2000
v 44.0769 -41.2221 53.2000
v 44.0538 -41.1671 53.2000
v 44.0307 -41.1122 53.2000
v 43.9849 -41.0031 53.2000
v 43.9621 -40.9488 53.2000
v 43.7094 -40.3470 53.2000
v 42.7671 -38.1025 53.2000
v 41.9444 -36.1430 53.2000
v 41.2095 -34.3926 53.2000
v 40.5393 -32.7963 53.2000
v 39.9166 -31.3132 53.2000
v 39.3279 -29.9110 53.2000
v 38.7621 -28.5633 53.2000
v 38.2097 -27.2474 53.2000
v 37.6619 -25.9427 53.2000
v 37.1103 -24.6291 53.2000
v 36.5464 -23.2860 53.2000
v 35.9608 -21.8909 53.2000
v 35.3424 -20.4182 53.2000
v 34.8444 -19.2320 53.2000
v 34.6782 -18.8361 53.2000
v 34.2663 -17.8549 53.2000
v 33.9514 -17.1050 53.2000
v 33.8842 -16.9450 53.2000
v 33.7688 -16.6700 53.2000
v 33.4359 -15.8771 53.2000
v 33.1398 -15.1718 53.2000
v 32.5943 -13.8726 53.2000
v 32.4848 -13.6117 53.2000
v 32.4485 -13.5254 53.2000
v 32.3764 -13.3536 53.2000
v 32.3048 -13.1831 53.2000
v 32.2692 -13.0983 53.2000
v 32.2125 -12.9633 53.2000
v 32.1983 -12.9295 53.2000
v 32.1280 -12.7620 53.2000
v 32.0930 -12.6786 53.2000
v 32.0234 -12.5128 53.2000
v 31.9887 -12.4303 53.2000
v 31.9124 -12.2833 53.2000
v 31.8744 -12.2103 53.2000
v 31.7990 -12.0652 53.2000
v 31.7615 -11.9931 53.2000
v 31.7242 -11.9213 53.2000
v 31.6501 -11.7786 53.2000
v 31.6132 -11.7077 53.2000
v 31.0408 -10.6062 53.2000
v 29.6349 -7.9010 53.2000
v 27.9318 -4.6239 53.2000
v 25.7896 -0.5019 53.2000
v 24.1945 2.5675 53.2000
v 22.9642 4.9348 53.2000
v 19.7003 11.2154 53.2000
v 18.9950 12.5725 53.2000
v 18.8767 12.8001 53.2000
v 18.3390 13.8348 53.2000
v 18.1951 14.1116 53.2000
v 17.7144 15.0367 53.2000
v 16.5605 17.2570 53.2000
v 16.4120 17.5426 53.2000
v 16.3630 17.6370 53.2000
v 16.2656 17.8245 53.2000
v 16.1690 18.0103 53.2000
v 16.1211 18.1026 53.2000
v 16.0258 18.2859 53.2000
v 15.9313 18.4677 53.2000
v 15.8844 18.5580 53.2000
v 15.7911 18.7374 53.2000
v 15.7448 18.8266 53.2000
v 15.6838 18.7839 53.2000
v 15.6536 18.7628 53.2000
v 15.5941 18.7211 53.2000
v 15.5648 18.7005 53.2000
v 15.5356 18.6801 53.2000
v 15.4781 18.6398 53.2000
v 15.4497 18.6199 53.2000
v 14.0687 17.6530 53.2000
v 10.1766 14.9277 53.2000
v 6.5248 12.3707 53.2000
v 3.0403 9.9308 53.2000
v -0.3384 7.5650 53.2000
v -3.6657 5.2352 53.2000
v -6.9931 2.9054 53.2000
v -10.3717 0.5396 53.2000
v -13.8562 -1.9003 53.2000
v -17.5081 -4.4573 53.2000
v -21.4001 -7.1826 53.2000
v -21.8098 -7.4694 53.2000
v -21.8393 -7.4901 53.2000
v -21.8990 -7.5319 53.2000
v -21.9292 -7.5530 53.2000
v -21.9597 -7.5743 53.2000
v -22.0214 -7.6176 53.2000
v -22.0526 -7.6394 53.2000
v -22.1159 -7.6838 53.2000
v -22.0476 -7.7620 53.2000
v -21.9101 -7.9195 53.2000
v -21.8409 -7.9988 53.2000
v -21.7017 -8.1583 53.2000
v -21.5613 -8.3191 53.2000
v -21.4907 -8.4000 53.2000
v -21.3485 -8.5629 53.2000
v -21.2051 -8.7272 53.2000
v -21.1330 -8.8099 53.2000
v -20.9146 -9.0601 53.2000
v -19.2210 -11.0004 53.2000
v -18.5816 -11.7330 53.2000
v -18.3070 -12.0476 53.2000
v -17.5218 -12.9472 53.2000
v -16.3220 -14.3218 53.2000
v -16.0938 -14.5833 53.2000
v -10.9806 -20.4414 53.2000
v -9.3713 -22.2852 53.2000
v -7.2672 -24.6958 53.2000
v -4.4098 -27.9695 53.2000
v -3.6594 -28.8293 53.2000
v -3.6041 -28.8926 53.2000
v -3.4929 -29.0200 53.2000
v -3.4370 -29.0841 53.2000
v -3.3808 -29.1485 53.2000
v -3.2678 -29.2779 53.2000
v -3.2109 -29.3431 53.2000
v -3.0965 -29.4742 53.2000
v -3.0317 -29.5410 53.2000
v -2.9013 -29.6755 53.2000
v -2.8357 -29.7430 53.2000
v -2.7039 -29.8789 53.2000
v -2.5711 -30.0158 53.2000
v -2.5043 -30.0846 53.2000
v -2.3701 -30.2230 53.2000
v -2.2348 -30.3624 53.2000
v -2.1669 -30.4325 53.2000
v -1.9918 -30.6130 53.2000
v -1.9613 -30.6444 53.2000
v -0.3797 -32.2747 53.2000
v 0.1263 -32.7963 53.2000
v 0.2298 -32.9031 53.2000
v 0.4648 -33.1453 53.2000
v 1.1854 -33.8881 53.2000
v 1.9129 -34.6381 53.2000
v 2.2777 -35.0141 53.2000
v 3.4621 -36.2351 53.2000
v 4.8379 -37.6533 53.2000
v 6.0858 -38.9396 53.2000
v 7.2395 -40.1289 53.2000
v 8.3253 -41.2481 53.2000
v 9.3642 -42.3191 53.2000
v 10.3744 -43.3605 53.2000
v 11.3719 -44.3887 53.2000
v 12.3720 -45.4196 53.2000
v 13.3903 -46.4693 53.2000
v 14.4434 -47.5549 53.2000
v 15.5502 -48.6958 53.2000
v 16.7170 -49.8987 53.2000
v 16.7334 -49.9155 53.2000
v 16.7631 -49.9461 53.2000
v 16.8557 -50.0416 53.2000
v 16.9022 -50.0895 53.2000
v 16.9489 -50.1377 53.2000
v 17.0428 -50.2344 53.2000
v 17.0900 -50.2831 53.2000
v 17.1849 -50.3809 53.2000
v 17.2341 -50.4252 53.2000
v 17.3332 -50.5141 53.2000
v 17.3829 -50.5588 53.2000
v 17.4828 -50.6485 53.2000
v 17.5834 -50.7388 53.2000
v 17.6339 -50.7842 53.2000
v 17.7353 -50.8753 53.2000
v 17.8374 -50.9670 53.2000
v 17.8887 -51.0131 53.2000
v 18.0436 -51.1522 53.2000
v 18.0454 -51.1538 53.2000
v 19.2262 -52.2145 53.2000
v 19.4973 -52.4580 53.2000
v 19.6985 -52.6387 53.2000
v 19.8512 -52.7759 53.2000
v 20.3810 -53.2517 53.2000
v 21.1168 -53.9126 53.2000
v 21.1780 -53.9676 53.2000
v 22.9642 -55.5720 53.2000
v 25.1268 -57.5145 53.2000
v 27.7359 -59.8580 53.2000
v 31.0013 -62.7910 53.2000
v 35.2803 -66.6345 53.2000
v 38.2265 -69.2809 53.2000
v 38.9069 -69.8919 53.2000
v 38.9308 -69.9134 53.2000
v 38.9787 -69.9565 53.2000
v 39.0028 -69.9781 53.2000
v 39.0270 -69.9999 53.2000
v 39.0756 -70.0435 53.2000
v 39.1000 -70.0654 53.2000
v 39.1489 -70.1094 53.2000
v 39.1634 -70.1081 53.2000
v 39.1923 -70.1054 53.2000
v 39.2068 -70.1041 53.2000
v 39.2359 -70.1014 53.2000
v 39.2651 -70.0987 53.2000
v 39.2798 -70.0973 53.2000
v 39.3091 -70.0946 53.2000
v 39.3386 -70.0919 53.2000
v 39.3534 -70.0906 53.2000
v 39.3979 -70.0865 53.2000
v 39.7320 -70.0558 53.2000
v 39.8792 -70.0422 53.2000
v 39.9047 -70.0399 53.2000
v 40.0489 -70.0266 53.2000
v 40.2625 -70.0070 53.2000
v 40.3136 -70.0023 53.2000
v 44.2368 -69.6414 53.2000
v 47.3949 -69.3509 53.2000
v 47.4005 -69.3249 53.2000
v 48.6815 -63.4450 56.8000
v 47.6714 -68.0818 56.8000
v 49.0677 -61.6724 56.8000
v 49.1178 -61.4425 56.8000
v 49.1517 -61.2872 56.8000
v 49.1673 -61.2156 56.8000
v 49.1922 -61.1013 56.8000
v 49.2705 -60.7416 56.8000
v 49.2810 -60.6937 56.8000
v 49.2844 -60.6778 56.8000
v 49.2913 -60.6460 56.8000
v 49.2982 -60.6144 56.8000
v 49.3017 -60.5987 56.8000
v 49.3085 -60.5672 56.8000
v 49.3153 -60.5359 56.8000
v 49.3187 -60.5203 56.8000
v 49.3255 -60.4891 56.8000
v 49.3289 -60.4736 56.8000
v 49.3357 -60.4426 56.8000
v 49.3285 -60.4161 56.8000
v 49.3142 -60.3633 56.8000
v 49.3071 -60.3370 56.8000
v 49.3000 -60.3107 56.8000
v 49.2858 -60.2585 56.8000
v 49.2788 -60.2324 56.8000
v 48.8626 -58.6947 56.8000
v 48.1412 -56.0295 56.8000
v 47.4033 -53.3031 56.8000
v 46.2698 -49.1150 56.8000
v 45.3513 -45.7215 56.8000
v 45.3375 -45.6706 56.8000
v 45.1158 -44.8516 56.8000
v 44.9676 -44.3039 56.8000
v 44.9150 -44.1098 56.8000
v 44.7918 -43.6543 56.8000
v 44.5812 -42.8765 56.8000
v 44.4564 -42.4152 56.8000
v 44.4122 -42.2519 56.8000
v 44.3975 -42.1978 56.8000
v 44.3684 -42.0900 56.8000
v 44.3393 -41.9828 56.8000
v 44.3249 -41.9293 56.8000
v 44.2961 -41.8229 56.8000
v 44.2674 -41.7171 56.8000
v 44.2532 -41.6644 56.8000
v 44.2247 -41.5593 56.8000
v 44.2106 -41.5070 56.8000
v 44.1824 -41.4028 56.8000
v 44.1590 -41.3471 56.8000
v 44.1125 -41.2363 56.8000
v 44.0893 -41.1812 56.8000
v 44.0663 -41.1263 56.8000
v 44.0204 -41.0170 56.8000
v 43.9975 -40.9626 56.8000
v 43.7444 -40.3597 56.8000
v 42.8005 -38.1114 56.8000
v 41.9765 -36.1487 56.8000
v 41.2403 -34.3953 56.8000
v 40.5690 -32.7963 56.8000
v 39.9452 -31.3107 56.8000
v 39.3555 -29.9061 56.8000
v 38.7888 -28.5562 56.8000
v 38.2354 -27.2381 56.8000
v 37.6867 -25.9311 56.8000
v 37.1342 -24.6153 56.8000
v 36.5694 -23.2699 56.8000
v 35.9827 -21.8725 56.8000
v 35.3633 -20.3973 56.8000
v 34.8644 -19.2091 56.8000
v 34.6980 -18.8126 56.8000
v 34.2853 -17.8297 56.8000
v 33.9699 -17.0785 56.8000
v 33.9026 -16.9183 56.8000
v 33.7870 -16.6428 56.8000
v 33.4535 -15.8485 56.8000
v 33.1569 -15.1421 56.8000
v 32.6105 -13.8407 56.8000
v 32.5008 -13.5793 56.8000
v 32.4645 -13.4929 56.8000
v 32.3923 -13.3208 56.8000
v 32.3206 -13.1500 56.8000
v 32.2849 -13.0650 56.8000
v 32.2281 -12.9298 56.8000
v 32.2139 -12.8960 56.8000
v 32.1435 -12.7282 56.8000
v 32.1084 -12.6447 56.8000
v 32.0387 -12.4786 56.8000
v 32.0040 -12.3959 56.8000
v 31.9350 -12.2315 56.8000
v 31.8969 -12.1583 56.8000
v 31.8213 -12.0129 56.8000
v 31.7837 -11.9406 56.8000
v 31.7463 -11.8686 56.8000
v 31.6720 -11.7255 56.8000
v 31.6350 -11.6544 56.8000
v 31.0612 -10.5502 56.8000
v 29.6518 -7.8382 56.8000
v 27.9443 -4.5527 56.8000
v 25.7968 -0.4204 56.8000
v 24.1976 2.6567 56.8000
v 22.9642 5.0300 56.8000
v 19.6920 11.3265 56.8000
v 18.9850 12.6870 56.8000
v 18.8664 12.9152 56.8000
v 18.3273 13.9525 56.8000
v 18.1831 14.2300 56.8000
v 17.7011 15.1574 56.8000
v 16.5443 17.3834 56.8000
v 16.3955 17.6697 56.8000
v 16.3463 17.7643 56.8000
v 16.2487 17.9522 56.8000
v 16.1519 18.1385 56.8000
v 16.1038 18.2310 56.8000
v 16.0082 18.4149 56.8000
v 15.9135 18.5971 56.8000
v 15.8665 18.6876 56.8000
v 15.7730 18.8675 56.8000
v 15.7266 18.9569 56.8000
v 15.6343 19.1345 56.8000
v 15.6039 19.1132 56.8000
v 15.5440 19.0713 56.8000
v 15.5145 19.0506 56.8000
v 15.4851 19.0301 56.8000
v 15.4272 18.9895 56.8000
v 15.3986 18.9694 56.8000
v 14.0082 17.9959 56.8000
v 10.0897 15.2521 56.8000
v 6.4130 12.6777 56.8000
v 2.9048 10.2212 56.8000
v -0.4968 7.8394 56.8000
v -3.8468 5.4937 56.8000
v -7.1967 3.1481 56.8000
v -10.5983 0.7662 56.8000
v -14.1065 -1.6903 56.8000
v -17.7832 -4.2647 56.8000
v -21.7017 -7.0084 56.8000
v -22.1142 -7.2973 56.8000
v -22.1438 -7.3180 56.8000
v -22.2039 -7.3601 56.8000
v -22.2344 -7.3814 56.8000
v -22.2650 -7.4029 56.8000
v -22.3272 -7.4464 56.8000
v -22.3586 -7.4684 56.8000
v -22.2225 -7.6244 56.8000
v -22.1540 -7.7028 56.8000
v -22.0162 -7.8607 56.8000
v -21.9469 -7.9401 56.8000
v -21.8074 -8.1000 56.8000
v -21.6666 -8.2612 56.8000
v -21.5958 -8.3424 56.8000
v -21.4533 -8.5056 56.8000
v -21.3096 -8.6703 56.8000
v -21.2373 -8.7532 56.8000
v -21.0184 -9.0039 56.8000
v -19.3208 -10.9489 56.8000
v -18.6798 -11.6832 56.8000
v -18.4046 -11.9985 56.8000
v -17.6176 -12.9003 56.8000
v -16.4149 -14.2782 56.8000
v -16.1861 -14.5402 56.8000
v -11.0609 -20.4122 56.8000
v -9.4478 -22.2603 56.8000
v -7.3387 -24.6767 56.8000
v -4.4746 -27.9581 56.8000
v -3.7223 -28.8199 56.8000
v -3.6669 -28.8834 56.8000
v -3.5555 -29.0111 56.8000
v -3.4994 -29.0753 56.8000
v -3.4431 -29.1398 56.8000
v -3.3298 -29.2696 56.8000
v -3.2728 -29.3349 56.8000
v -3.1436 -29.4682 56.8000
v -3.0786 -29.5351 56.8000
v -2.9480 -29.6698 56.8000
v -2.8823 -29.7375 56.8000
v -2.7502 -29.8737 56.8000
v -2.6172 -30.0108 56.8000
v -2.5503 -30.0797 56.8000
v -2.4158 -30.2184 56.8000
v -2.2803 -30.3580 56.8000
v -2.2122 -30.4282 56.8000
v -2.0369 -30.6090 56.8000
v -2.0063 -30.6405 56.8000
v -0.4219 -32.2738 56.8000
v 0.0850 -32.7963 56.8000
v 0.1888 -32.9033 56.8000
v 0.4242 -33.1459 56.8000
v 1.1461 -33.8901 56.8000
v 1.8749 -34.6414 56.8000
v 2.2403 -35.0181 56.8000
v 3.4269 -36.2413 56.8000
v 4.8052 -37.6620 56.8000
v 6.0553 -38.9507 56.8000
v 7.2111 -40.1421 56.8000
v 8.2988 -41.2634 56.8000
v 9.3397 -42.3363 56.8000
v 10.3517 -43.3795 56.8000
v 11.3510 -44.4096 56.8000
v 12.3529 -45.4424 56.8000
v 13.3730 -46.4940 56.8000
v 14.4280 -47.5815 56.8000
v 15.5368 -48.7245 56.8000
v 16.7058 -49.9295 56.8000
v 16.7221 -49.9464 56.8000
v 16.7519 -49.9771 56.8000
v 16.8446 -50.0727 56.8000
v 16.8913 -50.1207 56.8000
v 16.9380 -50.1690 56.8000
v 17.0321 -50.2659 56.8000
v 17.0794 -50.3147 56.8000
v 17.1776 -50.4029 56.8000
v 17.2270 -50.4472 56.8000
v 17.3261 -50.5363 56.8000
v 17.3759 -50.5810 56.8000
v 17.4760 -50.6709 56.8000
v 17.5766 -50.7613 56.8000
v 17.6272 -50.8067 56.8000
v 17.7288 -50.8980 56.8000
v 17.8310 -50.9898 56.8000
v 17.8824 -51.0359 56.8000
v 18.0374 -51.1752 56.8000
v 18.0392 -51.1768 56.8000
v 19.2215 -52.2388 56.8000
v 19.4930 -52.4826 56.8000
v 19.6944 -52.6635 56.8000
v 19.8473 -52.8009 56.8000
v 20.3778 -53.2774 56.8000
v 21.1145 -53.9391 56.8000
v 21.1758 -53.9941 56.8000
v 22.9642 -55.6005 56.8000
v 25.1295 -57.5454 56.8000
v 27.7419 -59.8919 56.8000
v 31.0114 -62.8286 56.8000
v 35.2958 -66.6769 56.8000
v 38.2456 -69.3265 56.8000
v 38.9268 -69.9384 56.8000
v 38.9507 -69.9599 56.8000
v 38.9988 -70.0030 56.8000
v 39.0229 -70.0247 56.8000
v 39.0471 -70.0464 56.8000
v 39.0957 -70.0901 56.8000
v 39.1202 -70.1120 56.8000
v 39.1489 -70.1094 56.8000
v 39.1634 -70.1081 56.8000
v 39.1923 -70.1054 56.8000
v 39.2068 -70.1041 56.8000
v 39.2359 -70.1014 56.8000
v 39.2651 -70.0987 56.8000
v 39.2798 -70.0973 56.8000
v 39.3091 -70.0946 56.8000
v 39.3386 -70.0919 56.8000
v 39.3534 -70.0906 56.8000
v 39.3979 -70.0865 56.8000
v 39.7320 -70.0558 56.8000
v 39.8792 -70.0422 56.8000
v 39.9047 -70.0399 56.8000
v 40.0489 -70.0266 56.8000
v 40.2625 -70.0070 56.8000
v 40.3136 -70.0023 56.8000
v 44.2368 -69.6414 56.8000
v 47.3949 -69.3509 56.8000
v 47.4005 -69.3249 56.8000
v 48.6815 -63.4450 60.4000
v 47.6714 -68.0818 60.4000
v 49.0677 -61.6724 60.4000
v 49.1178 -61.4425 60.4000
v 49.1517 -61.2872 60.4000
v 49.1673 -61.2156 60.4000
v 49.1922 -61.1013 60.4000
v 49.2705 -60.7416 60.4000
v 49.2810 -60.6937 60.4000
v 49.2844 -60.6778 60.4000
v 49.2913 -60.6460 60.4000
v 49.2982 -60.6144 60.4000
v 49.3017 -60.5987 60.4000
v 49.3085 -60.5672 60.4000
v 49.3153 -60.5359 60.4000
v 49.3187 -60.5203 60.4000
v 49.3255 -60.4891 60.4000
v 49.3289 -60.4736 60.4000
v 49.3357 -60.4426 60.4000
v 49.3390 -60.4271 60.4000
v 49.3247 -60.3743 60.4000
v 49.3176 -60.3480 60.4000
v 49.3105 -60.3217 60.4000
v 49.2964 -60.2694 60.4000
v 49.2893 -60.2434 60.4000
v 48.8729 -58.7050 60.4000
v 48.1513 -56.0388 60.4000
v 47.4131 -53.3113 60.4000
v 46.2791 -49.1216 60.4000
v 45.3602 -45.7267 60.4000
v 45.3464 -45.6757 60.4000
v 45.1247 -44.8564 60.4000
v 44.9764 -44.3085 60.4000
v 44.9238 -44.1143 60.4000
v 44.8005 -43.6587 60.4000
v 44.5899 -42.8805 60.4000
v 44.4650 -42.4190 60.4000
v 44.4208 -42.2557 60.4000
v 44.4061 -42.2016 60.4000
v 44.3769 -42.0937 60.4000
v 44.3479 -41.9864 60.4000
v 44.3334 -41.9330 60.4000
v 44.3046 -41.8266 60.4000
v 44.2760 -41.7207 60.4000
v 44.2617 -41.6679 60.4000
v 44.2332 -41.5628 60.4000
v 44.2191 -41.5105 60.4000
v 44.1908 -41.4062 60.4000
v 44.1768 -41.3543 60.4000
v 44.1302 -41.2434 60.4000
v 44.1071 -41.1882 60.4000
v 44.0840 -41.1333 60.4000
v 44.0381 -41.0239 60.4000
v 44.0152 -40.9694 60.4000
v 43.7619 -40.3661 60.4000
v 42.8172 -38.1159 60.4000
v 41.9924 -36.1515 60.4000
v 41.2556 -34.3966 60.4000
v 40.5838 -32.7963 60.4000
v 39.9595 -31.3094 60.4000
v 39.3693 -29.9037 60.4000
v 38.8021 -28.5526 60.4000
v 38.2482 -27.2334 60.4000
v 37.6990 -25.9254 60.4000
v 37.1461 -24.6084 60.4000
v 36.5808 -23.2619 60.4000
v 35.9936 -21.8634 60.4000
v 35.3737 -20.3869 60.4000
v 34.8744 -19.1977 60.4000
v 34.7078 -18.8009 60.4000
v 34.2948 -17.8172 60.4000
v 33.9792 -17.0653 60.4000
v 33.9118 -16.9049 60.4000
v 33.7961 -16.6293 60.4000
v 33.4623 -15.8343 60.4000
v 33.1655 -15.1272 60.4000
v 32.6186 -13.8247 60.4000
v 32.5088 -13.5632 60.4000
v 32.4725 -13.4766 60.4000
v 32.4002 -13.3044 60.4000
v 32.3284 -13.1335 60.4000
v 32.2927 -13.0484 60.4000
v 32.2359 -12.9132 60.4000
v 32.2217 -12.8793 60.4000
v 32.1512 -12.7113 60.4000
v 32.1161 -12.6277 60.4000
v 32.0463 -12.4615 60.4000
v 32.0116 -12.3788 60.4000
v 31.9425 -12.2143 60.4000
v 31.9081 -12.1324 60.4000
v 31.8324 -11.9868 60.4000
v 31.7948 -11.9144 60.4000
v 31.7574 -11.8423 60.4000
v 31.6829 -11.6991 60.4000
v 31.6459 -11.6279 60.4000
v 31.0713 -10.5223 60.4000
v 29.6601 -7.8068 60.4000
v 27.9506 -4.5173 60.4000
v 25.8003 -0.3797 60.4000
v 24.1992 2.7013 60.4000
v 22.9642 5.0775 60.4000
v 19.6879 11.3819 60.4000
v 18.9800 12.7441 60.4000
v 18.8612 12.9726 60.4000
v 18.3215 14.0112 60.4000
v 18.1771 14.2890 60.4000
v 17.6945 15.2176 60.4000
v 16.5363 17.4464 60.4000
v 16.3873 17.7331 60.4000
v 16.3380 17.8278 60.4000
v 16.2402 18.0160 60.4000
v 16.1433 18.2025 60.4000
v 16.0952 18.2951 60.4000
v 15.9995 18.4792 60.4000
v 15.9047 18.6616 60.4000
v 15.8576 18.7523 60.4000
v 15.7640 18.9324 60.4000
v 15.7175 19.0219 60.4000
v 15.6251 19.1997 60.4000
v 15.5792 19.2880 60.4000
v 15.5191 19.2459 60.4000
v 15.4894 19.2252 60.4000
v 15.4599 19.2046 60.4000
v 15.4018 19.1639 60.4000
v 15.3731 19.1438 60.4000
v 13.9780 18.1669 60.4000
v 10.0463 15.4139 60.4000
v 6.3573 12.8308 60.4000
v 2.8373 10.3661 60.4000
v -0.5758 7.9762 60.4000
v -3.9370 5.6227 60.4000
v -7.2983 3.2691 60.4000
v -10.7113 0.8792 60.4000
v -14.2314 -1.5855 60.4000
v -17.9204 -4.1686 60.4000
v -21.8521 -6.9216 60.4000
v -22.2659 -7.2114 60.4000
v -22.2957 -7.2322 60.4000
v -22.3560 -7.2745 60.4000
v -22.3865 -7.2958 60.4000
v -22.4173 -7.3174 60.4000
v -22.4797 -7.3610 60.4000
v -22.4119 -7.4386 60.4000
v -22.2757 -7.5948 60.4000
v -22.2071 -7.6733 60.4000
v -22.0691 -7.8314 60.4000
v -21.9997 -7.9109 60.4000
v -21.8600 -8.0710 60.4000
v -21.7191 -8.2324 60.4000
v -21.6483 -8.3136 60.4000
v -21.5056 -8.4771 60.4000
v -21.3617 -8.6419 60.4000
v -21.2893 -8.7249 60.4000
v -21.0701 -8.9760 60.4000
v -19.3705 -10.9232 60.4000
v -18.7288 -11.6584 60.4000
v -18.4533 -11.9740 60.4000
v -17.6653 -12.8768 60.4000
v -16.4612 -14.2564 60.4000
v -16.2322 -14.5187 60.4000
v -11.1009 -20.3976 60.4000
v -9.4859 -22.2479 60.4000
v -7.3744 -24.6671 60.4000
v -4.5068 -27.9524 60.4000
v -3.7537 -28.8153 60.4000
v -3.6983 -28.8788 60.4000
v -3.5867 -29.0067 60.4000
v -3.5305 -29.0710 60.4000
v -3.4742 -29.1355 60.4000
v -3.3608 -29.2655 60.4000
v -3.2964 -29.3318 60.4000
v -3.1670 -29.4652 60.4000
v -3.1020 -29.5322 60.4000
v -2.9712 -29.6670 60.4000
v -2.9055 -29.7348 60.4000
v -2.7733 -29.8710 60.4000
v -2.6402 -30.0083 60.4000
v -2.5732 -30.0773 60.4000
v -2.4386 -30.2160 60.4000
v -2.3030 -30.3558 60.4000
v -2.2348 -30.4261 60.4000
v -2.0593 -30.6070 60.4000
v -2.0288 -30.6385 60.4000
v -0.4429 -32.2733 60.4000
v 0.0645 -32.7963 60.4000
v 0.1683 -32.9034 60.4000
v 0.4039 -33.1462 60.4000
v 1.1264 -33.8910 60.4000
v 1.8560 -34.6431 60.4000
v 2.2217 -35.0201 60.4000
v 3.4094 -36.2444 60.4000
v 4.7889 -37.6664 60.4000
v 6.0401 -38.9562 60.4000
v 7.1970 -40.1487 60.4000
v 8.2857 -41.2710 60.4000
v 9.3274 -42.3449 60.4000
v 10.3403 -43.3890 60.4000
v 11.3405 -44.4200 60.4000
v 12.3434 -45.4538 60.4000
v 13.3644 -46.5063 60.4000
v 14.4203 -47.5948 60.4000
v 15.5301 -48.7388 60.4000
v 16.7001 -49.9449 60.4000
v 16.7165 -49.9618 60.4000
v 16.7463 -49.9925 60.4000
v 16.8391 -50.0882 60.4000
v 16.8858 -50.1363 60.4000
v 16.9326 -50.1846 60.4000
v 17.0268 -50.2816 60.4000
v 17.0757 -50.3256 60.4000
v 17.1740 -50.4139 60.4000
v 17.2234 -50.4582 60.4000
v 17.3226 -50.5473 60.4000
v 17.3724 -50.5921 60.4000
v 17.4725 -50.6820 60.4000
v 17.5733 -50.7725 60.4000
v 17.6239 -50.8179 60.4000
v 17.7255 -50.9093 60.4000
v 17.8278 -51.0011 60.4000
v 17.8792 -51.0473 60.4000
v 18.0343 -51.1866 60.4000
v 18.0361 -51.1883 60.4000
v 19.2192 -52.2509 60.4000
v 19.4908 -52.4949 60.4000
v 19.6924 -52.6759 60.4000
v 19.8454 -52.8134 60.4000
v 20.3762 -53.2901 60.4000
v 21.1133 -53.9522 60.4000
v 21.1747 -54.0073 60.4000
v 22.9642 -55.6147 60.4000
v 25.1308 -57.5608 60.4000
v 27.7449 -59.9088 60.4000
v 31.0164 -62.8473 60.4000
v 35.3034 -66.6980 60.4000
v 38.2552 -69.3493 60.4000
v 38.9368 -69.9615 60.4000
v 38.9607 -69.9830 60.4000
v 39.0088 -70.0262 60.4000
v 39.0329 -70.0479 60.4000
v 39.0571 -70.0697 60.4000
v 39.1058 -70.1134 60.4000
v 39.1202 -70.1120 60.4000
v 39.1489 -70.1094 60.4000
v 39.1634 -70.1081 60.4000
v 39.1923 -70.1054 60.4000
v 39.2068 -70.1041 60.4000
v 39.2359 -70.1014 60.4000
v 39.2651 -70.0987 60.4000
v 39.2798 -70.0973 60.4000
v 39.3091 -70.0946 60.4000
v 39.3386 -70.0919 60.4000
v 39.3534 -70.0906 60.4000
v 39.3979 -70.0865 60.4000
v 39.7320 -70.0558 60.4000
v 39.8792 -70.0422 60.4000
v 39.9047 -70.0399 60.4000
v 40.0489 -70.0266 60.4000
v 40.2625 -70.0070 60.4000
v 40.3136 -70.0023 60.4000
v 44.2368 -69.6414 60.4000
v 47.3949 -69.3509 60.4000
v 47.4005 -69.3249 60.4000
v 48.6815 -63.4450 64.0000
v 47.6714 -68.0818 64.0000
v 49.0677 -61.6724 64.0000
v 49.1178 -61.4425 64.0000
v 49.1517 -61.2872 64.0000
v 49.1673 -61.2156 64.0000
v 49.1922 -61.1013 64.0000
v 49.2705 -60.7416 64.0000
v 49.2810 -60.6937 64.0000
v 49.2844 -60.6778 64.0000
v 49.2913 -60.6460 64.0000
v 49.2982 -60.6144 64.0000
v 49.3017 -60.5987 64.0000
v 49.3085 -60.5672 64.0000
v 49.3153 -60.5359 64.0000
v 49.3187 -60.5203 64.0000
v 49.3255 -60.4891 64.0000
v 49.3289 -60.4736 64.0000
v 49.3357 -60.4426 64.0000
v 49.3390 -60.4271 64.0000
v 49.3458 -60.3963 64.0000
v 49.3386 -60.3700 64.0000
v 49.3315 -60.3437 64.0000
v 49.3174 -60.2913 64.0000
v 49.3103 -60.2653 64.0000
v 48.8936 -58.7257 64.0000
v 48.1714 -56.0573 64.0000
v 47.4326 -53.3277 64.0000
v 46.2977 -49.1346 64.0000
v 45.3781 -45.7370 64.0000
v 45.3643 -45.6860 64.0000
v 45.1423 -44.8660 64.0000
v 44.9939 -44.3176 64.0000
v 44.9413 -44.1233 64.0000
v 44.8179 -43.6673 64.0000
v 44.6071 -42.8886 64.0000
v 44.4821 -42.4267 64.0000
v 44.4379 -42.2633 64.0000
v 44.4232 -42.2091 64.0000
v 44.3940 -42.1011 64.0000
v 44.3649 -41.9938 64.0000
v 44.3505 -41.9403 64.0000
v 44.3216 -41.8338 64.0000
v 44.2929 -41.7278 64.0000
v 44.2787 -41.6750 64.0000
v 44.2502 -41.5698 64.0000
v 44.2360 -41.5174 64.0000
v 44.2078 -41.4131 64.0000
v 44.1937 -41.3611 64.0000
v 44.1657 -41.2575 64.0000
v 44.1425 -41.2023 64.0000
v 44.1194 -41.1472 64.0000
v 44.0733 -41.0376 64.0000
v 44.0505 -40.9831 64.0000
v 43.7967 -40.3787 64.0000
v 42.8504 -38.1248 64.0000
v 42.0243 -36.1571 64.0000
v 41.2863 -34.3993 64.0000
v 40.6133 -32.7963 64.0000
v 39.9880 -31.3069 64.0000
v 39.3968 -29.8988 64.0000
v 38.8286 -28.5455 64.0000
v 38.2738 -27.2241 64.0000
v 37.7237 -25.9139 64.0000
v 37.1699 -24.5947 64.0000
v 36.6036 -23.2460 64.0000
v 36.0154 -21.8451 64.0000
v 35.3945 -20.3661 64.0000
v 34.8944 -19.1749 64.0000
v 34.7275 -18.7774 64.0000
v 34.3138 -17.7921 64.0000
v 33.9976 -17.0390 64.0000
v 33.9302 -16.8783 64.0000
v 33.8142 -16.6022 64.0000
v 33.4799 -15.8059 64.0000
v 33.1826 -15.0977 64.0000
v 32.6348 -13.7930 64.0000
v 32.5248 -13.5310 64.0000
v 32.4884 -13.4443 64.0000
v 32.4160 -13.2718 64.0000
v 32.3441 -13.1006 64.0000
v 32.3083 -13.0154 64.0000
v 32.2514 -12.8799 64.0000
v 32.2372 -12.8459 64.0000
v 32.1665 -12.6777 64.0000
v 32.1314 -12.5940 64.0000
v 32.0615 -12.4275 64.0000
v 32.0267 -12.3446 64.0000
v 31.9575 -12.1798 64.0000
v 31.9231 -12.0978 64.0000
v 31.8546 -11.9347 64.0000
v 31.8169 -11.8621 64.0000
v 31.7794 -11.7899 64.0000
v 31.7047 -11.6463 64.0000
v 31.6676 -11.5749 64.0000
v 31.0916 -10.4665 64.0000
v 29.6769 -7.7443 64.0000
v 27.9631 -4.4465 64.0000
v 25.8074 -0.2986 64.0000
v 24.2023 2.7901 64.0000
v 22.9642 5.1723 64.0000
v 19.6797 11.4924 64.0000
v 18.9700 12.8581 64.0000
v 18.8510 13.0871 64.0000
v 18.3099 14.1283 64.0000
v 18.1651 14.4068 64.0000
v 17.6813 15.3377 64.0000
v 16.5202 17.5721 64.0000
v 16.3708 17.8595 64.0000
v 16.3215 17.9544 64.0000
v 16.2234 18.1431 64.0000
v 16.1262 18.3301 64.0000
v 16.0780 18.4229 64.0000
v 15.9821 18.6075 64.0000
v 15.8870 18.7904 64.0000
v 15.8398 18.8812 64.0000
v 15.7460 19.0618 64.0000
v 15.6993 19.1515 64.0000
v 15.6067 19.3298 64.0000
v 15.5607 19.4183 64.0000
v 15.4692 19.5943 64.0000
v 15.4393 19.5734 64.0000
v 15.4097 19.5527 64.0000
v 15.3512 19.5117 64.0000
v 15.3223 19.4915 64.0000
v 13.9179 18.5081 64.0000
v 9.9599 15.7366 64.0000
v 6.2461 13.1363 64.0000
v 2.7025 10.6550 64.0000
v -0.7334 8.2492 64.0000
v -4.1171 5.8798 64.0000
v -7.5008 3.5105 64.0000
v -10.9368 1.1047 64.0000
v -14.4804 -1.3766 64.0000
v -18.1941 -3.9770 64.0000
v -22.1521 -6.7484 64.0000
v -22.5687 -7.0401 64.0000
v -22.5987 -7.0611 64.0000
v -22.6594 -7.1036 64.0000
v -22.6901 -7.1251 64.0000
v -22.7211 -7.1468 64.0000
v -22.5862 -7.3014 64.0000
v -22.5183 -7.3792 64.0000
v -22.3817 -7.5357 64.0000
v -22.3130 -7.6144 64.0000
v -22.1747 -7.7728 64.0000
v -22.1051 -7.8526 64.0000
v -21.9651 -8.0130 64.0000
v -21.8239 -8.1748 64.0000
v -21.7528 -8.2562 64.0000
v -21.6098 -8.4200 64.0000
v -21.4656 -8.5853 64.0000
v -21.3930 -8.6685 64.0000
v -21.1733 -8.9201 64.0000
v -19.4698 -10.8719 64.0000
v -18.8265 -11.6088 64.0000
v -18.5504 -11.9252 64.0000
v -17.7605 -12.8301 64.0000
v -16.5536 -14.2129 64.0000
v -16.3241 -14.4759 64.0000
v -11.1808 -20.3686 64.0000
v -9.5620 -22.2232 64.0000
v -7.4455 -24.6481 64.0000
v -4.5712 -27.9411 64.0000
v -3.8164 -28.8059 64.0000
v -3.7608 -28.8696 64.0000
v -3.6489 -28.9978 64.0000
v -3.5927 -29.0622 64.0000
v -3.5362 -29.1270 64.0000
v -3.4079 -29.2592 64.0000
v -3.3435 -29.3256 64.0000
v -3.2138 -29.4592 64.0000
v -3.1487 -29.5264 64.0000
v -3.0177 -29.6614 64.0000
v -2.9518 -29.7293 64.0000
v -2.8194 -29.8658 64.0000
v -2.6860 -30.0033 64.0000
v -2.6190 -30.0724 64.0000
v -2.4841 -30.2114 64.0000
v -2.3483 -30.3515 64.0000
v -2.2800 -30.4219 64.0000
v -2.1041 -30.6031 64.0000
v -2.0735 -30.6347 64.0000
v -0.4848 -32.2724 64.0000
v 0.0235 -32.7963 64.0000
v 0.1275 -32.9036 64.0000
v 0.3635 -33.1469 64.0000
v 1.0873 -33.8930 64.0000
v 1.8182 -34.6464 64.0000
v 2.1845 -35.0241 64.0000
v 3.3744 -36.2506 64.0000
v 4.7563 -37.6751 64.0000
v 6.0098 -38.9672 64.0000
v 7.1687 -40.1619 64.0000
v 8.2594 -41.2862 64.0000
v 9.3030 -42.3620 64.0000
v 10.3177 -43.4080 64.0000
v 11.3197 -44.4409 64.0000
v 12.3243 -45.4765 64.0000
v 13.3472 -46.5309 64.0000
v 14.4050 -47.6213 64.0000
v 15.5168 -48.7674 64.0000
v 16.6889 -49.9756 64.0000
v 16.7053 -49.9925 64.0000
v 16.7352 -50.0233 64.0000
v 16.8282 -50.1192 64.0000
v 16.8749 -50.1674 64.0000
v 16.9218 -50.2157 64.0000
v 17.0194 -50.3034 64.0000
v 17.0684 -50.3474 64.0000
v 17.1668 -50.4358 64.0000
v 17.2163 -50.4802 64.0000
v 17.3156 -50.5694 64.0000
v 17.3655 -50.6142 64.0000
v 17.4657 -50.7043 64.0000
v 17.5666 -50.7948 64.0000
v 17.6172 -50.8403 64.0000
v 17.7190 -50.9318 64.0000
v 17.8214 -51.0238 64.0000
v 17.8729 -51.0700 64.0000
v 18.0282 -51.2095 64.0000
v 18.0300 -51.2111 64.0000
v 19.2146 -52.2751 64.0000
v 19.4865 -52.5194 64.0000
v 19.6883 -52.7006 64.0000
v 19.8415 -52.8382 64.0000
v 20.3730 -53.3156 64.0000
v 21.1110 -53.9785 64.0000
v 21.1724 -54.0337 64.0000
v 22.9642 -55.6431 64.0000
v 25.1335 -57.5916 64.0000
v 27.7508 -59.9425 64.0000
v 31.0264 -62.8847 64.0000
v 35.3188 -66.7402 64.0000
v 38.2742 -69.3947 64.0000
v 38.9566 -70.0077 64.0000
v 38.9806 -70.0293 64.0000
v 39.0287 -70.0725 64.0000
v 39.0529 -70.0942 64.0000
v 39.0771 -70.1160 64.0000
v 39.1058 -70.1134 64.0000
v 39.1202 -70.1120 64.0000
v 39.1489 -70.1094 64.0000
v 39.1634 -70.1081 64.0000
v 39.1923 -70.1054 64.0000
v 39.2068 -70.1041 64.0000
v 39.2359 -70.1014 64.0000
v 39.2651 -70.0987 64.0000
v 39.2798 -70.0973 64.0000
v 39.3091 -70.0946 64.0000
v 39.3386 -70.0919 64.0000
v 39.3534 -70.0906 64.0000
v 39.3979 -70.0865 64.0000
v 39.7320 -70.0558 64.0000
v 39.8792 -70.0422 64.0000
v 39.9047 -70.0399 64.0000
v 40.0489 -70.0266 64.0000
v 40.2625 -70.0070 64.0000
v 40.3136 -70.0023 64.0000
v 44.2368 -69.6414 64.0000
v 47.3949 -69.3509 64.0000
v 47.4005 -69.3249 64.0000
v 48.6815 -63.4450 67.6000
v 47.6714 -68.0818 67.6000
v 49.0677 -61.6724 67.6000
v 49.1178 -61.4425 67.6000
v 49.1517 -61.2872 67.6000
v 49.1673 -61.2156 67.6000
v 49.1922 -61.1013 67.6000
v 49.2705 -60.7416 67.6000
v 49.2810 -60.6937 67.6000
v 49.2844 -60.6778 67.6000
v 49.2913 -60.6460 67.6000
v 49.2982 -60.6144 67.6000
v 49.3017 -60.5987 67.6000
v 49.3085 -60.5672 67.6000
v 49.3153 -60.5359 67.6000
v 49.3187 -60.5203 67.6000
v 49.3255 -60.4891 67.6000
v 49.3289 -60.4736 67.6000
v 49.3357 -60.4426 67.6000
v 49.3390 -60.4271 67.6000
v 49.3458 -60.3963 67.6000
v 49.3491 -60.3809 67.6000
v 49.3420 -60.3546 67.6000
v 49.3278 -60.3023 67.6000
v 49.3208 -60.2762 67.6000
v 48.9039 -58.7360 67.6000
v 48.1814 -56.0666 67.6000
v 47.4423 -53.3359 67.6000
v 46.3069 -49.1411 67.6000
v 45.3870 -45.7421 67.6000
v 45.3732 -45.6911 67.6000
v 45.1511 -44.8708 67.6000
v 45.0027 -44.3222 67.6000
v 44.9501 -44.1278 67.6000
v 44.8266 -43.6716 67.6000
v 44.6157 -42.8926 67.6000
v 44.4907 -42.4305 67.6000
v 44.4464 -42.2670 67.6000
v 44.4317 -42.2128 67.6000
v 44.4025 -42.1048 67.6000
v 44.3734 -41.9974 67.6000
v 44.3590 -41.9439 67.6000
v 44.3301 -41.8373 67.6000
v 44.3014 -41.7313 67.6000
v 44.2871 -41.6785 67.6000
v 44.2586 -41.5733 67.6000
v 44.2445 -41.5209 67.6000
v 44.2162 -41.4165 67.6000
v 44.2021 -41.3645 67.6000
v 44.1741 -41.2609 67.6000
v 44.1601 -41.2093 67.6000
v 44.1370 -41.1542 67.6000
v 44.0909 -41.0445 67.6000
v 44.0680 -40.9899 67.6000
v 43.8141 -40.3850 67.6000
v 42.8670 -38.1293 67.6000
v 42.0402 -36.1599 67.6000
v 41.3015 -34.4006 67.6000
v 40.6280 -32.7963 67.6000
v 40.0021 -31.3057 67.6000
v 39.4105 -29.8964 67.6000
v 38.8418 -28.5419 67.6000
v 38.2866 -27.2195 67.6000
v 37.7360 -25.9081 67.6000
v 37.1817 -24.5879 67.6000
v 36.6150 -23.2380 67.6000
v 36.0263 -21.8359 67.6000
v 35.4048 -20.3557 67.6000
v 34.9043 -19.1636 67.6000
v 34.7373 -18.7657 67.6000
v 34.3233 -17.7796 67.6000
v 34.0068 -17.0259 67.6000
v 33.9393 -16.8651 67.6000
v 33.8233 -16.5887 67.6000
v 33.4887 -15.7917 67.6000
v 33.1911 -15.0829 67.6000
v 32.6429 -13.7771 67.6000
v 32.5328 -13.5149 67.6000
v 32.4963 -13.4282 67.6000
v 32.4239 -13.2555 67.6000
v 32.3519 -13.0841 67.6000
v 32.3161 -12.9989 67.6000
v 32.2592 -12.8633 67.6000
v 32.2449 -12.8293 67.6000
v 32.1742 -12.6609 67.6000
v 32.1390 -12.5771 67.6000
v 32.0691 -12.4105 67.6000
v 32.0343 -12.3276 67.6000
v 31.9650 -12.1626 67.6000
v 31.9306 -12.0806 67.6000
v 31.8620 -11.9173 67.6000
v 31.8279 -11.8361 67.6000
v 31.7903 -11.7638 67.6000
v 31.7156 -11.6200 67.6000
v 31.6785 -11.5485 67.6000
v 31.1017 -10.4387 67.6000
v 29.6853 -7.7131 67.6000
v 27.9693 -4.4113 67.6000
v 25.8110 -0.2582 67.6000
v 24.2038 2.8344 67.6000
v 22.9642 5.2195 67.6000
v 19.6756 11.5475 67.6000
v 18.9650 12.9149 67.6000
v 18.8459 13.1442 67.6000
v 18.3041 14.1867 67.6000
v 18.1592 14.4656 67.6000
v 17.6748 15.3976 67.6000
v 16.5122 17.6347 67.6000
v 16.3626 17.9225 67.6000
v 16.3132 18.0176 67.6000
v 16.2150 18.2065 67.6000
v 16.1177 18.3937 67.6000
v 16.0694 18.4867 67.6000
v 15.9734 18.6714 67.6000
v 15.8782 18.8546 67.6000
v 15.8309 18.9456 67.6000
v 15.7370 19.1263 67.6000
v 15.6903 19.2162 67.6000
v 15.5975 19.3946 67.6000
v 15.5515 19.4833 67.6000
v 15.4599 19.6595 67.6000
v 15.4144 19.7471 67.6000
v 15.3847 19.7263 67.6000
v 15.3259 19.6852 67.6000
v 15.2969 19.6649 67.6000
v 13.8879 18.6782 67.6000
v 9.9167 15.8976 67.6000
v 6.1907 13.2886 67.6000
v 2.6353 10.7991 67.6000
v -0.8120 8.3853 67.6000
v -4.2069 6.0081 67.6000
v -7.6019 3.6309 67.6000
v -11.0492 1.2171 67.6000
v -14.6045 -1.2724 67.6000
v -18.3306 -3.8814 67.6000
v -22.3017 -6.6620 67.6000
v -22.7197 -6.9547 67.6000
v -22.7498 -6.9758 67.6000
v -22.8107 -7.0184 67.6000
v -22.8415 -7.0400 67.6000
v -22.7744 -7.1169 67.6000
v -22.6393 -7.2717 67.6000
v -22.5714 -7.3495 67.6000
v -22.4346 -7.5062 67.6000
v -22.3658 -7.5850 67.6000
v -22.2274 -7.7437 67.6000
v -22.1577 -7.8235 67.6000
v -22.0175 -7.9841 67.6000
v -21.8761 -8.1461 67.6000
v -21.8050 -8.2276 67.6000
v -21.6618 -8.3916 67.6000
v -21.5174 -8.5571 67.6000
v -21.4447 -8.6403 67.6000
v -21.2248 -8.8923 67.6000
v -19.5192 -10.8463 67.6000
v -18.8753 -11.5841 67.6000
v -18.5988 -11.9009 67.6000
v -17.8080 -12.8069 67.6000
v -16.5997 -14.1912 67.6000
v -16.3699 -14.4545 67.6000
v -11.2206 -20.3541 67.6000
v -9.5999 -22.2109 67.6000
v -7.4809 -24.6386 67.6000
v -4.6033 -27.9354 67.6000
v -3.8476 -28.8013 67.6000
v -3.7919 -28.8650 67.6000
v -3.6800 -28.9933 67.6000
v -3.6236 -29.0579 67.6000
v -3.5598 -29.1237 67.6000
v -3.4314 -29.2560 67.6000
v -3.3669 -29.3225 67.6000
v -3.2372 -29.4562 67.6000
v -3.1720 -29.5234 67.6000
v -3.0409 -29.6586 67.6000
v -2.9750 -29.7266 67.6000
v -2.8424 -29.8632 67.6000
v -2.7089 -30.0008 67.6000
v -2.6418 -30.0700 67.6000
v -2.5068 -30.2091 67.6000
v -2.3709 -30.3493 67.6000
v -2.3025 -30.4198 67.6000
v -2.1265 -30.6012 67.6000
v -2.0959 -30.6328 67.6000
v -0.5057 -32.2719 67.6000
v 0.0030 -32.7963 67.6000
v 0.1071 -32.9037 67.6000
v 0.3434 -33.1472 67.6000
v 1.0678 -33.8940 67.6000
v 1.7993 -34.6480 67.6000
v 2.1660 -35.0260 67.6000
v 3.3569 -36.2536 67.6000
v 4.7401 -37.6795 67.6000
v 5.9947 -38.9727 67.6000
v 7.1546 -40.1685 67.6000
v 8.2463 -41.2938 67.6000
v 9.2908 -42.3705 67.6000
v 10.3065 -43.4175 67.6000
v 11.3093 -44.4512 67.6000
v 12.3148 -45.4878 67.6000
v 13.3386 -46.5431 67.6000
v 14.3974 -47.6345 67.6000
v 15.5102 -48.7816 67.6000
v 16.6833 -49.9910 67.6000
v 16.6997 -50.0079 67.6000
v 16.7296 -50.0387 67.6000
v 16.8227 -50.1346 67.6000
v 16.8695 -50.1829 67.6000
v 16.9181 -50.2265 67.6000
v 17.0157 -50.3142 67.6000
v 17.0647 -50.3582 67.6000
v 17.1632 -50.4467 67.6000
v 17.2127 -50.4911 67.6000
v 17.3121 -50.5804 67.6000
v 17.3620 -50.6252 67.6000
v 17.4623 -50.7153 67.6000
v 17.5632 -50.8060 67.6000
v 17.6139 -50.8515 67.6000
v 17.7158 -50.9430 67.6000
v 17.8183 -51.0351 67.6000
v 17.8697 -51.0813 67.6000
v 18.0252 -51.2209 67.6000
v 18.0270 -51.2225 67.6000
v 19.2122 -52.2871 67.6000
v 19.4844 -52.5316 67.6000
v 19.6863 -52.7129 67.6000
v 19.8396 -52.8506 67.6000
v 20.3714 -53.3283 67.6000
v 21.1099 -53.9917 67.6000
v 21.1713 -54.0468 67.6000
v 22.9642 -55.6573 67.6000
v 25.1349 -57.6070 67.6000
v 27.7538 -59.9593 67.6000
v 31.0314 -62.9033 67.6000
v 35.3264 -66.7612 67.6000
v 38.2837 -69.4174 67.6000
v 38.9665 -70.0308 67.6000
v 38.9905 -70.0523 67.6000
v 39.0387 -70.0956 67.6000
v 39.0629 -70.1173 67.6000
v 39.0771 -70.1160 67.6000
v 39.1058 -70.1134 67.6000
v 39.1202 -70.1120 67.6000
v 39.1489 -70.1094 67.6000
v 39.1634 -70.1081 67.6000
v 39.1923 -70.1054 67.6000
v 39.2068 -70.1041 67.6000
v 39.2359 -70.1014 67.6000
v 39.2651 -70.0987 67.6000
v 39.2798 -70.0973 67.6000
v 39.3091 -70.0946 67.6000
v 39.3386 -70.0919 67.6000
v 39.3534 -70.0906 67.6000
v 39.3979 -70.0865 67.6000
v 39.7320 -70.0558 67.6000
v 39.8792 -70.0422 67.6000
v 39.9047 -70.0399 67.6000
v 40.0489 -70.0266 67.6000
v 40.2625 -70.0070 67.6000
v 40.3136 -70.0023 67.6000
v 44.2368 -69.6414 67.6000
v 47.3949 -69.3509 67.6000
v 47.4005 -69.3249 67.6000
v 48.6815 -63.4450 71.2000
v 47.6714 -68.0818 71.2000
v 49.0677 -61.6724 71.2000
v 49.1178 -61.4425 71.2000
v 49.1517 -61.2872 71.2000
v 49.1673 -61.2156 71.2000
v 49.1922 -61.1013 71.2000
v 49.2705 -60.7416 71.2000
v 49.2810 -60.6937 71.2000
v 49.2844 -60.6778 71.2000
v 49.2913 -60.6460 71.2000
v 49.2982 -60.6144 71.2000
v 49.3017 -60.5987 71.2000
v 49.3085 -60.5672 71.2000
v 49.3153 -60.5359 71.2000
v 49.3187 -60.5203 71.2000
v 49.3255 -60.4891 71.2000
v 49.3289 -60.4736 71.2000
v 49.3357 -60.4426 71.2000
v 49.3390 -60.4271 71.2000
v 49.3458 -60.3963 71.2000
v 49.3491 -60.3809 71.2000
v 49.3524 -60.3656 71.2000
v 49.3383 -60.3132 71.2000
v 49.3312 -60.2871 71.2000
v 48.9142 -58.7463 71.2000
v 48.1914 -56.0758 71.2000
v 47.4520 -53.3440 71.2000
v 46.3162 -49.1475 71.2000
v 45.3959 -45.7472 71.2000
v 45.3821 -45.6962 71.2000
v 45.1599 -44.8756 71.2000
v 45.0114 -44.3268 71.2000
v 44.9588 -44.1323 71.2000
v 44.8353 -43.6760 71.2000
v 44.6243 -42.8966 71.2000
v 44.4992 -42.4343 71.2000
v 44.4549 -42.2708 71.2000
v 44.4402 -42.2165 71.2000
v 44.4110 -42.1085 71.2000
v 44.3819 -42.0011 71.2000
v 44.3674 -41.9475 71.2000
v 44.3386 -41.8409 71.2000
v 44.3099 -41.7349 71.2000
v 44.2956 -41.6820 71.2000
v 44.2671 -41.5768 71.2000
v 44.2529 -41.5244 71.2000
v 44.2246 -41.4199 71.2000
v 44.2106 -41.3679 71.2000
v 44.1825 -41.2643 71.2000
v 44.1685 -41.2126 71.2000
v 44.1546 -41.1611 71.2000
v 44.1085 -41.0514 71.2000
v 44.0856 -40.9968 71.2000
v 43.8314 -40.3914 71.2000
v 42.8835 -38.1337 71.2000
v 42.0560 -36.1627 71.2000
v 41.3168 -34.4020 71.2000
v 40.6427 -32.7963 71.2000
v 40.0163 -31.3045 71.2000
v 39.4241 -29.8940 71.2000
v 38.8550 -28.5384 71.2000
v 38.2993 -27.2148 71.2000
v 37.7483 -25.9024 71.2000
v 37.1935 -24.5810 71.2000
v 36.6263 -23.2300 71.2000
v 36.0372 -21.8268 71.2000
v 35.4152 -20.3454 71.2000
v 34.9142 -19.1522 71.2000
v 34.7471 -18.7541 71.2000
v 34.3327 -17.7671 71.2000
v 34.0160 -17.0128 71.2000
v 33.9484 -16.8518 71.2000
v 33.8323 -16.5752 71.2000
v 33.4974 -15.7776 71.2000
v 33.1996 -15.0682 71.2000
v 32.6509 -13.7613 71.2000
v 32.5407 -13.4989 71.2000
v 32.5043 -13.4121 71.2000
v 32.4317 -13.2393 71.2000
v 32.3597 -13.0678 71.2000
v 32.3239 -12.9824 71.2000
v 32.2669 -12.8467 71.2000
v 32.2526 -12.8127 71.2000
v 32.1819 -12.6442 71.2000
v 32.1467 -12.5603 71.2000
v 32.0766 -12.3935 71.2000
v 32.0418 -12.3106 71.2000
v 31.9725 -12.1455 71.2000
v 31.9380 -12.0634 71.2000
v 31.8694 -11.9000 71.2000
v 31.8353 -11.8187 71.2000
v 31.8013 -11.7377 71.2000
v 31.7265 -11.5937 71.2000
v 31.6893 -11.5222 71.2000
v 31.1118 -10.4110 71.2000
v 29.6936 -7.6820 71.2000
v 27.9755 -4.3760 71.2000
v 25.8145 -0.2178 71.2000
v 24.2053 2.8786 71.2000
v 22.9642 5.2667 71.2000
v 19.6715 11.6026 71.2000
v 18.9601 12.9716 71.2000
v 18.8407 13.2012 71.2000
v 18.2983 14.2450 71.2000
v 18.1532 14.5242 71.2000
v 17.6682 15.4574 71.2000
v 16.5042 17.6973 71.2000
v 16.3544 17.9855 71.2000
v 16.3049 18.0806 71.2000
v 16.2067 18.2698 71.2000
v 16.1092 18.4572 71.2000
v 16.0609 18.5503 71.2000
v 15.9647 18.7353 71.2000
v 15.8694 18.9187 71.2000
v 15.8221 19.0098 71.2000
v 15.7280 19.1908 71.2000
v 15.6813 19.2807 71.2000
v 15.5884 19.4594 71.2000
v 15.5423 19.5482 71.2000
v 15.4506 19.7246 71.2000
v 15.4050 19.8123 71.2000
v 15.3596 19.8996 71.2000
v 15.3007 19.8583 71.2000
v 15.2716 19.8380 71.2000
v 13.8579 18.8481 71.2000
v 9.8737 16.0583 71.2000
v 6.1353 13.4407 71.2000
v 2.5683 10.9430 71.2000
v -0.8904 8.5212 71.2000
v -4.2966 6.1361 71.2000
v -7.7027 3.7511 71.2000
v -11.1614 1.3293 71.2000
v -14.7285 -1.1684 71.2000
v -18.4668 -3.7860 71.2000
v -22.4511 -6.5758 71.2000
v -22.8705 -6.8694 71.2000
v -22.9007 -6.8906 71.2000
v -22.9618 -6.9334 71.2000
v -22.8948 -7.0100 71.2000
v -22.8276 -7.0870 71.2000
v -22.6924 -7.2420 71.2000
v -22.6243 -7.3199 71.2000
v -22.4874 -7.4768 71.2000
v -22.4185 -7.5557 71.2000
v -22.2799 -7.7145 71.2000
v -22.2102 -7.7944 71.2000
v -22.0698 -7.9552 71.2000
v -21.9283 -8.1174 71.2000
v -21.8571 -8.1990 71.2000
v -21.7137 -8.3632 71.2000
v -21.5691 -8.5289 71.2000
v -21.4964 -8.6122 71.2000
v -21.2762 -8.8645 71.2000
v -19.5687 -10.8208 71.2000
v -18.9239 -11.5595 71.2000
v -18.6472 -11.8766 71.2000
v -17.8555 -12.7836 71.2000
v -16.6457 -14.1696 71.2000
v -16.4157 -14.4332 71.2000
v -11.2604 -20.3396 71.2000
v -9.6378 -22.1986 71.2000
v -7.5164 -24.6291 71.2000
v -4.6354 -27.9298 71.2000
v -3.8788 -28.7966 71.2000
v -3.8231 -28.8605 71.2000
v -3.7109 -28.9889 71.2000
v -3.6473 -29.0546 71.2000
v -3.5834 -29.1204 71.2000
v -3.4549 -29.2529 71.2000
v -3.3903 -29.3194 71.2000
v -3.2605 -29.4533 71.2000
v -3.1952 -29.5205 71.2000
v -3.0640 -29.6558 71.2000
v -2.9980 -29.7238 71.2000
v -2.8654 -29.8606 71.2000
v -2.7317 -29.9983 71.2000
v -2.6646 -30.0676 71.2000
v -2.5295 -30.2068 71.2000
v -2.3934 -30.3471 71.2000
v -2.3250 -30.4176 71.2000
v -2.1488 -30.5992 71.2000
v -2.1181 -30.6308 71.2000
v -0.5266 -32.2715 71.2000
v -0.0174 -32.7963 71.2000
v 0.0868 -32.9038 71.2000
v 0.3232 -33.1475 71.2000
v 1.0484 -33.8950 71.2000
v 1.7805 -34.6497 71.2000
v 2.1475 -35.0280 71.2000
v 3.3395 -36.2567 71.2000
v 4.7239 -37.6838 71.2000
v 5.9796 -38.9782 71.2000
v 7.1406 -40.1750 71.2000
v 8.2332 -41.3013 71.2000
v 9.2787 -42.3791 71.2000
v 10.2952 -43.4269 71.2000
v 11.2989 -44.4616 71.2000
v 12.3054 -45.4991 71.2000
v 13.3301 -46.5554 71.2000
v 14.3898 -47.6477 71.2000
v 15.5035 -48.7958 71.2000
v 16.6777 -50.0062 71.2000
v 16.6942 -50.0232 71.2000
v 16.7241 -50.0540 71.2000
v 16.8172 -50.1501 71.2000
v 16.8657 -50.1936 71.2000
v 16.9143 -50.2373 71.2000
v 17.0120 -50.3250 71.2000
v 17.0611 -50.3691 71.2000
v 17.1596 -50.4576 71.2000
v 17.2091 -50.5021 71.2000
v 17.3086 -50.5914 71.2000
v 17.3585 -50.6363 71.2000
v 17.4589 -50.7264 71.2000
v 17.5599 -50.8171 71.2000
v 17.6106 -50.8627 71.2000
v 17.7125 -50.9542 71.2000
v 17.8151 -51.0463 71.2000
v 17.8666 -51.0926 71.2000
v 18.0221 -51.2323 71.2000
v 18.0239 -51.2339 71.2000
v 19.2099 -52.2992 71.2000
v 19.4822 -52.5438 71.2000
v 19.6842 -52.7252 71.2000
v 19.8377 -52.8630 71.2000
v 20.3698 -53.3410 71.2000
v 21.1087 -54.0047 71.2000
v 21.1702 -54.0600 71.2000
v 22.9642 -55.6714 71.2000
v 25.1362 -57.6223 71.2000
v 27.7568 -59.9761 71.2000
v 31.0364 -62.9219 71.2000
v 35.3341 -66.7822 71.2000
v 38.2931 -69.4400 71.2000
v 38.9764 -70.0538 71.2000
v 39.0004 -70.0753 71.2000
v 39.0486 -70.1186 71.2000
v 39.0629 -70.1173 71.2000
v 39.0771 -70.1160 71.2000
v 39.1058 -70.1134 71.2000
v 39.1202 -70.1120 71.2000
v 39.1489 -70.1094 71.2000
v 39.1634 -70.1081 71.2000
v 39.1923 -70.1054 71.2000
v 39.2068 -70.1041 71.2000
v 39.2359 -70.1014 71.2000
v 39.2651 -70.0987 71.2000
v 39.2798 -70.0973 71.2000
v 39.3091 -70.0946 71.2000
v 39.3386 -70.0919 71.2000
v 39.3534 -70.0906 71.2000
v 39.3979 -70.0865 71.2000
v 39.7320 -70.0558 71.2000
v 39.8792 -70.0422 71.2000
v 39.9047 -70.0399 71.2000
v 40.0489 -70.0266 71.2000
v 40.2625 -70.0070 71.2000
v 40.3136 -70.0023 71.2000
v 44.2368 -69.6414 71.2000
v 47.3949 -69.3509 71.2000
v 47.4005 -69.3249 71.2000
v 48.6815 -63.4450 74.8000
v 47.6714 -68.0818 74.8000
v 49.0677 -61.6724 74.8000
v 49.1178 -61.4425 74.8000
v 49.1517 -61.2872 74.8000
v 49.1673 -61.2156 74.8000
v 49.1922 -61.1013 74.8000
v 49.2705 -60.7416 74.8000
v 49.2810 -60.6937 74.8000
v 49.2844 -60.6778 74.8000
v 49.2913 -60.6460 74.8000
v 49.2982 -60.6144 74.8000
v 49.3017 -60.5987 74.8000
v 49.3085 -60.5672 74.8000
v 49.3153 -60.5359 74.8000
v 49.3187 -60.5203 74.8000
v 49.3255 -60.4891 74.8000
v 49.3289 -60.4736 74.8000
v 49.3357 -60.4426 74.8000
v 49.3390 -60.4271 74.8000
v 49.3458 -60.3963 74.8000
v 49.3491 -60.3809 74.8000
v 49.3524 -60.3656 74.8000
v 49.3591 -60.3349 74.8000
v 49.3521 -60.3088 74.8000
v 48.9347 -58.7668 74.8000
v 48.2113 -56.0942 74.8000
v 47.4714 -53.3602 74.8000
v 46.3346 -49.1605 74.8000
v 45.4136 -45.7575 74.8000
v 45.3998 -45.7064 74.8000
v 45.1775 -44.8851 74.8000
v 45.0288 -44.3359 74.8000
v 44.9762 -44.1413 74.8000
v 44.8525 -43.6846 74.8000
v 44.6414 -42.9046 74.8000
v 44.5162 -42.4420 74.8000
v 44.4719 -42.2783 74.8000
v 44.4572 -42.2240 74.8000
v 44.4280 -42.1159 74.8000
v 44.3989 -42.0083 74.8000
v 44.3844 -41.9548 74.8000
v 44.3555 -41.8481 74.8000
v 44.3267 -41.7419 74.8000
v 44.3124 -41.6891 74.8000
v 44.2839 -41.5837 74.8000
v 44.2697 -41.5313 74.8000
v 44.2414 -41.4267 74.8000
v 44.2274 -41.3747 74.8000
v 44.1993 -41.2710 74.8000
v 44.1853 -41.2193 74.8000
v 44.1713 -41.1677 74.8000
v 44.1435 -41.0650 74.8000
v 44.1206 -41.0103 74.8000
v 43.8660 -40.4039 74.8000
v 42.9165 -38.1425 74.8000
v 42.0877 -36.1683 74.8000
v 41.3472 -34.4046 74.8000
v 40.6720 -32.7963 74.8000
v 40.0446 -31.3020 74.8000
v 39.4514 -29.8892 74.8000
v 38.8813 -28.5314 74.8000
v 38.3247 -27.2056 74.8000
v 37.7728 -25.8910 74.8000
v 37.2171 -24.5674 74.8000
v 36.6489 -23.2142 74.8000
v 36.0588 -21.8087 74.8000
v 35.4358 -20.3247 74.8000
v 34.9341 -19.1296 74.8000
v 34.7666 -18.7308 74.8000
v 34.3515 -17.7422 74.8000
v 34.0343 -16.9866 74.8000
v 33.9666 -16.8254 74.8000
v 33.8503 -16.5483 74.8000
v 33.5149 -15.7494 74.8000
v 33.2165 -15.0388 74.8000
v 32.6670 -13.7298 74.8000
v 32.5566 -13.4669 74.8000
v 32.5201 -13.3799 74.8000
v 32.4474 -13.2069 74.8000
v 32.3753 -13.0351 74.8000
v 32.3394 -12.9496 74.8000
v 32.2823 -12.8136 74.8000
v 32.2680 -12.7796 74.8000
v 32.1971 -12.6108 74.8000
v 32.1619 -12.5268 74.8000
v 32.0917 -12.3597 74.8000
v 32.0569 -12.2766 74.8000
v 31.9874 -12.1113 74.8000
v 31.9529 -12.0290 74.8000
v 31.8842 -11.8653 74.8000
v 31.8500 -11.7839 74.8000
v 31.8159 -11.7028 74.8000
v 31.7481 -11.5413 74.8000
v 31.7109 -11.4696 74.8000
v 31.1320 -10.3557 74.8000
v 29.7102 -7.6199 74.8000
v 27.9879 -4.3058 74.8000
v 25.8215 -0.1372 74.8000
v 24.2084 2.9668 74.8000
v 22.9642 5.3608 74.8000
v 19.6634 11.7123 74.8000
v 18.9502 13.0848 74.8000
v 18.8306 13.3149 74.8000
v 18.2868 14.3613 74.8000
v 18.1413 14.6412 74.8000
v 17.6551 15.5767 74.8000
v 16.4882 17.8221 74.8000
v 16.3381 18.1110 74.8000
v 16.2885 18.2064 74.8000
v 16.1899 18.3960 74.8000
v 16.0923 18.5839 74.8000
v 16.0438 18.6772 74.8000
v 15.9474 18.8627 74.8000
v 15.8519 19.0465 74.8000
v 15.8044 19.1378 74.8000
v 15.7101 19.3193 74.8000
v 15.6633 19.4094 74.8000
v 15.5702 19.5886 74.8000
v 15.5239 19.6776 74.8000
v 15.4320 19.8545 74.8000
v 15.3863 19.9423 74.8000
v 15.3408 20.0299 74.8000
v 15.2505 20.2038 74.8000
v 15.2212 20.1833 74.8000
v 13.7982 19.1869 74.8000
v 9.7878 16.3788 74.8000
v 6.0249 13.7440 74.8000
v 2.4345 11.2299 74.8000
v -1.0469 8.7922 74.8000
v -4.4754 6.3916 74.8000
v -7.9039 3.9909 74.8000
v -11.3853 1.5532 74.8000
v -14.9758 -0.9609 74.8000
v -18.7387 -3.5956 74.8000
v -22.7491 -6.4037 74.8000
v -23.1712 -6.6993 74.8000
v -23.2016 -6.7206 74.8000
v -23.0682 -6.8734 74.8000
v -23.0011 -6.9503 74.8000
v -22.9337 -7.0275 74.8000
v -22.7982 -7.1828 74.8000
v -22.7300 -7.2609 74.8000
v -22.5927 -7.4181 74.8000
v -22.5237 -7.4972 74.8000
v -22.3848 -7.6564 74.8000
v -22.3149 -7.7365 74.8000
v -22.1742 -7.8977 74.8000
v -22.0323 -8.0602 74.8000
v -21.9609 -8.1420 74.8000
v -21.8172 -8.3066 74.8000
v -21.6723 -8.4726 74.8000
v -21.5994 -8.5562 74.8000
v -21.3787 -8.8090 74.8000
v -19.6672 -10.7699 74.8000
v -19.0210 -11.5102 74.8000
v -18.7436 -11.8281 74.8000
v -17.9501 -12.7372 74.8000
v -16.7375 -14.1264 74.8000
v -16.5069 -14.3906 74.8000
v -11.3397 -20.3107 74.8000
v -9.7133 -22.1740 74.8000
v -7.5870 -24.6102 74.8000
v -4.6994 -27.9185 74.8000
v -3.9410 -28.7874 74.8000
v -3.8851 -28.8513 74.8000
v -3.7582 -28.9822 74.8000
v -3.6944 -29.0479 74.8000
v -3.6304 -29.1139 74.8000
v -3.5017 -29.2466 74.8000
v -3.4370 -29.3133 74.8000
v -3.3070 -29.4473 74.8000
v -3.2416 -29.5147 74.8000
v -3.1101 -29.6503 74.8000
v -3.0440 -29.7184 74.8000
v -2.9111 -29.8554 74.8000
v -2.7773 -29.9934 74.8000
v -2.7100 -30.0627 74.8000
v -2.5747 -30.2022 74.8000
v -2.4383 -30.3428 74.8000
v -2.3698 -30.4134 74.8000
v -2.1933 -30.5953 74.8000
v -2.1626 -30.6270 74.8000
v -0.5682 -32.2705 74.8000
v -0.0582 -32.7963 74.8000
v 0.0463 -32.9040 74.8000
v 0.2831 -33.1481 74.8000
v 1.0095 -33.8969 74.8000
v 1.7429 -34.6529 74.8000
v 2.1106 -35.0320 74.8000
v 3.3047 -36.2628 74.8000
v 4.6915 -37.6925 74.8000
v 5.9495 -38.9892 74.8000
v 7.1125 -40.1881 74.8000
v 8.2071 -41.3164 74.8000
v 9.2544 -42.3960 74.8000
v 10.2727 -43.4458 74.8000
v 11.2783 -44.4823 74.8000
v 12.2865 -45.5216 74.8000
v 13.3130 -46.5797 74.8000
v 14.3746 -47.6741 74.8000
v 15.4903 -48.8242 74.8000
v 16.6666 -50.0368 74.8000
v 16.6831 -50.0537 74.8000
v 16.7130 -50.0846 74.8000
v 16.8097 -50.1714 74.8000
v 16.8582 -50.2150 74.8000
v 16.9069 -50.2587 74.8000
v 17.0047 -50.3466 74.8000
v 17.0538 -50.3907 74.8000
v 17.1525 -50.4794 74.8000
v 17.2021 -50.5239 74.8000
v 17.3016 -50.6133 74.8000
v 17.3516 -50.6582 74.8000
v 17.4521 -50.7485 74.8000
v 17.5532 -50.8393 74.8000
v 17.6040 -50.8849 74.8000
v 17.7061 -50.9766 74.8000
v 17.8087 -51.0688 74.8000
v 17.8603 -51.1151 74.8000
v 18.0160 -51.2550 74.8000
v 18.0178 -51.2566 74.8000
v 19.2053 -52.3232 74.8000
v 19.4779 -52.5681 74.8000
v 19.6802 -52.7498 74.8000
v 19.8338 -52.8877 74.8000
v 20.3666 -53.3663 74.8000
v 21.1065 -54.0309 74.8000
v 21.1680 -54.0862 74.8000
v 22.9642 -55.6995 74.8000
v 25.1389 -57.6529 74.8000
v 27.7627 -60.0096 74.8000
v 31.0463 -62.9590 74.8000
v 35.3493 -66.8240 74.8000
v 38.3120 -69.4851 74.8000
v 38.9961 -70.0997 74.8000
v 39.0202 -70.1212 74.8000
v 39.0486 -70.1186 74.8000
v 39.0629 -70.1173 74.8000
v 39.0771 -70.1160 74.8000
v 39.1058 -70.1134 74.8000
v 39.1202 -70.1120 74.8000
v 39.1489 -70.1094 74.8000
v 39.1634 -70.1081 74.8000
v 39.1923 -70.1054 74.8000
v 39.2068 -70.1041 74.8000
v 39.2359 -70.1014 74.8000
v 39.2651 -70.0987 74.8000
v 39.2798 -70.0973 74.8000
v 39.3091 -70.0946 74.8000
v 39.3386 -70.0919 74.8000
v 39.3534 -70.0906 74.8000
v 39.3979 -70.0865 74.8000
v 39.7320 -70.0558 74.8000
v 39.8792 -70.0422 74.8000
v 39.9047 -70.0399 74.8000
v 40.0489 -70.0266 74.8000
v 40.2625 -70.0070 74.8000
v 40.3136 -70.0023 74.8000
v 44.2368 -69.6414 74.8000
v 47.3949 -69.3509 74.8000
v 47.4005 -69.3249 74.8000
v 48.6815 -63.4450 78.4000
v 47.6714 -68.0818 78.4000
v 49.0677 -61.6724 78.4000
v 49.1178 -61.4425 78.4000
v 49.1517 -61.2872 78.4000
v 49.1673 -61.2156 78.4000
v 49.1922 -61.1013 78.4000
v 49.2705 -60.7416 78.4000
v 49.2810 -60.6937 78.4000
v 49.2844 -60.6778 78.4000
v 49.2913 -60.6460 78.4000
v 49.2982 -60.6144 78.4000
v 49.3017 -60.5987 78.4000
v 49.3085 -60.5672 78.4000
v 49.3153 -60.5359 78.4000
v 49.3187 -60.5203 78.4000
v 49.3255 -60.4891 78.4000
v 49.3289 -60.4736 78.4000
v 49.3357 -60.4426 78.4000
v 49.3390 -60.4271 78.4000
v 49.3458 -60.3963 78.4000
v 49.3491 -60.3809 78.4000
v 49.3524 -60.3656 78.4000
v 49.3591 -60.3349 78.4000
v 49.3624 -60.3197 78.4000
v 48.9449 -58.7770 78.4000
v 48.2213 -56.1034 78.4000
v 47.4810 -53.3683 78.4000
v 46.3439 -49.1669 78.4000
v 45.4224 -45.7626 78.4000
v 45.4086 -45.7115 78.4000
v 45.1862 -44.8899 78.4000
v 45.0375 -44.3404 78.4000
v 44.9848 -44.1458 78.4000
v 44.8612 -43.6888 78.4000
v 44.6500 -42.9086 78.4000
v 44.5247 -42.4458 78.4000
v 44.4804 -42.2820 78.4000
v 44.4657 -42.2277 78.4000
v 44.4364 -42.1196 78.4000
v 44.4073 -42.0120 78.4000
v 44.3928 -41.9584 78.4000
v 44.3639 -41.8516 78.4000
v 44.3352 -41.7455 78.4000
v 44.3209 -41.6926 78.4000
v 44.2923 -41.5872 78.4000
v 44.2781 -41.5347 78.4000
v 44.2498 -41.4301 78.4000
v 44.2357 -41.3781 78.4000
v 44.2076 -41.2743 78.4000
v 44.1936 -41.2226 78.4000
v 44.1797 -41.1710 78.4000
v 44.1519 -41.0683 78.4000
v 44.1380 -41.0171 78.4000
v 43.8832 -40.4102 78.4000
v 42.9330 -38.1469 78.4000
v 42.1034 -36.1711 78.4000
v 41.3624 -34.4060 78.4000
v 40.6866 -32.7963 78.4000
v 40.0587 -31.3008 78.4000
v 39.4650 -29.8868 78.4000
v 38.8945 -28.5278 78.4000
v 38.3374 -27.2010 78.4000
v 37.7850 -25.8853 78.4000
v 37.2289 -24.5606 78.4000
v 36.6602 -23.2063 78.4000
v 36.0696 -21.7996 78.4000
v 35.4461 -20.3144 78.4000
v 34.9439 -19.1183 78.4000
v 34.7764 -18.7192 78.4000
v 34.3609 -17.7298 78.4000
v 34.0435 -16.9736 78.4000
v 33.9757 -16.8122 78.4000
v 33.8593 -16.5349 78.4000
v 33.5236 -15.7353 78.4000
v 33.2250 -15.0242 78.4000
v 32.6750 -13.7141 78.4000
v 32.5645 -13.4510 78.4000
v 32.5280 -13.3639 78.4000
v 32.4552 -13.1907 78.4000
v 32.3830 -13.0188 78.4000
v 32.3471 -12.9332 78.4000
v 32.2900 -12.7971 78.4000
v 32.2757 -12.7631 78.4000
v 32.2048 -12.5941 78.4000
v 32.1695 -12.5101 78.4000
v 32.0993 -12.3429 78.4000
v 32.0644 -12.2597 78.4000
v 31.9949 -12.0942 78.4000
v 31.9603 -12.0119 78.4000
v 31.8915 -11.8481 78.4000
v 31.8573 -11.7666 78.4000
v 31.8232 -11.6854 78.4000
v 31.7554 -11.5237 78.4000
v 31.7216 -11.4433 78.4000
v 31.1420 -10.3281 78.4000
v 29.7185 -7.5890 78.4000
v 27.9941 -4.2707 78.4000
v 25.8250 -0.0971 78.4000
v 24.2099 3.0107 78.4000
v 22.9642 5.4077 78.4000
v 19.6593 11.7671 78.4000
v 18.9452 13.1412 78.4000
v 18.8255 13.3716 78.4000
v 18.2810 14.4193 78.4000
v 18.1354 14.6995 78.4000
v 17.6486 15.6362 78.4000
v 16.4802 17.8844 78.4000
v 16.3299 18.1736 78.4000
v 16.2803 18.2692 78.4000
v 16.1816 18.4590 78.4000
v 16.0838 18.6471 78.4000
v 16.0353 18.7406 78.4000
v 15.9388 18.9262 78.4000
v 15.8431 19.1103 78.4000
v 15.7956 19.2017 78.4000
v 15.7012 19.3834 78.4000
v 15.6543 19.4737 78.4000
v 15.5611 19.6530 78.4000
v 15.5148 19.7421 78.4000
v 15.4227 19.9192 78.4000
v 15.3770 20.0072 78.4000
v 15.3315 20.0948 78.4000
v 15.2410 20.2690 78.4000
v 15.1960 20.3555 78.4000
v 13.7684 19.3559 78.4000
v 9.7450 16.5387 78.4000
v 5.9699 13.8953 78.4000
v 2.3677 11.3731 78.4000
v -1.1250 8.9274 78.4000
v -4.5646 6.5190 78.4000
v -8.0043 4.1105 78.4000
v -11.4970 1.6649 78.4000
v -15.0991 -0.8574 78.4000
v -18.8742 -3.5007 78.4000
v -22.8977 -6.3180 78.4000
v -23.3212 -6.6145 78.4000
v -23.2548 -6.6905 78.4000
v -23.1213 -6.8435 78.4000
v -23.0541 -6.9205 78.4000
v -22.9866 -6.9978 78.4000
v -22.8509 -7.1532 78.4000
v -22.7827 -7.2315 78.4000
v -22.6453 -7.3889 78.4000
v -22.5762 -7.4681 78.4000
v -22.4371 -7.6274 78.4000
v -22.3671 -7.7076 78.4000
v -22.2262 -7.8690 78.4000
v -22.0842 -8.0317 78.4000
v -22.0127 -8.1136 78.4000
v -21.8689 -8.2784 78.4000
v -21.7238 -8.4446 78.4000
v -21.6508 -8.5282 78.4000
v -21.4299 -8.7813 78.4000
v -19.7164 -10.7445 78.4000
v -19.0694 -11.4857 78.4000
v -18.7917 -11.8039 78.4000
v -17.9972 -12.7141 78.4000
v -16.7833 -14.1049 78.4000
v -16.5524 -14.3694 78.4000
v -11.3792 -20.2963 78.4000
v -9.7510 -22.1617 78.4000
v -7.6222 -24.6007 78.4000
v -4.7313 -27.9129 78.4000
v -3.9720 -28.7827 78.4000
v -3.9088 -28.8479 78.4000
v -3.7818 -28.9788 78.4000
v -3.7180 -29.0446 78.4000
v -3.6539 -29.1107 78.4000
v -3.5251 -29.2434 78.4000
v -3.4603 -29.3102 78.4000
v -3.3302 -29.4444 78.4000
v -3.2647 -29.5118 78.4000
v -3.1331 -29.6475 78.4000
v -3.0670 -29.7157 78.4000
v -2.9340 -29.8528 78.4000
v -2.8000 -29.9909 78.4000
v -2.7327 -30.0603 78.4000
v -2.5972 -30.1999 78.4000
v -2.4607 -30.3406 78.4000
v -2.3921 -30.4113 78.4000
v -2.2155 -30.5934 78.4000
v -2.1848 -30.6251 78.4000
v -0.5890 -32.2701 78.4000
v -0.0785 -32.7963 78.4000
v 0.0260 -32.9041 78.4000
v 0.2631 -33.1484 78.4000
v 0.9901 -33.8979 78.4000
v 1.7242 -34.6546 78.4000
v 2.0922 -35.0340 78.4000
v 3.2873 -36.2659 78.4000
v 4.6754 -37.6968 78.4000
v 5.9345 -38.9947 78.4000
v 7.0985 -40.1946 78.4000
v 8.1940 -41.3239 78.4000
v 9.2423 -42.4045 78.4000
v 10.2615 -43.4552 78.4000
v 11.2680 -44.4926 78.4000
v 12.2771 -45.5328 78.4000
v 13.3045 -46.5919 78.4000
v 14.3670 -47.6872 78.4000
v 15.4837 -48.8383 78.4000
v 16.6610 -50.0520 78.4000
v 16.6781 -50.0673 78.4000
v 16.7092 -50.0952 78.4000
v 16.8059 -50.1821 78.4000
v 16.8545 -50.2257 78.4000
v 16.9032 -50.2695 78.4000
v 17.0010 -50.3574 78.4000
v 17.0502 -50.4015 78.4000
v 17.1489 -50.4902 78.4000
v 17.1985 -50.5347 78.4000
v 17.2982 -50.6242 78.4000
v 17.3482 -50.6692 78.4000
v 17.4487 -50.7595 78.4000
v 17.5499 -50.8504 78.4000
v 17.6007 -50.8960 78.4000
v 17.7028 -50.9877 78.4000
v 17.8056 -51.0800 78.4000
v 17.8572 -51.1264 78.4000
v 18.0130 -51.2663 78.4000
v 18.0148 -51.2679 78.4000
v 19.2030 -52.3352 78.4000
v 19.4758 -52.5802 78.4000
v 19.6782 -52.7620 78.4000
v 19.8319 -52.9001 78.4000
v 20.3650 -53.3789 78.4000
v 21.1053 -54.0439 78.4000
v 21.1669 -54.0992 78.4000
v 22.9642 -55.7136 78.4000
v 25.1402 -57.6681 78.4000
v 27.7656 -60.0263 78.4000
v 31.0513 -62.9775 78.4000
v 35.3569 -66.8449 78.4000
v 38.3214 -69.5077 78.4000
v 39.0060 -70.1225 78.4000
v 39.0202 -70.1212 78.4000
v 39.0486 -70.1186 78.4000
v 39.0629 -70.1173 78.4000
v 39.0771 -70.1160 78.4000
v 39.1058 -70.1134 78.4000
v 39.1202 -70.1120 78.4000
v 39.1489 -70.1094 78.4000
v 39.1634 -70.1081 78.4000
v 39.1923 -70.1054 78.4000
v 39.2068 -70.1041 78.4000
v 39.2359 -70.1014 78.4000
v 39.2651 -70.0987 78.4000
v 39.2798 -70.0973 78.4000
v 39.3091 -70.0946 78.4000
v 39.3386 -70.0919 78.4000
v 39.3534 -70.0906 78.4000
v 39.3979 -70.0865 78.4000
v 39.7320 -70.0558 78.4000
v 39.8792 -70.0422 78.4000
v 39.9047 -70.0399 78.4000
v 40.0489 -70.0266 78.4000
v 40.2625 -70.0070 78.4000
v 40.3136 -70.0023 78.4000
v 44.2368 -69.6414 78.4000
v 47.3949 -69.3509 78.4000
v 47.4005 -69.3249 78.4000
v 48.6815 -63.4450 82.0000
v 47.6714 -68.0818 82.0000
v 49.0677 -61.6724 82.0000
v 49.1178 -61.4425 82.0000
v 49.1517 -61.2872 82.0000
v 49.1673 -61.2156 82.0000
v 49.1922 -61.1013 82.0000
v 49.2705 -60.7416 82.0000
v 49.2810 -60.6937 82.0000
v 49.2844 -60.6778 82.0000
v 49.2913 -60.6460 82.0000
v 49.2982 -60.6144 82.0000
v 49.3017 -60.5987 82.0000
v 49.3085 -60.5672 82.0000
v 49.3153 -60.5359 82.0000
v 49.3187 -60.5203 82.0000
v 49.3255 -60.4891 82.0000
v 49.3289 -60.4736 82.0000
v 49.3357 -60.4426 82.0000
v 49.3390 -60.4271 82.0000
v 49.3458 -60.3963 82.0000
v 49.3491 -60.3809 82.0000
v 49.3524 -60.3656 82.0000
v 49.3591 -60.3349 82.0000
v 49.3624 -60.3197 82.0000
v 48.9449 -58.7770 82.0000
v 48.2213 -56.1034 82.0000
v 47.4810 -53.3683 82.0000
v 46.3439 -49.1669 82.0000
v 45.4224 -45.7626 82.0000
v 45.4086 -45.7115 82.0000
v 45.1862 -44.8899 82.0000
v 45.0375 -44.3404 82.0000
v 44.9848 -44.1458 82.0000
v 44.8612 -43.6888 82.0000
v 44.6500 -42.9086 82.0000
v 44.5247 -42.4458 82.0000
v 44.4804 -42.2820 82.0000
v 44.4657 -42.2277 82.0000
v 44.4364 -42.1196 82.0000
v 44.4073 -42.0120 82.0000
v 44.3928 -41.9584 82.0000
v 44.3639 -41.8516 82.0000
v 44.3352 -41.7455 82.0000
v 44.3209 -41.6926 82.0000
v 44.2923 -41.5872 82.0000
v 44.2781 -41.5347 82.0000
v 44.2498 -41.4301 82.0000
v 44.2357 -41.3781 82.0000
v 44.2076 -41.2743 82.0000
v 44.1936 -41.2226 82.0000
v 44.1797 -41.1710 82.0000
v 44.1519 -41.0683 82.0000
v 44.1380 -41.0171 82.0000
v 43.8832 -40.4102 82.0000
v 42.9330 -38.1469 82.0000
v 42.1034 -36.1711 82.0000
v 41.3624 -34.4060 82.0000
v 40.6866 -32.7963 82.0000
v 40.0587 -31.3008 82.0000
v 39.4650 -29.8868 82.0000
v 38.8945 -28.5278 82.0000
v 38.3374 -27.2010 82.0000
v 37.7850 -25.8853 82.0000
v 37.2289 -24.5606 82.0000
v 36.6602 -23.2063 82.0000
v 36.0696 -21.7996 82.0000
v 35.4461 -20.3144 82.0000
v 34.9439 -19.1183 82.0000
v 34.7764 -18.7192 82.0000
v 34.3609 -17.7298 82.0000
v 34.0435 -16.9736 82.0000
v 33.9757 -16.8122 82.0000
v 33.8593 -16.5349 82.0000
v 33.5236 -15.7353 82.0000
v 33.2250 -15.0242 82.0000
v 32.6750 -13.7141 82.0000
v 32.5645 -13.4510 82.0000
v 32.5280 -13.3639 82.0000
v 32.4552 -13.1907 82.0000
v 32.3830 -13.0188 82.0000
v 32.3471 -12.9332 82.0000
v 32.2900 -12.7971 82.0000
v 32.2757 -12.7631 82.0000
v 32.2048 -12.5941 82.0000
v 32.1695 -12.5101 82.0000
v 32.0993 -12.3429 82.0000
v 32.0644 -12.2597 82.0000
v 31.9949 -12.0942 82.0000
v 31.9603 -12.0119 82.0000
v 31.8915 -11.8481 82.0000
v 31.8573 -11.7666 82.0000
v 31.8232 -11.6854 82.0000
v 31.7554 -11.5237 82.0000
v 31.7216 -11.4433 82.0000
v 31.1420 -10.3281 82.0000
v 29.7185 -7.5890 82.0000
v 27.9941 -4.2707 82.0000
v 25.8250 -0.0971 82.0000
v 24.2099 3.0107 82.0000
v 22.9642 5.4077 82.0000
v 19.6593 11.7671 82.0000
v 18.9452 13.1412 82.0000
v 18.8255 13.3716 82.0000
v 18.2810 14.4193 82.0000
v 18.1354 14.6995 82.0000
v 17.6486 15.6362 82.0000
v 16.4802 17.8844 82.0000
v 16.3299 18.1736 82.0000
v 16.2803 18.2692 82.0000
v 16.1816 18.4590 82.0000
v 16.0838 18.6471 82.0000
v 16.0353 18.7406 82.0000
v 15.9388 18.9262 82.0000
v 15.8431 19.1103 82.0000
v 15.7956 19.2017 82.0000
v 15.7012 19.3834 82.0000
v 15.6543 19.4737 82.0000
v 15.5611 19.6530 82.0000
v 15.5148 19.7421 82.0000
v 15.4227 19.9192 82.0000
v 15.3770 20.0072 82.0000
v 15.3315 20.0948 82.0000
v 15.2410 20.2690 82.0000
v 15.1960 20.3555 82.0000
v 13.7684 19.3559 82.0000
v 9.7450 16.5387 82.0000
v 5.9699 13.8953 82.0000
v 2.3677 11.3731 82.0000
v -1.1250 8.9274 82.0000
v -4.5646 6.5190 82.0000
v -8.0043 4.1105 82.0000
v -11.4970 1.6649 82.0000
v -15.0991 -0.8574 82.0000
v -18.8742 -3.5007 82.0000
v -22.8977 -6.3180 82.0000
v -23.3212 -6.6145 82.0000
v -23.2548 -6.6905 82.0000
v -23.1213 -6.8435 82.0000
v -23.0541 -6.9205 82.0000
v -22.9866 -6.9978 82.0000
v -22.8509 -7.1532 82.0000
v -22.7827 -7.2315 82.0000
v -22.6453 -7.3889 82.0000
v -22.5762 -7.4681 82.0000
v -22.4371 -7.6274 82.0000
v -22.3671 -7.7076 82.0000
v -22.2262 -7.8690 82.0000
v -22.0842 -8.0317 82.0000
v -22.0127 -8.1136 82.0000
v -21.8689 -8.2784 82.0000
v -21.7238 -8.4446 82.0000
v -21.6508 -8.5282 82.0000
v -21.4299 -8.7813 82.0000
v -19.7164 -10.7445 82.0000
v -19.0694 -11.4857 82.0000
v -18.7917 -11.8039 82.0000
v -17.9972 -12.7141 82.0000
v -16.7833 -14.1049 82.0000
v -16.5524 -14.3694 82.0000
v -11.3792 -20.2963 82.0000
v -9.7510 -22.1617 82.0000
v -7.6222 -24.6007 82.0000
v -4.7313 -27.9129 82.0000
v -3.9720 -28.7827 82.0000
v -3.9088 -28.8479 82.0000
v -3.7818 -28.9788 82.0000
v -3.7180 -29.0446 82.0000
v -3.6539 -29.1107 82.0000
v -3.5251 -29.2434 82.0000
v -3.4603 -29.3102 82.0000
v -3.3302 -29.4444 82.0000
v -3.2647 -29.5118 82.0000
v -3.1331 -29.6475 82.0000
v -3.0670 -29.7157 82.0000
v -2.9340 -29.8528 82.0000
v -2.8000 -29.9909 82.0000
v -2.7327 -30.0603 82.0000
v -2.5972 -30.1999 82.0000
v -2.4607 -30.3406 82.0000
v -2.3921 -30.4113 82.0000
v -2.2155 -30.5934 82.0000
v -2.1848 -30.6251 82.0000
v -0.5890 -32.2701 82.0000
v -0.0785 -32.7963 82.0000
v 0.0260 -32.9041 82.0000
v 0.2631 -33.1484 82.0000
v 0.9901 -33.8979 82.0000
v 1.7242 -34.6546 82.0000
v 2.0922 -35.0340 82.0000
v 3.2873 -36.2659 82.0000
v 4.6754 -37.6968 82.0000
v 5.9345 -38.9947 82.0000
v 7.0985 -40.1946 82.0000
v 8.1940 -41.3239 82.0000
v 9.2423 -42.4045 82.0000
v 10.2615 -43.4552 82.0000
v 11.2680 -44.4926 82.0000
v 12.2771 -45.5328 82.0000
v 13.3045 -46.5919 82.0000
v 14.3670 -47.6872 82.0000
v 15.4837 -48.8383 82.0000
v 16.6610 -50.0520 82.0000
v 16.6781 -50.0673 82.0000
v 16.7092 -50.0952 82.0000
v 16.8059 -50.1821 82.0000
v 16.8545 -50.2257 82.0000
v 16.9032 -50.2695 82.0000
v 17.0010 -50.3574 82.0000
v 17.0502 -50.4015 82.0000
v 17.1489 -50.4902 82.0000
v 17.1985 -50.5347 82.0000
v 17.2982 -50.6242 82.0000
v 17.3482 -50.6692 82.0000
v 17.4487 -50.7595 82.0000
v 17.5499 -50.8504 82.0000
v 17.6007 -50.8960 82.0000
v 17.7028 -50.9877 82.0000
v 17.8056 -51.0800 82.0000
v 17.8572 -51.1264 82.0000
v 18.0130 -51.2663 82.0000
v 18.0148 -51.2679 82.0000
v 19.2030 -52.3352 82.0000
v 19.4758 -52.5802 82.0000
v 19.6782 -52.7620 82.0000
v 19.8319 -52.9001 82.0000
v 20.3650 -53.3789 82.0000
v 21.1053 -54.0439 82.0000
v 21.1669 -54.0992 82.0000
v 22.9642 -55.7136 82.0000
v 25.1402 -57.6681 82.0000
v 27.7656 -60.0263 82.0000
v 31.0513 -62.9775 82.0000
v 35.3569 -66.8449 82.0000
v 38.3214 -69.5077 82.0000
v 39.0060 -70.1225 82.0000
v 39.0202 -70.1212 82.0000
v 39.0486 -70.1186 82.0000
v 39.0629 -70.1173 82.0000
v 39.0771 -70.1160 82.0000
v 39.1058 -70.1134 82.0000
v 39.1202 -70.1120 82.0000
v 39.1489 -70.1094 82.0000
v 39.1634 -70.1081 82.0000
v 39.1923 -70.1054 82.0000
v 39.2068 -70.1041 82.0000
v 39.2359 -70.1014 82.0000
v 39.2651 -70.0987 82.0000
v 39.2798 -70.0973 82.0000
v 39.3091 -70.0946 82.0000
v 39.3386 -70.0919 82.0000
v 39.3534 -70.0906 82.0000
v 39.3979 -70.0865 82.0000
v 39.7320 -70.0558 82.0000
v 39.8792 -70.0422 82.0000
v 39.9047 -70.0399 82.0000
v 40.0489 -70.0266 82.0000
v 40.2625 -70.0070 82.0000
v 40.3136 -70.0023 82.0000
v 44.2368 -69.6414 82.0000
v 47.3949 -69.3509 82.0000
v 47.4005 -69.3249 82.0000
v 31.7528 -45.3477 3.7273
v 32.8509 -44.5788 3.7273
v 33.3191 -44.2510 3.7273
v 33.3820 -44.2070 3.7273
v 33.4248 -44.1770 3.7273
v 33.4446 -44.1631 3.7273
v 33.4764 -44.1409 3.7273
v 33.5771 -44.0704 3.7273
v 33.5906 -44.0609 3.7273
v 33.5951 -44.0578 3.7273
v 33.6041 -44.0515 3.7273
v 33.6130 -44.0452 3.7273
v 33.6175 -44.0421 3.7273
v 33.6264 -44.0359 3.7273
v 33.6353 -44.0296 3.7273
v 33.6397 -44.0265 3.7273
v 33.6486 -44.0203 3.7273
v 33.6530 -44.0172 3.7273
v 33.6618 -44.0111 3.7273
v 33.6662 -44.0080 3.7273
v 33.6750 -44.0018 3.7273
v 33.6794 -43.9987 3.7273
v 33.6838 -43.9957 3.7273
v 33.6926 -43.9895 3.7273
v 33.6969 -43.9865 3.7273
v 33.9660 -43.7981 3.7273
v 34.4893 -43.4316 3.7273
v 33.8095 -41.8966 3.7273
v 32.8426 -39.7132 3.7273
v 32.1205 -38.0827 3.7273
v 32.1100 -38.0591 3.7273
v 31.9434 -37.6830 3.7273
v 31.8336 -37.4349 3.7273
v 31.7950 -37.3477 3.7273
v 31.7049 -37.1443 3.7273
v 31.5530 -36.8013 3.7273
v 31.4640 -36.6004 3.7273
v 31.4327 -36.5298 3.7273
v 31.4224 -36.5064 3.7273
v 31.4018 -36.4599 3.7273
v 31.3814 -36.4138 3.7273
v 31.3712 -36.3908 3.7273
v 31.3510 -36.3452 3.7273
v 31.3309 -36.2999 3.7273
v 31.3210 -36.2774 3.7273
v 31.3011 -36.2326 3.7273
v 31.2912 -36.2103 3.7273
v 31.2716 -36.1659 3.7273
v 31.2618 -36.1439 3.7273
v 31.2424 -36.1000 3.7273
v 31.2328 -36.0782 3.7273
v 31.2231 -36.0565 3.7273
v 31.2040 -36.0132 3.7273
v 31.1945 -35.9917 3.7273
v 31.0889 -35.7535 3.7273
v 30.6969 -34.8683 3.7273
v 30.3566 -34.0998 3.7273
v 30.0540 -33.4166 3.7273
v 29.7793 -32.7963 3.7273
v 29.5251 -32.2223 3.7273
v 29.2857 -31.6817 3.7273
v 29.0564 -31.1639 3.7273
v 28.8333 -30.6602 3.7273
v 28.6128 -30.1624 3.7273
v 28.3916 -29.6628 3.7273
v 28.1662 -29.1539 3.7273
v 27.9329 -28.6271 3.7273
v 27.6875 -28.0730 3.7273
v 27.4906 -27.6283 3.7273
v 27.4250 -27.4802 3.7273
v 27.2627 -27.1137 3.7273
v 27.1389 -26.8343 3.7273
v 27.1125 -26.7747 3.7273
v 27.0672 -26.6724 3.7273
v 26.9368 -26.3778 3.7273
v 26.8210 -26.1163 3.7273
v 26.6081 -25.6358 3.7273
v 26.5655 -25.5395 3.7273
v 26.5514 -25.5076 3.7273
v 26.5233 -25.4443 3.7273
v 26.4955 -25.3814 3.7273
v 26.4817 -25.3501 3.7273
v 26.4596 -25.3004 3.7273
v 26.4541 -25.2880 3.7273
v 26.4268 -25.2263 3.7273
v 26.4132 -25.1956 3.7273
v 26.3862 -25.1346 3.7273
v 26.3727 -25.1042 3.7273
v 26.3460 -25.0439 3.7273
v 26.3327 -25.0138 3.7273
v 26.3063 -24.9541 3.7273
v 26.2931 -24.9244 3.7273
v 26.2800 -24.8948 3.7273
v 26.2539 -24.8360 3.7273
v 26.2410 -24.8067 3.7273
v 26.0386 -24.3497 3.7273
v 25.5332 -23.2086 3.7273
v 24.9050 -21.7899 3.7273
v 24.0885 -19.9463 3.7273
v 23.4606 -18.5286 3.7273
v 22.9642 -18.8761 3.7273
v 21.9829 -19.5633 3.7273
v 21.8167 -19.6797 3.7273
v 21.7901 -19.6983 3.7273
v 21.6732 -19.7801 3.7273
v 21.6430 -19.8012 3.7273
v 21.5455 -19.8696 3.7273
v 21.3297 -20.0206 3.7273
v 21.3037 -20.0388 3.7273
v 21.2952 -20.0448 3.7273
v 21.2784 -20.0566 3.7273
v 21.2619 -20.0681 3.7273
v 21.2537 -20.0738 3.7273
v 21.2377 -20.0851 3.7273
v 21.2219 -20.0961 3.7273
v 21.2141 -20.1016 3.7273
v 21.1987 -20.1124 3.7273
v 21.1911 -20.1177 3.7273
v 21.1761 -20.1282 3.7273
v 21.1687 -20.1333 3.7273
v 21.1541 -20.1436 3.7273
v 21.1469 -20.1486 3.7273
v 21.1398 -20.1536 3.7273
v 21.1256 -20.1635 3.7273
v 21.1186 -20.1684 3.7273
v 20.7795 -20.4059 3.7273
v 19.8236 -21.0752 3.7273
v 18.9267 -21.7032 3.7273
v 18.0709 -22.3025 3.7273
v 17.2411 -22.8835 3.7273
v 16.4239 -23.4557 3.7273
v 15.6067 -24.0279 3.7273
v 14.7769 -24.6090 3.7273
v 13.9211 -25.2082 3.7273
v 13.0242 -25.8362 3.7273
v 12.0683 -26.5055 3.7273
v 11.9677 -26.5760 3.7273
v 11.9604 -26.5811 3.7273
v 11.9458 -26.5913 3.7273
v 11.9384 -26.5965 3.7273
v 11.9309 -26.6018 3.7273
v 11.9157 -26.6124 3.7273
v 11.9080 -26.6178 3.7273
v 11.8925 -26.6286 3.7273
v 11.8846 -26.6342 3.7273
v 11.8687 -26.6453 3.7273
v 11.8606 -26.6510 3.7273
v 11.8442 -26.6624 3.7273
v 11.8276 -26.6741 3.7273
v 11.8191 -26.6800 3.7273
v 11.8020 -26.6920 3.7273
v 11.7846 -26.7042 3.7273
v 11.7757 -26.7104 3.7273
v 11.7487 -26.7293 3.7273
v 11.5250 -26.8860 3.7273
v 11.4332 -26.9502 3.7273
v 11.3925 -26.9787 3.7273
v 11.2713 -27.0636 3.7273
v 11.0713 -27.2036 3.7273
v 11.0311 -27.2318 3.7273
v 9.8835 -28.0353 3.7273
v 9.3872 -28.3829 3.7273
v 10.5047 -29.4578 3.7273
v 11.9579 -30.8556 3.7273
v 12.3278 -31.2115 3.7273
v 12.3549 -31.2375 3.7273
v 12.4092 -31.2898 3.7273
v 12.4366 -31.3161 3.7273
v 12.4640 -31.3424 3.7273
v 12.5190 -31.3954 3.7273
v 12.5466 -31.4220 3.7273
v 12.6022 -31.4754 3.7273
v 12.6301 -31.5022 3.7273
v 12.6862 -31.5562 3.7273
v 12.7144 -31.5833 3.7273
v 12.7710 -31.6378 3.7273
v 12.8280 -31.6926 3.7273
v 12.8567 -31.7201 3.7273
v 12.9142 -31.7755 3.7273
v 12.9721 -31.8312 3.7273
v 13.0012 -31.8592 3.7273
v 13.0761 -31.9312 3.7273
v 13.0891 -31.9438 3.7273
v 13.7617 -32.5907 3.7273
v 13.9755 -32.7963 3.7273
v 14.0192 -32.8383 3.7273
v 14.1181 -32.9335 3.7273
v 14.4207 -33.2246 3.7273
v 14.7249 -33.5172 3.7273
v 14.8769 -33.6633 3.7273
v 15.3680 -34.1358 3.7273
v 15.9339 -34.6801 3.7273
v 16.4431 -35.1698 3.7273
v 16.9103 -35.6193 3.7273
v 17.3471 -36.0394 3.7273
v 17.7623 -36.4388 3.7273
v 18.1635 -36.8247 3.7273
v 18.5572 -37.2034 3.7273
v 18.9496 -37.5808 3.7273
v 19.3467 -37.9628 3.7273
v 19.7548 -38.3553 3.7273
v 20.1809 -38.7652 3.7273
v 20.6271 -39.1944 3.7273
v 20.6333 -39.2004 3.7273
v 20.6447 -39.2113 3.7273
v 20.6799 -39.2452 3.7273
v 20.6976 -39.2623 3.7273
v 20.7154 -39.2794 3.7273
v 20.7511 -39.3137 3.7273
v 20.7691 -39.3310 3.7273
v 20.8051 -39.3657 3.7273
v 20.8233 -39.3831 3.7273
v 20.8597 -39.4181 3.7273
v 20.8780 -39.4357 3.7273
v 20.9148 -39.4711 3.7273
v 20.9518 -39.5067 3.7273
v 20.9704 -39.5246 3.7273
v 21.0078 -39.5606 3.7273
v 21.0455 -39.5969 3.7273
v 21.0644 -39.6151 3.7273
v 21.1216 -39.6701 3.7273
v 21.1223 -39.6707 3.7273
v 21.5599 -40.0916 3.7273
v 21.6608 -40.1887 3.7273
v 21.7357 -40.2608 3.7273
v 21.7927 -40.3155 3.7273
v 21.9906 -40.5060 3.7273
v 22.2665 -40.7713 3.7273
v 22.2895 -40.7935 3.7273
v 22.9642 -41.4425 3.7273
v 23.7902 -42.2369 3.7273
v 24.8002 -43.2084 3.7273
v 26.0854 -44.4446 3.7273
v 27.8064 -46.1000 3.7273
v 29.0163 -47.2639 3.7273
v 29.1437 -47.1747 3.7273
v 29.1480 -47.1717 3.7273
v 29.1568 -47.1655 3.7273
v 29.1612 -47.1625 3.7273
v 29.1655 -47.1594 3.7273
v 29.1743 -47.1532 3.7273
v 29.1788 -47.1501 3.7273
v 29.1876 -47.1440 3.7273
v 29.1920 -47.1409 3.7273
v 29.2009 -47.1346 3.7273
v 29.2053 -47.1315 3.7273
v 29.2142 -47.1253 3.7273
v 29.2232 -47.1190 3.7273
v 29.2276 -47.1159 3.7273
v 29.2366 -47.1096 3.7273
v 29.2456 -47.1033 3.7273
v 29.2501 -47.1002 3.7273
v 29.2637 -47.0907 3.7273
v 29.3651 -47.0196 3.7273
v 29.4095 -46.9886 3.7273
v 29.4172 -46.9832 3.7273
v 29.4606 -46.9528 3.7273
v 29.5244 -46.9081 3.7273
v 29.5397 -46.8974 3.7273
v 30.6547 -46.1167 3.7273
v 31.4803 -45.5386 3.7273
v 31.4858 -45.5347 3.7273
v 31.7528 -45.3477 7.4545
v 32.8509 -44.5788 7.4545
v 33.3191 -44.2510 7.4545
v 33.3820 -44.2070 7.4545
v 33.4248 -44.1770 7.4545
v 33.4446 -44.1631 7.4545
v 33.4764 -44.1409 7.4545
v 33.5771 -44.0704 7.4545
v 33.5906 -44.0609 7.4545
v 33.5951 -44.0578 7.4545
v 33.6041 -44.0515 7.4545
v 33.6130 -44.0452 7.4545
v 33.6175 -44.0421 7.4545
v 33.6264 -44.0359 7.4545
v 33.6353 -44.0296 7.4545
v 33.6397 -44.0265 7.4545
v 33.6486 -44.0203 7.4545
v 33.6530 -44.0172 7.4545
v 33.6618 -44.0111 7.4545
v 33.6662 -44.0080 7.4545
v 33.6750 -44.0018 7.4545
v 33.6794 -43.9987 7.4545
v 33.6838 -43.9957 7.4545
v 33.6926 -43.9895 7.4545
v 33.6969 -43.9865 7.4545
v 33.9660 -43.7981 7.4545
v 34.4893 -43.4316 7.4545
v 33.8095 -41.8966 7.4545
v 32.8426 -39.7132 7.4545
v 32.1205 -38.0827 7.4545
v 32.1100 -38.0591 7.4545
v 31.9434 -37.6830 7.4545
v 31.8336 -37.4349 7.4545
v 31.7950 -37.3477 7.4545
v 31.7049 -37.1443 7.4545
v 31.5530 -36.8013 7.4545
v 31.4640 -36.6004 7.4545
v 31.4327 -36.5298 7.4545
v 31.4224 -36.5064 7.4545
v 31.4018 -36.4599 7.4545
v 31.3814 -36.4138 7.4545
v 31.3712 -36.3908 7.4545
v 31.3510 -36.3452 7.4545
v 31.3309 -36.2999 7.4545
v 31.3210 -36.2774 7.4545
v 31.3011 -36.2326 7.4545
v 31.2912 -36.2103 7.4545
v 31.2716 -36.1659 7.4545
v 31.2618 -36.1439 7.4545
v 31.2424 -36.1000 7.4545
v 31.2328 -36.0782 7.4545
v 31.2231 -36.0565 7.4545
v 31.2040 -36.0132 7.4545
v 31.1945 -35.9917 7.4545
v 31.0889 -35.7535 7.4545
v 30.6969 -34.8683 7.4545
v 30.3566 -34.0998 7.4545
v 30.0540 -33.4166 7.4545
v 29.7793 -32.7963 7.4545
v 29.5251 -32.2223 7.4545
v 29.2857 -31.6817 7.4545
v 29.0564 -31.1639 7.4545
v 28.8333 -30.6602 7.4545
v 28.6128 -30.1624 7.4545
v 28.3916 -29.6628 7.4545
v 28.1662 -29.1539 7.4545
v 27.9329 -28.6271 7.4545
v 27.6875 -28.0730 7.4545
v 27.4906 -27.6283 7.4545
v 27.4250 -27.4802 7.4545
v 27.2627 -27.1137 7.4545
v 27.1389 -26.8343 7.4545
v 27.1125 -26.7747 7.4545
v 27.0672 -26.6724 7.4545
v 26.9368 -26.3778 7.4545
v 26.8210 -26.1163 7.4545
v 26.6081 -25.6358 7.4545
v 26.5655 -25.5395 7.4545
v 26.5514 -25.5076 7.4545
v 26.5233 -25.4443 7.4545
v 26.4955 -25.3814 7.4545
v 26.4817 -25.3501 7.4545
v 26.4596 -25.3004 7.4545
v 26.4541 -25.2880 7.4545
v 26.4268 -25.2263 7.4545
v 26.4132 -25.1956 7.4545
v 26.3862 -25.1346 7.4545
v 26.3727 -25.1042 7.4545
v 26.3460 -25.0439 7.4545
v 26.3327 -25.0138 7.4545
v 26.3063 -24.9541 7.4545
v 26.2931 -24.9244 7.4545
v 26.2800 -24.8948 7.4545
v 26.2539 -24.8360 7.4545
v 26.2410 -24.8067 7.4545
v 26.0386 -24.3497 7.4545
v 25.5332 -23.2086 7.4545
v 24.9050 -21.7899 7.4545
v 24.0885 -19.9463 7.4545
v 23.4606 -18.5286 7.4545
v 22.9642 -18.8761 7.4545
v 21.9829 -19.5633 7.4545
v 21.8167 -19.6797 7.4545
v 21.7901 -19.6983 7.4545
v 21.6732 -19.7801 7.4545
v 21.6430 -19.8012 7.4545
v 21.5455 -19.8696 7.4545
v 21.3297 -20.0206 7.4545
v 21.3037 -20.0388 7.4545
v 21.2952 -20.0448 7.4545
v 21.2784 -20.0566 7.4545
v 21.2619 -20.0681 7.4545
v 21.2537 -20.0738 7.4545
v 21.2377 -20.0851 7.4545
v 21.2219 -20.0961 7.4545
v 21.2141 -20.1016 7.4545
v 21.1987 -20.1124 7.4545
v 21.1911 -20.1177 7.4545
v 21.1761 -20.1282 7.4545
v 21.1687 -20.1333 7.4545
v 21.1541 -20.1436 7.4545
v 21.1469 -20.1486 7.4545
v 21.1398 -20.1536 7.4545
v 21.1256 -20.1635 7.4545
v 21.1186 -20.1684 7.4545
v 20.7795 -20.4059 7.4545
v 19.8236 -21.0752 7.4545
v 18.9267 -21.7032 7.4545
v 18.0709 -22.3025 7.4545
v 17.2411 -22.8835 7.4545
v 16.4239 -23.4557 7.4545
v 15.6067 -24.0279 7.4545
v 14.7769 -24.6090 7.4545
v 13.9211 -25.2082 7.4545
v 13.0242 -25.8362 7.4545
v 12.0683 -26.5055 7.4545
v 11.9677 -26.5760 7.4545
v 11.9604 -26.5811 7.4545
v 11.9458 -26.5913 7.4545
v 11.9384 -26.5965 7.4545
v 11.9309 -26.6018 7.4545
v 11.9157 -26.6124 7.4545
v 11.9080 -26.6178 7.4545
v 11.8925 -26.6286 7.4545
v 11.8846 -26.6342 7.4545
v 11.8687 -26.6453 7.4545
v 11.8606 -26.6510 7.4545
v 11.8442 -26.6624 7.4545
v 11.8276 -26.6741 7.4545
v 11.8191 -26.6800 7.4545
v 11.8020 -26.6920 7.4545
v 11.7846 -26.7042 7.4545
v 11.7757 -26.7104 7.4545
v 11.7487 -26.7293 7.4545
v 11.5250 -26.8860 7.4545
v 11.4332 -26.9502 7.4545
v 11.3925 -26.9787 7.4545
v 11.2713 -27.0636 7.4545
v 11.0713 -27.2036 7.4545
v 11.0311 -27.2318 7.4545
v 9.8835 -28.0353 7.4545
v 9.3872 -28.3829 7.4545
v 10.5047 -29.4578 7.4545
v 11.9579 -30.8556 7.4545
v 12.3278 -31.2115 7.4545
v 12.3549 -31.2375 7.4545
v 12.4092 -31.2898 7.4545
v 12.4366 -31.3161 7.4545
v 12.4640 -31.3424 7.4545
v 12.5190 -31.3954 7.4545
v 12.5466 -31.4220 7.4545
v 12.6022 -31.4754 7.4545
v 12.6301 -31.5022 7.4545
v 12.6862 -31.5562 7.4545
v 12.7144 -31.5833 7.4545
v 12.7710 -31.6378 7.4545
v 12.8280 -31.6926 7.4545
v 12.8567 -31.7201 7.4545
v 12.9142 -31.7755 7.4545
v 12.9721 -31.8312 7.4545
v 13.0012 -31.8592 7.4545
v 13.0761 -31.9312 7.4545
v 13.0891 -31.9438 7.4545
v 13.7617 -32.5907 7.4545
v 13.9755 -32.7963 7.4545
v 14.0192 -32.8383 7.4545
v 14.1181 -32.9335 7.4545
v 14.4207 -33.2246 7.4545
v 14.7249 -33.5172 7.4545
v 14.8769 -33.6633 7.4545
v 15.3680 -34.1358 7.4545
v 15.9339 -34.6801 7.4545
v 16.4431 -35.1698 7.4545
v 16.9103 -35.6193 7.4545
v 17.3471 -36.0394 7.4545
v 17.7623 -36.4388 7.4545
v 18.1635 -36.8247 7.4545
v 18.5572 -37.2034 7.4545
v 18.9496 -37.5808 7.4545
v 19.3467 -37.9628 7.4545
v 19.7548 -38.3553 7.4545
v 20.1809 -38.7652 7.4545
v 20.6271 -39.1944 7.4545
v 20.6333 -39.2004 7.4545
v 20.6447 -39.2113 7.4545
v 20.6799 -39.2452 7.4545
v 20.6976 -39.2623 7.4545
v 20.7154 -39.2794 7.4545
v 20.7511 -39.3137 7.4545
v 20.7691 -39.3310 7.4545
v 20.8051 -39.3657 7.4545
v 20.8233 -39.3831 7.4545
v 20.8597 -39.4181 7.4545
v 20.8780 -39.4357 7.4545
v 20.9148 -39.4711 7.4545
v 20.9518 -39.5067 7.4545
v 20.9704 -39.5246 7.4545
v 21.0078 -39.5606 7.4545
v 21.0455 -39.5969 7.4545
v 21.0644 -39.6151 7.4545
v 21.1216 -39.6701 7.4545
v 21.1223 -39.6707 7.4545
v 21.5599 -40.0916 7.4545
v 21.6608 -40.1887 7.4545
v 21.7357 -40.2608 7.4545
v 21.7927 -40.3155 7.4545
v 21.9906 -40.5060 7.4545
v 22.2665 -40.7713 7.4545
v 22.2895 -40.7935 7.4545
v 22.9642 -41.4425 7.4545
v 23.7902 -42.2369 7.4545
v 24.8002 -43.2084 7.4545
v 26.0854 -44.4446 7.4545
v 27.8064 -46.1000 7.4545
v 29.0163 -47.2639 7.4545
v 29.1437 -47.1747 7.4545
v 29.1480 -47.1717 7.4545
v 29.1568 -47.1655 7.4545
v 29.1612 -47.1625 7.4545
v 29.1655 -47.1594 7.4545
v 29.1743 -47.1532 7.4545
v 29.1788 -47.1501 7.4545
v 29.1876 -47.1440 7.4545
v 29.1920 -47.1409 7.4545
v 29.2009 -47.1346 7.4545
v 29.2053 -47.1315 7.4545
v 29.2142 -47.1253 7.4545
v 29.2232 -47.1190 7.4545
v 29.2276 -47.1159 7.4545
v 29.2366 -47.1096 7.4545
v 29.2456 -47.1033 7.4545
v 29.2501 -47.1002 7.4545
v 29.2637 -47.0907 7.4545
v 29.3651 -47.0196 7.4545
v 29.4095 -46.9886 7.4545
v 29.4172 -46.9832 7.4545
v 29.4606 -46.9528 7.4545
v 29.5244 -46.9081 7.4545
v 29.5397 -46.8974 7.4545
v 30.6547 -46.1167 7.4545
v 31.4803 -45.5386 7.4545
v 31.4858 -45.5347 7.4545
v 31.7528 -45.3477 11.1818
v 32.8509 -44.5788 11.1818
v 33.3191 -44.2510 11.1818
v 33.3820 -44.2070 11.1818
v 33.4248 -44.1770 11.1818
v 33.4446 -44.1631 11.1818
v 33.4764 -44.1409 11.1818
v 33.5771 -44.0704 11.1818
v 33.5906 -44.0609 11.1818
v 33.5951 -44.0578 11.1818
v 33.6041 -44.0515 11.1818
v 33.6130 -44.0452 11.1818
v 33.6175 -44.0421 11.1818
v 33.6264 -44.0359 11.1818
v 33.6353 -44.0296 11.1818
v 33.6397 -44.0265 11.1818
v 33.6486 -44.0203 11.1818
v 33.6530 -44.0172 11.1818
v 33.6618 -44.0111 11.1818
v 33.6662 -44.0080 11.1818
v 33.6750 -44.0018 11.1818
v 33.6794 -43.9987 11.1818
v 33.6838 -43.9957 11.1818
v 33.6926 -43.9895 11.1818
v 33.6969 -43.9865 11.1818
v 33.9660 -43.7981 11.1818
v 34.4893 -43.4316 11.1818
v 33.8095 -41.8966 11.1818
v 32.8426 -39.7132 11.1818
v 32.1205 -38.0827 11.1818
v 32.1100 -38.0591 11.1818
v 31.9434 -37.6830 11.1818
v 31.8336 -37.4349 11.1818
v 31.7950 -37.3477 11.1818
v 31.7049 -37.1443 11.1818
v 31.5530 -36.8013 11.1818
v 31.4640 -36.6004 11.1818
v 31.4327 -36.5298 11.1818
v 31.4224 -36.5064 11.1818
v 31.4018 -36.4599 11.1818
v 31.3814 -36.4138 11.1818
v 31.3712 -36.3908 11.1818
v 31.3510 -36.3452 11.1818
v 31.3309 -36.2999 11.1818
v 31.3210 -36.2774 11.1818
v 31.3011 -36.2326 11.1818
v 31.2912 -36.2103 11.1818
v 31.2716 -36.1659 11.1818
v 31.2618 -36.1439 11.1818
v 31.2424 -36.1000 11.1818
v 31.2328 -36.0782 11.1818
v 31.2231 -36.0565 11.1818
v 31.2040 -36.0132 11.1818
v 31.1945 -35.9917 11.1818
v 31.0889 -35.7535 11.1818
v 30.6969 -34.8683 11.1818
v 30.3566 -34.0998 11.1818
v 30.0540 -33.4166 11.1818
v 29.7793 -32.7963 11.1818
v 29.5251 -32.2223 11.1818
v 29.2857 -31.6817 11.1818
v 29.0564 -31.1639 11.1818
v 28.8333 -30.6602 11.1818
v 28.6128 -30.1624 11.1818
v 28.3916 -29.6628 11.1818
v 28.1662 -29.1539 11.1818
v 27.9329 -28.6271 11.1818
v 27.6875 -28.0730 11.1818
v 27.4906 -27.6283 11.1818
v 27.4250 -27.4802 11.1818
v 27.2627 -27.1137 11.1818
v 27.1389 -26.8343 11.1818
v 27.1125 -26.7747 11.1818
v 27.0672 -26.6724 11.1818
v 26.9368 -26.3778 11.1818
v 26.8210 -26.1163 11.1818
v 26.6081 -25.6358 11.1818
v 26.5655 -25.5395 11.1818
v 26.5514 -25.5076 11.1818
v 26.5233 -25.4443 11.1818
v 26.4955 -25.3814 11.1818
v 26.4817 -25.3501 11.1818
v 26.4596 -25.3004 11.1818
v 26.4541 -25.2880 11.1818
v 26.4268 -25.2263 11.1818
v 26.4132 -25.1956 11.1818
v 26.3862 -25.1346 11.1818
v 26.3727 -25.1042 11.1818
v 26.3460 -25.0439 11.1818
v 26.3327 -25.0138 11.1818
v 26.3063 -24.9541 11.1818
v 26.2931 -24.9244 11.1818
v 26.2800 -24.8948 11.1818
v 26.2539 -24.8360 11.1818
v 26.2410 -24.8067 11.1818
v 26.0386 -24.3497 11.1818
v 25.5332 -23.2086 11.1818
v 24.9050 -21.7899 11.1818
v 24.0885 -19.9463 11.1818
v 23.4606 -18.5286 11.1818
v 22.9642 -18.8761 11.1818
v 21.9829 -19.5633 11.1818
v 21.8167 -19.6797 11.1818
v 21.7901 -19.6983 11.1818
v 21.6732 -19.7801 11.1818
v 21.6430 -19.8012 11.1818
v 21.5455 -19.8696 11.1818
v 21.3297 -20.0206 11.1818
v 21.3037 -20.0388 11.1818
v 21.2952 -20.0448 11.1818
v 21.2784 -20.0566 11.1818
v 21.2619 -20.0681 11.1818
v 21.2537 -20.0738 11.1818
v 21.2377 -20.0851 11.1818
v 21.2219 -20.0961 11.1818
v 21.2141 -20.1016 11.1818
v 21.1987 -20.1124 11.1818
v 21.1911 -20.1177 11.1818
v 21.1761 -20.1282 11.1818
v 21.1687 -20.1333 11.1818
v 21.1541 -20.1436 11.1818
v 21.1469 -20.1486 11.1818
v 21.1398 -20.1536 11.1818
v 21.1256 -20.1635 11.1818
v 21.1186 -20.1684 11.1818
v 20.7795 -20.4059 11.1818
v 19.8236 -21.0752 11.1818
v 18.9267 -21.7032 11.1818
v 18.0709 -22.3025 11.1818
v 17.2411 -22.8835 11.1818
v 16.4239 -23.4557 11.1818
v 15.6067 -24.0279 11.1818
v 14.7769 -24.6090 11.1818
v 13.9211 -25.2082 11.1818
v 13.0242 -25.8362 11.1818
v 12.0683 -26.5055 11.1818
v 11.9677 -26.5760 11.1818
v 11.9604 -26.5811 11.1818
v 11.9458 -26.5913 11.1818
v 11.9384 -26.5965 11.1818
v 11.9309 -26.6018 11.1818
v 11.9157 -26.6124 11.1818
v 11.9080 -26.6178 11.1818
v 11.8925 -26.6286 11.1818
v 11.8846 -26.6342 11.1818
v 11.8687 -26.6453 11.1818
v 11.8606 -26.6510 11.1818
v 11.8442 -26.6624 11.1818
v 11.8276 -26.6741 11.1818
v 11.8191 -26.6800 11.1818
v 11.8020 -26.6920 11.1818
v 11.7846 -26.7042 11.1818
v 11.7757 -26.7104 11.1818
v 11.7487 -26.7293 11.1818
v 11.5250 -26.8860 11.1818
v 11.4332 -26.9502 11.1818
v 11.3925 -26.9787 11.1818
v 11.2713 -27.0636 11.1818
v 11.0713 -27.2036 11.1818
v 11.0311 -27.2318 11.1818
v 9.8835 -28.0353 11.1818
v 9.3872 -28.3829 11.1818
v 10.5047 -29.4578 11.1818
v 11.9579 -30.8556 11.1818
v 12.3278 -31.2115 11.1818
v 12.3549 -31.2375 11.1818
v 12.4092 -31.2898 11.1818
v 12.4366 -31.3161 11.1818
v 12.4640 -31.3424 11.1818
v 12.5190 -31.3954 11.1818
v 12.5466 -31.4220 11.1818
v 12.6022 -31.4754 11.1818
v 12.6301 -31.5022 11.1818
v 12.6862 -31.5562 11.1818
v 12.7144 -31.5833 11.1818
v 12.7710 -31.6378 11.1818
v 12.8280 -31.6926 11.1818
v 12.8567 -31.7201 11.1818
v 12.9142 -31.7755 11.1818
v 12.9721 -31.8312 11.1818
v 13.0012 -31.8592 11.1818
v 13.0761 -31.9312 11.1818
v 13.0891 -31.9438 11.1818
v 13.7617 -32.5907 11.1818
v 13.9755 -32.7963 11.1818
v 14.0192 -32.8383 11.1818
v 14.1181 -32.9335 11.1818
v 14.4207 -33.2246 11.1818
v 14.7249 -33.5172 11.1818
v 14.8769 -33.6633 11.1818
v 15.3680 -34.1358 11.1818
v 15.9339 -34.6801 11.1818
v 16.4431 -35.1698 11.1818
v 16.9103 -35.6193 11.1818
v 17.3471 -36.0394 11.1818
v 17.7623 -36.4388 11.1818
v 18.1635 -36.8247 11.1818
v 18.5572 -37.2034 11.1818
v 18.9496 -37.5808 11.1818
v 19.3467 -37.9628 11.1818
v 19.7548 -38.3553 11.1818
v 20.1809 -38.7652 11.1818
v 20.6271 -39.1944 11.1818
v 20.6333 -39.2004 11.1818
v 20.6447 -39.2113 11.1818
v 20.6799 -39.2452 11.1818
v 20.6976 -39.2623 11.1818
v 20.7154 -39.2794 11.1818
v 20.7511 -39.3137 11.1818
v 20.7691 -39.3310 11.1818
v 20.8051 -39.3657 11.1818
v 20.8233 -39.3831 11.1818
v 20.8597 -39.4181 11.1818
v 20.8780 -39.4357 11.1818
v 20.9148 -39.4711 11.1818
v 20.9518 -39.5067 11.1818
v 20.9704 -39.5246 11.1818
v 21.0078 -39.5606 11.1818
v 21.0455 -39.5969 11.1818
v 21.0644 -39.6151 11.1818
v 21.1216 -39.6701 11.1818
v 21.1223 -39.6707 11.1818
v 21.5599 -40.0916 11.1818
v 21.6608 -40.1887 11.1818
v 21.7357 -40.2608 11.1818
v 21.7927 -40.3155 11.1818
v 21.9906 -40.5060 11.1818
v 22.2665 -40.7713 11.1818
v 22.2895 -40.7935 11.1818
v 22.9642 -41.4425 11.1818
v 23.7902 -42.2369 11.1818
v 24.8002 -43.2084 11.1818
v 26.0854 -44.4446 11.1818
v 27.8064 -46.1000 11.1818
v 29.0163 -47.2639 11.1818
v 29.1437 -47.1747 11.1818
v 29.1480 -47.1717 11.1818
v 29.1568 -47.1655 11.1818
v 29.1612 -47.1625 11.1818
v 29.1655 -47.1594 11.1818
v 29.1743 -47.1532 11.1818
v 29.1788 -47.1501 11.1818
v 29.1876 -47.1440 11.1818
v 29.1920 -47.1409 11.1818
v 29.2009 -47.1346 11.1818
v 29.2053 -47.1315 11.1818
v 29.2142 -47.1253 11.1818
v 29.2232 -47.1190 11.1818
v 29.2276 -47.1159 11.1818
v 29.2366 -47.1096 11.1818
v 29.2456 -47.1033 11.1818
v 29.2501 -47.1002 11.1818
v 29.2637 -47.0907 11.1818
v 29.3651 -47.0196 11.1818
v 29.4095 -46.9886 11.1818
v 29.4172 -46.9832 11.1818
v 29.4606 -46.9528 11.1818
v 29.5244 -46.9081 11.1818
v 29.5397 -46.8974 11.1818
v 30.6547 -46.1167 11.1818
v 31.4803 -45.5386 11.1818
v 31.4858 -45.5347 11.1818
v 31.7528 -45.3477 14.9091
v 32.8509 -44.5788 14.9091
v 33.3191 -44.2510 14.9091
v 33.3820 -44.2070 14.9091
v 33.4248 -44.1770 14.9091
v 33.4446 -44.1631 14.9091
v 33.4764 -44.1409 14.9091
v 33.5771 -44.0704 14.9091
v 33.5906 -44.0609 14.9091
v 33.5951 -44.0578 14.9091
v 33.6041 -44.0515 14.9091
v 33.6130 -44.0452 14.9091
v 33.6175 -44.0421 14.9091
v 33.6264 -44.0359 14.9091
v 33.6353 -44.0296 14.9091
v 33.6397 -44.0265 14.9091
v 33.6486 -44.0203 14.9091
v 33.6530 -44.0172 14.9091
v 33.6618 -44.0111 14.9091
v 33.6662 -44.0080 14.9091
v 33.6750 -44.0018 14.9091
v 33.6794 -43.9987 14.9091
v 33.6838 -43.9957 14.9091
v 33.6926 -43.9895 14.9091
v 33.6969 -43.9865 14.9091
v 33.9660 -43.7981 14.9091
v 34.4893 -43.4316 14.9091
v 33.8095 -41.8966 14.9091
v 32.8426 -39.7132 14.9091
v 32.1205 -38.0827 14.9091
v 32.1100 -38.0591 14.9091
v 31.9434 -37.6830 14.9091
v 31.8336 -37.4349 14.9091
v 31.7950 -37.3477 14.9091
v 31.7049 -37.1443 14.9091
v 31.5530 -36.8013 14.9091
v 31.4640 -36.6004 14.9091
v 31.4327 -36.5298 14.9091
v 31.4224 -36.5064 14.9091
v 31.4018 -36.4599 14.9091
v 31.3814 -36.4138 14.9091
v 31.3712 -36.3908 14.9091
v 31.3510 -36.3452 14.9091
v 31.3309 -36.2999 14.9091
v 31.3210 -36.2774 14.9091
v 31.3011 -36.2326 14.9091
v 31.2912 -36.2103 14.9091
v 31.2716 -36.1659 14.9091
v 31.2618 -36.1439 14.9091
v 31.2424 -36.1000 14.9091
v 31.2328 -36.0782 14.9091
v 31.2231 -36.0565 14.9091
v 31.2040 -36.0132 14.9091
v 31.1945 -35.9917 14.9091
v 31.0889 -35.7535 14.9091
v 30.6969 -34.8683 14.9091
v 30.3566 -34.0998 14.9091
v 30.0540 -33.4166 14.9091
v 29.7793 -32.7963 14.9091
v 29.5251 -32.2223 14.9091
v 29.2857 -31.6817 14.9091
v 29.0564 -31.1639 14.9091
v 28.8333 -30.6602 14.9091
v 28.6128 -30.1624 14.9091
v 28.3916 -29.6628 14.9091
v 28.1662 -29.1539 14.9091
v 27.9329 -28.6271 14.9091
v 27.6875 -28.0730 14.9091
v 27.4906 -27.6283 14.9091
v 27.4250 -27.4802 14.9091
v 27.2627 -27.1137 14.9091
v 27.1389 -26.8343 14.9091
v 27.1125 -26.7747 14.9091
v 27.0672 -26.6724 14.9091
v 26.9368 -26.3778 14.9091
v 26.8210 -26.1163 14.9091
v 26.6081 -25.6358 14.9091
v 26.5655 -25.5395 14.9091
v 26.5514 -25.5076 14.9091
v 26.5233 -25.4443 14.9091
v 26.4955 -25.3814 14.9091
v 26.4817 -25.3501 14.9091
v 26.4596 -25.3004 14.9091
v 26.4541 -25.2880 14.9091
v 26.4268 -25.2263 14.9091
v 26.4132 -25.1956 14.9091
v 26.3862 -25.1346 14.9091
v 26.3727 -25.1042 14.9091
v 26.3460 -25.0439 14.9091
v 26.3327 -25.0138 14.9091
v 26.3063 -24.9541 14.9091
v 26.2931 -24.9244 14.9091
v 26.2800 -24.8948 14.9091
v 26.2539 -24.8360 14.9091
v 26.2410 -24.8067 14.9091
v 26.0386 -24.3497 14.9091
v 25.5332 -23.2086 14.9091
v 24.9050 -21.7899 14.9091
v 24.0885 -19.9463 14.9091
v 23.4606 -18.5286 14.9091
v 22.9642 -18.8761 14.9091
v 21.9829 -19.5633 14.9091
v 21.8167 -19.6797 14.9091
v 21.7901 -19.6983 14.9091
v 21.6732 -19.7801 14.9091
v 21.6430 -19.8012 14.9091
v 21.5455 -19.8696 14.9091
v 21.3297 -20.0206 14.9091
v 21.3037 -20.0388 14.9091
v 21.2952 -20.0448 14.9091
v 21.2784 -20.0566 14.9091
v 21.2619 -20.0681 14.9091
v 21.2537 -20.0738 14.9091
v 21.2377 -20.0851 14.9091
v 21.2219 -20.0961 14.9091
v 21.2141 -20.1016 14.9091
v 21.1987 -20.1124 14.9091
v 21.1911 -20.1177 14.9091
v 21.1761 -20.1282 14.9091
v 21.1687 -20.1333 14.9091
v 21.1541 -20.1436 14.9091
v 21.1469 -20.1486 14.9091
v 21.1398 -20.1536 14.9091
v 21.1256 -20.1635 14.9091
v 21.1186 -20.1684 14.9091
v 20.7795 -20.4059 14.9091
v 19.8236 -21.0752 14.9091
v 18.9267 -21.7032 14.9091
v 18.0709 -22.3025 14.9091
v 17.2411 -22.8835 14.9091
v 16.4239 -23.4557 14.9091
v 15.6067 -24.0279 14.9091
v 14.7769 -24.6090 14.9091
v 13.9211 -25.2082 14.9091
v 13.0242 -25.8362 14.9091
v 12.0683 -26.5055 14.9091
v 11.9677 -26.5760 14.9091
v 11.9604 -26.5811 14.9091
v 11.9458 -26.5913 14.9091
v 11.9384 -26.5965 14.9091
v 11.9309 -26.6018 14.9091
v 11.9157 -26.6124 14.9091
v 11.9080 -26.6178 14.9091
v 11.8925 -26.6286 14.9091
v 11.8846 -26.6342 14.9091
v 11.8687 -26.6453 14.9091
v 11.8606 -26.6510 14.9091
v 11.8442 -26.6624 14.9091
v 11.8276 -26.6741 14.9091
v 11.8191 -26.6800 14.9091
v 11.8020 -26.6920 14.9091
v 11.7846 -26.7042 14.9091
v 11.7757 -26.7104 14.9091
v 11.7487 -26.7293 14.9091
v 11.5250 -26.8860 14.9091
v 11.4332 -26.9502 14.9091
v 11.3925 -26.9787 14.9091
v 11.2713 -27.0636 14.9091
v 11.0713 -27.2036 14.9091
v 11.0311 -27.2318 14.9091
v 9.8835 -28.0353 14.9091
v 9.3872 -28.3829 14.9091
v 10.5047 -29.4578 14.9091
v 11.9579 -30.8556 14.9091
v 12.3278 -31.2115 14.9091
v 12.3549 -31.2375 14.9091
v 12.4092 -31.2898 14.9091
v 12.4366 -31.3161 14.9091
v 12.4640 -31.3424 14.9091
v 12.5190 -31.3954 14.9091
v 12.5466 -31.4220 14.9091
v 12.6022 -31.4754 14.9091
v 12.6301 -31.5022 14.9091
v 12.6862 -31.5562 14.9091
v 12.7144 -31.5833 14.9091
v 12.7710 -31.6378 14.9091
v 12.8280 -31.6926 14.9091
v 12.8567 -31.7201 14.9091
v 12.9142 -31.7755 14.9091
v 12.9721 -31.8312 14.9091
v 13.0012 -31.8592 14.9091
v 13.0761 -31.9312 14.9091
v 13.0891 -31.9438 14.9091
v 13.7617 -32.5907 14.9091
v 13.9755 -32.7963 14.9091
v 14.0192 -32.8383 14.9091
v 14.1181 -32.9335 14.9091
v 14.4207 -33.2246 14.9091
v 14.7249 -33.5172 14.9091
v 14.8769 -33.6633 14.9091
v 15.3680 -34.1358 14.9091
v 15.9339 -34.6801 14.9091
v 16.4431 -35.1698 14.9091
v 16.9103 -35.6193 14.9091
v 17.3471 -36.0394 14.9091
v 17.7623 -36.4388 14.9091
v 18.1635 -36.8247 14.9091
v 18.5572 -37.2034 14.9091
v 18.9496 -37.5808 14.9091
v 19.3467 -37.9628 14.9091
v 19.7548 -38.3553 14.9091
v 20.1809 -38.7652 14.9091
v 20.6271 -39.1944 14.9091
v 20.6333 -39.2004 14.9091
v 20.6447 -39.2113 14.9091
v 20.6799 -39.2452 14.9091
v 20.6976 -39.2623 14.9091
v 20.7154 -39.2794 14.9091
v 20.7511 -39.3137 14.9091
v 20.7691 -39.3310 14.9091
v 20.8051 -39.3657 14.9091
v 20.8233 -39.3831 14.9091
v 20.8597 -39.4181 14.9091
v 20.8780 -39.4357 14.9091
v 20.9148 -39.4711 14.9091
v 20.9518 -39.5067 14.9091
v 20.9704 -39.5246 14.9091
v 21.0078 -39.5606 14.9091
v 21.0455 -39.5969 14.9091
v 21.0644 -39.6151 14.9091
v 21.1216 -39.6701 14.9091
v 21.1223 -39.6707 14.9091
v 21.5599 -40.0916 14.9091
v 21.6608 -40.1887 14.9091
v 21.7357 -40.2608 14.9091
v 21.7927 -40.3155 14.9091
v 21.9906 -40.5060 14.9091
v 22.2665 -40.7713 14.9091
v 22.2895 -40.7935 14.9091
v 22.9642 -41.4425 14.9091
v 23.7902 -42.2369 14.9091
v 24.8002 -43.2084 14.9091
v 26.0854 -44.4446 14.9091
v 27.8064 -46.1000 14.9091
v 29.0163 -47.2639 14.9091
v 29.1437 -47.1747 14.9091
v 29.1480 -47.1717 14.9091
v 29.1568 -47.1655 14.9091
v 29.1612 -47.1625 14.9091
v 29.1655 -47.1594 14.9091
v 29.1743 -47.1532 14.9091
v 29.1788 -47.1501 14.9091
v 29.1876 -47.1440 14.9091
v 29.1920 -47.1409 14.9091
v 29.2009 -47.1346 14.9091
v 29.2053 -47.1315 14.9091
v 29.2142 -47.1253 14.9091
v 29.2232 -47.1190 14.9091
v 29.2276 -47.1159 14.9091
v 29.2366 -47.1096 14.9091
v 29.2456 -47.1033 14.9091
v 29.2501 -47.1002 14.9091
v 29.2637 -47.0907 14.9091
v 29.3651 -47.0196 14.9091
v 29.4095 -46.9886 14.9091
v 29.4172 -46.9832 14.9091
v 29.4606 -46.9528 14.9091
v 29.5244 -46.9081 14.9091
v 29.5397 -46.8974 14.9091
v 30.6547 -46.1167 14.9091
v 31.4803 -45.5386 14.9091
v 31.4858 -45.5347 14.9091
v 31.7528 -45.3477 18.6364
v 32.8509 -44.5788 18.6364
v 33.3191 -44.2510 18.6364
v 33.3820 -44.2070 18.6364
v 33.4248 -44.1770 18.6364
v 33.4446 -44.1631 18.6364
v 33.4764 -44.1409 18.6364
v 33.5771 -44.0704 18.6364
v 33.5906 -44.0609 18.6364
v 33.5951 -44.0578 18.6364
v 33.6041 -44.0515 18.6364
v 33.6130 -44.0452 18.6364
v 33.6175 -44.0421 18.6364
v 33.6264 -44.0359 18.6364
v 33.6353 -44.0296 18.6364
v 33.6397 -44.0265 18.6364
v 33.6486 -44.0203 18.6364
v 33.6530 -44.0172 18.6364
v 33.6618 -44.0111 18.6364
v 33.6662 -44.0080 18.6364
v 33.6750 -44.0018 18.6364
v 33.6794 -43.9987 18.6364
v 33.6838 -43.9957 18.6364
v 33.6926 -43.9895 18.6364
v 33.6969 -43.9865 18.6364
v 33.9660 -43.7981 18.6364
v 34.4893 -43.4316 18.6364
v 33.8095 -41.8966 18.6364
v 32.8426 -39.7132 18.6364
v 32.1205 -38.0827 18.6364
v 32.1100 -38.0591 18.6364
v 31.9434 -37.6830 18.6364
v 31.8336 -37.4349 18.6364
v 31.7950 -37.3477 18.6364
v 31.7049 -37.1443 18.6364
v 31.5530 -36.8013 18.6364
v 31.4640 -36.6004 18.6364
v 31.4327 -36.5298 18.6364
v 31.4224 -36.5064 18.6364
v 31.4018 -36.4599 18.6364
v 31.3814 -36.4138 18.6364
v 31.3712 -36.3908 18.6364
v 31.3510 -36.3452 18.6364
v 31.3309 -36.2999 18.6364
v 31.3210 -36.2774 18.6364
v 31.3011 -36.2326 18.6364
v 31.2912 -36.2103 18.6364
v 31.2716 -36.1659 18.6364
v 31.2618 -36.1439 18.6364
v 31.2424 -36.1000 18.6364
v 31.2328 -36.0782 18.6364
v 31.2231 -36.0565 18.6364
v 31.2040 -36.0132 18.6364
v 31.1945 -35.9917 18.6364
v 31.0889 -35.7535 18.6364
v 30.6969 -34.8683 18.6364
v 30.3566 -34.0998 18.6364
v 30.0540 -33.4166 18.6364
v 29.7793 -32.7963 18.6364
v 29.5251 -32.2223 18.6364
v 29.2857 -31.6817 18.6364
v 29.0564 -31.1639 18.6364
v 28.8333 -30.6602 18.6364
v 28.6128 -30.1624 18.6364
v 28.3916 -29.6628 18.6364
v 28.1662 -29.1539 18.6364
v 27.9329 -28.6271 18.6364
v 27.6875 -28.0730 18.6364
v 27.4906 -27.6283 18.6364
v 27.4250 -27.4802 18.6364
v 27.2627 -27.1137 18.6364
v 27.1389 -26.8343 18.6364
v 27.1125 -26.7747 18.6364
v 27.0672 -26.6724 18.6364
v 26.9368 -26.3778 18.6364
v 26.8210 -26.1163 18.6364
v 26.6081 -25.6358 18.6364
v 26.5655 -25.5395 18.6364
v 26.5514 -25.5076 18.6364
v 26.5233 -25.4443 18.6364
v 26.4955 -25.3814 18.6364
v 26.4817 -25.3501 18.6364
v 26.4596 -25.3004 18.6364
v 26.4541 -25.2880 18.6364
v 26.4268 -25.2263 18.6364
v 26.4132 -25.1956 18.6364
v 26.3862 -25.1346 18.6364
v 26.3727 -25.1042 18.6364
v 26.3460 -25.0439 18.6364
v 26.3327 -25.0138 18.6364
v 26.3063 -24.9541 18.6364
v 26.2931 -24.9244 18.6364
v 26.2800 -24.8948 18.6364
v 26.2539 -24.8360 18.6364
v 26.2410 -24.8067 18.6364
v 26.0386 -24.3497 18.6364
v 25.5332 -23.2086 18.6364
v 24.9050 -21.7899 18.6364
v 24.0885 -19.9463 18.6364
v 23.4606 -18.5286 18.6364
v 22.9642 -18.8761 18.6364
v 21.9829 -19.5633 18.6364
v 21.8167 -19.6797 18.6364
v 21.7901 -19.6983 18.6364
v 21.6732 -19.7801 18.6364
v 21.6430 -19.8012 18.6364
v 21.5455 -19.8696 18.6364
v 21.3297 -20.0206 18.6364
v 21.3037 -20.0388 18.6364
v 21.2952 -20.0448 18.6364
v 21.2784 -20.0566 18.6364
v 21.2619 -20.0681 18.6364
v 21.2537 -20.0738 18.6364
v 21.2377 -20.0851 18.6364
v 21.2219 -20.0961 18.6364
v 21.2141 -20.1016 18.6364
v 21.1987 -20.1124 18.6364
v 21.1911 -20.1177 18.6364
v 21.1761 -20.1282 18.6364
v 21.1687 -20.1333 18.6364
v 21.1541 -20.1436 18.6364
v 21.1469 -20.1486 18.6364
v 21.1398 -20.1536 18.6364
v 21.1256 -20.1635 18.6364
v 21.1186 -20.1684 18.6364
v 20.7795 -20.4059 18.6364
v 19.8236 -21.0752 18.6364
v 18.9267 -21.7032 18.6364
v 18.0709 -22.3025 18.6364
v 17.2411 -22.8835 18.6364
v 16.4239 -23.4557 18.6364
v 15.6067 -24.0279 18.6364
v 14.7769 -24.6090 18.6364
v 13.9211 -25.2082 18.6364
v 13.0242 -25.8362 18.6364
v 12.0683 -26.5055 18.6364
v 11.9677 -26.5760 18.6364
v 11.9604 -26.5811 18.6364
v 11.9458 -26.5913 18.6364
v 11.9384 -26.5965 18.6364
v 11.9309 -26.6018 18.6364
v 11.9157 -26.6124 18.6364
v 11.9080 -26.6178 18.6364
v 11.8925 -26.6286 18.6364
v 11.8846 -26.6342 18.6364
v 11.8687 -26.6453 18.6364
v 11.8606 -26.6510 18.6364
v 11.8442 -26.6624 18.6364
v 11.8276 -26.6741 18.6364
v 11.8191 -26.6800 18.6364
v 11.8020 -26.6920 18.6364
v 11.7846 -26.7042 18.6364
v 11.7757 -26.7104 18.6364
v 11.7487 -26.7293 18.6364
v 11.5250 -26.8860 18.6364
v 11.4332 -26.9502 18.6364
v 11.3925 -26.9787 18.6364
v 11.2713 -27.0636 18.6364
v 11.0713 -27.2036 18.6364
v 11.0311 -27.2318 18.6364
v 9.8835 -28.0353 18.6364
v 9.3872 -28.3829 18.6364
v 10.5047 -29.4578 18.6364
v 11.9579 -30.8556 18.6364
v 12.3278 -31.2115 18.6364
v 12.3549 -31.2375 18.6364
v 12.4092 -31.2898 18.6364
v 12.4366 -31.3161 18.6364
v 12.4640 -31.3424 18.6364
v 12.5190 -31.3954 18.6364
v 12.5466 -31.4220 18.6364
v 12.6022 -31.4754 18.6364
v 12.6301 -31.5022 18.6364
v 12.6862 -31.5562 18.6364
v 12.7144 -31.5833 18.6364
v 12.7710 -31.6378 18.6364
v 12.8280 -31.6926 18.6364
v 12.8567 -31.7201 18.6364
v 12.9142 -31.7755 18.6364
v 12.9721 -31.8312 18.6364
v 13.0012 -31.8592 18.6364
v 13.0761 -31.9312 18.6364
v 13.0891 -31.9438 18.6364
v 13.7617 -32.5907 18.6364
v 13.9755 -32.7963 18.6364
v 14.0192 -32.8383 18.6364
v 14.1181 -32.9335 18.6364
v 14.4207 -33.2246 18.6364
v 14.7249 -33.5172 18.6364
v 14.8769 -33.6633 18.6364
v 15.3680 -34.1358 18.6364
v 15.9339 -34.6801 18.6364
v 16.4431 -35.1698 18.6364
v 16.9103 -35.6193 18.6364
v 17.3471 -36.0394 18.6364
v 17.7623 -36.4388 18.6364
v 18.1635 -36.8247 18.6364
v 18.5572 -37.2034 18.6364
v 18.9496 -37.5808 18.6364
v 19.3467 -37.9628 18.6364
v 19.7548 -38.3553 18.6364
v 20.1809 -38.7652 18.6364
v 20.6271 -39.1944 18.6364
v 20.6333 -39.2004 18.6364
v 20.6447 -39.2113 18.6364
v 20.6799 -39.2452 18.6364
v 20.6976 -39.2623 18.6364
v 20.7154 -39.2794 18.6364
v 20.7511 -39.3137 18.6364
v 20.7691 -39.3310 18.6364
v 20.8051 -39.3657 18.6364
v 20.8233 -39.3831 18.6364
v 20.8597 -39.4181 18.6364
v 20.8780 -39.4357 18.6364
v 20.9148 -39.4711 18.6364
v 20.9518 -39.5067 18.6364
v 20.9704 -39.5246 18.6364
v 21.0078 -39.5606 18.6364
v 21.0455 -39.5969 18.6364
v 21.0644 -39.6151 18.6364
v 21.1216 -39.6701 18.6364
v 21.1223 -39.6707 18.6364
v 21.5599 -40.0916 18.6364
v 21.6608 -40.1887 18.6364
v 21.7357 -40.2608 18.6364
v 21.7927 -40.3155 18.6364
v 21.9906 -40.5060 18.6364
v 22.2665 -40.7713 18.6364
v 22.2895 -40.7935 18.6364
v 22.9642 -41.4425 18.6364
v 23.7902 -42.2369 18.6364
v 24.8002 -43.2084 18.6364
v 26.0854 -44.4446 18.6364
v 27.8064 -46.1000 18.6364
v 29.0163 -47.2639 18.6364
v 29.1437 -47.1747 18.6364
v 29.1480 -47.1717 18.6364
v 29.1568 -47.1655 18.6364
v 29.1612 -47.1625 18.6364
v 29.1655 -47.1594 18.6364
v 29.1743 -47.1532 18.6364
v 29.1788 -47.1501 18.6364
v 29.1876 -47.1440 18.6364
v 29.1920 -47.1409 18.6364
v 29.2009 -47.1346 18.6364
v 29.2053 -47.1315 18.6364
v 29.2142 -47.1253 18.6364
v 29.2232 -47.1190 18.6364
v 29.2276 -47.1159 18.6364
v 29.2366 -47.1096 18.6364
v 29.2456 -47.1033 18.6364
v 29.2501 -47.1002 18.6364
v 29.2637 -47.0907 18.6364
v 29.3651 -47.0196 18.6364
v 29.4095 -46.9886 18.6364
v 29.4172 -46.9832 18.6364
v 29.4606 -46.9528 18.6364
v 29.5244 -46.9081 18.6364
v 29.5397 -46.8974 18.6364
v 30.6547 -46.1167 18.6364
v 31.4803 -45.5386 18.6364
v 31.4858 -45.5347 18.6364
v 31.7528 -45.3477 22.3636
v 32.8509 -44.5788 22.3636
v 33.3191 -44.2510 22.3636
v 33.3820 -44.2070 22.3636
v 33.4248 -44.1770 22.3636
v 33.4446 -44.1631 22.3636
v 33.4764 -44.1409 22.3636
v 33.5771 -44.0704 22.3636
v 33.5906 -44.0609 22.3636
v 33.5951 -44.0578 22.3636
v 33.6041 -44.0515 22.3636
v 33.6130 -44.0452 22.3636
v 33.6175 -44.0421 22.3636
v 33.6264 -44.0359 22.3636
v 33.6353 -44.0296 22.3636
v 33.6397 -44.0265 22.3636
v 33.6486 -44.0203 22.3636
v 33.6530 -44.0172 22.3636
v 33.6618 -44.0111 22.3636
v 33.6662 -44.0080 22.3636
v 33.6750 -44.0018 22.3636
v 33.6794 -43.9987 22.3636
v 33.6838 -43.9957 22.3636
v 33.6926 -43.9895 22.3636
v 33.6969 -43.9865 22.3636
v 33.9660 -43.7981 22.3636
v 34.4893 -43.4316 22.3636
v 33.8095 -41.8966 22.3636
v 32.8426 -39.7132 22.3636
v 32.1205 -38.0827 22.3636
v 32.1100 -38.0591 22.3636
v 31.9434 -37.6830 22.3636
v 31.8336 -37.4349 22.3636
v 31.7950 -37.3477 22.3636
v 31.7049 -37.1443 22.3636
v 31.5530 -36.8013 22.3636
v 31.4640 -36.6004 22.3636
v 31.4327 -36.5298 22.3636
v 31.4224 -36.5064 22.3636
v 31.4018 -36.4599 22.3636
v 31.3814 -36.4138 22.3636
v 31.3712 -36.3908 22.3636
v 31.3510 -36.3452 22.3636
v 31.3309 -36.2999 22.3636
v 31.3210 -36.2774 22.3636
v 31.3011 -36.2326 22.3636
v 31.2912 -36.2103 22.3636
v 31.2716 -36.1659 22.3636
v 31.2618 -36.1439 22.3636
v 31.2424 -36.1000 22.3636
v 31.2328 -36.0782 22.3636
v 31.2231 -36.0565 22.3636
v 31.2040 -36.0132 22.3636
v 31.1945 -35.9917 22.3636
v 31.0889 -35.7535 22.3636
v 30.6969 -34.8683 22.3636
v 30.3566 -34.0998 22.3636
v 30.0540 -33.4166 22.3636
v 29.7793 -32.7963 22.3636
v 29.5251 -32.2223 22.3636
v 29.2857 -31.6817 22.3636
v 29.0564 -31.1639 22.3636
v 28.8333 -30.6602 22.3636
v 28.6128 -30.1624 22.3636
v 28.3916 -29.6628 22.3636
v 28.1662 -29.1539 22.3636
v 27.9329 -28.6271 22.3636
v 27.6875 -28.0730 22.3636
v 27.4906 -27.6283 22.3636
v 27.4250 -27.4802 22.3636
v 27.2627 -27.1137 22.3636
v 27.1389 -26.8343 22.3636
v 27.1125 -26.7747 22.3636
v 27.0672 -26.6724 22.3636
v 26.9368 -26.3778 22.3636
v 26.8210 -26.1163 22.3636
v 26.6081 -25.6358 22.3636
v 26.5655 -25.5395 22.3636
v 26.5514 -25.5076 22.3636
v 26.5233 -25.4443 22.3636
v 26.4955 -25.3814 22.3636
v 26.4817 -25.3501 22.3636
v 26.4596 -25.3004 22.3636
v 26.4541 -25.2880 22.3636
v 26.4268 -25.2263 22.3636
v 26.4132 -25.1956 22.3636
v 26.3862 -25.1346 22.3636
v 26.3727 -25.1042 22.3636
v 26.3460 -25.0439 22.3636
v 26.3327 -25.0138 22.3636
v 26.3063 -24.9541 22.3636
v 26.2931 -24.9244 22.3636
v 26.2800 -24.8948 22.3636
v 26.2539 -24.8360 22.3636
v 26.2410 -24.8067 22.3636
v 26.0386 -24.3497 22.3636
v 25.5332 -23.2086 22.3636
v 24.9050 -21.7899 22.3636
v 24.0885 -19.9463 22.3636
v 23.4606 -18.5286 22.3636
v 22.9642 -18.8761 22.3636
v 21.9829 -19.5633 22.3636
v 21.8167 -19.6797 22.3636
v 21.7901 -19.6983 22.3636
v 21.6732 -19.7801 22.3636
v 21.6430 -19.8012 22.3636
v 21.5455 -19.8696 22.3636
v 21.3297 -20.0206 22.3636
v 21.3037 -20.0388 22.3636
v 21.2952 -20.0448 22.3636
v 21.2784 -20.0566 22.3636
v 21.2619 -20.0681 22.3636
v 21.2537 -20.0738 22.3636
v 21.2377 -20.0851 22.3636
v 21.2219 -20.0961 22.3636
v 21.2141 -20.1016 22.3636
v 21.1987 -20.1124 22.3636
v 21.1911 -20.1177 22.3636
v 21.1761 -20.1282 22.3636
v 21.1687 -20.1333 22.3636
v 21.1541 -20.1436 22.3636
v 21.1469 -20.1486 22.3636
v 21.1398 -20.1536 22.3636
v 21.1256 -20.1635 22.3636
v 21.1186 -20.1684 22.3636
v 20.7795 -20.4059 22.3636
v 19.8236 -21.0752 22.3636
v 18.9267 -21.7032 22.3636
v 18.0709 -22.3025 22.3636
v 17.2411 -22.8835 22.3636
v 16.4239 -23.4557 22.3636
v 15.6067 -24.0279 22.3636
v 14.7769 -24.6090 22.3636
v 13.9211 -25.2082 22.3636
v 13.0242 -25.8362 22.3636
v 12.0683 -26.5055 22.3636
v 11.9677 -26.5760 22.3636
v 11.9604 -26.5811 22.3636
v 11.9458 -26.5913 22.3636
v 11.9384 -26.5965 22.3636
v 11.9309 -26.6018 22.3636
v 11.9157 -26.6124 22.3636
v 11.9080 -26.6178 22.3636
v 11.8925 -26.6286 22.3636
v 11.8846 -26.6342 22.3636
v 11.8687 -26.6453 22.3636
v 11.8606 -26.6510 22.3636
v 11.8442 -26.6624 22.3636
v 11.8276 -26.6741 22.3636
v 11.8191 -26.6800 22.3636
v 11.8020 -26.6920 22.3636
v 11.7846 -26.7042 22.3636
v 11.7757 -26.7104 22.3636
v 11.7487 -26.7293 22.3636
v 11.5250 -26.8860 22.3636
v 11.4332 -26.9502 22.3636
v 11.3925 -26.9787 22.3636
v 11.2713 -27.0636 22.3636
v 11.0713 -27.2036 22.3636
v 11.0311 -27.2318 22.3636
v 9.8835 -28.0353 22.3636
v 9.3872 -28.3829 22.3636
v 10.5047 -29.4578 22.3636
v 11.9579 -30.8556 22.3636
v 12.3278 -31.2115 22.3636
v 12.3549 -31.2375 22.3636
v 12.4092 -31.2898 22.3636
v 12.4366 -31.3161 22.3636
v 12.4640 -31.3424 22.3636
v 12.5190 -31.3954 22.3636
v 12.5466 -31.4220 22.3636
v 12.6022 -31.4754 22.3636
v 12.6301 -31.5022 22.3636
v 12.6862 -31.5562 22.3636
v 12.7144 -31.5833 22.3636
v 12.7710 -31.6378 22.3636
v 12.8280 -31.6926 22.3636
v 12.8567 -31.7201 22.3636
v 12.9142 -31.7755 22.3636
v 12.9721 -31.8312 22.3636
v 13.0012 -31.8592 22.3636
v 13.0761 -31.9312 22.3636
v 13.0891 -31.9438 22.3636
v 13.7617 -32.5907 22.3636
v 13.9755 -32.7963 22.3636
v 14.0192 -32.8383 22.3636
v 14.1181 -32.9335 22.3636
v 14.4207 -33.2246 22.3636
v 14.7249 -33.5172 22.3636
v 14.8769 -33.6633 22.3636
v 15.3680 -34.1358 22.3636
v 15.9339 -34.6801 22.3636
v 16.4431 -35.1698 22.3636
v 16.9103 -35.6193 22.3636
v 17.3471 -36.0394 22.3636
v 17.7623 -36.4388 22.3636
v 18.1635 -36.8247 22.3636
v 18.5572 -37.2034 22.3636
v 18.9496 -37.5808 22.3636
v 19.3467 -37.9628 22.3636
v 19.7548 -38.3553 22.3636
v 20.1809 -38.7652 22.3636
v 20.6271 -39.1944 22.3636
v 20.6333 -39.2004 22.3636
v 20.6447 -39.2113 22.3636
v 20.6799 -39.2452 22.3636
v 20.6976 -39.2623 22.3636
v 20.7154 -39.2794 22.3636
v 20.7511 -39.3137 22.3636
v 20.7691 -39.3310 22.3636
v 20.8051 -39.3657 22.3636
v 20.8233 -39.3831 22.3636
v 20.8597 -39.4181 22.3636
v 20.8780 -39.4357 22.3636
v 20.9148 -39.4711 22.3636
v 20.9518 -39.5067 22.3636
v 20.9704 -39.5246 22.3636
v 21.0078 -39.5606 22.3636
v 21.0455 -39.5969 22.3636
v 21.0644 -39.6151 22.3636
v 21.1216 -39.6701 22.3636
v 21.1223 -39.6707 22.3636
v 21.5599 -40.0916 22.3636
v 21.6608 -40.1887 22.3636
v 21.7357 -40.2608 22.3636
v 21.7927 -40.3155 22.3636
v 21.9906 -40.5060 22.3636
v 22.2665 -40.7713 22.3636
v 22.2895 -40.7935 22.3636
v 22.9642 -41.4425 22.3636
v 23.7902 -42.2369 22.3636
v 24.8002 -43.2084 22.3636
v 26.0854 -44.4446 22.3636
v 27.8064 -46.1000 22.3636
v 29.0163 -47.2639 22.3636
v 29.1437 -47.1747 22.3636
v 29.1480 -47.1717 22.3636
v 29.1568 -47.1655 22.3636
v 29.1612 -47.1625 22.3636
v 29.1655 -47.1594 22.3636
v 29.1743 -47.1532 22.3636
v 29.1788 -47.1501 22.3636
v 29.1876 -47.1440 22.3636
v 29.1920 -47.1409 22.3636
v 29.2009 -47.1346 22.3636
v 29.2053 -47.1315 22.3636
v 29.2142 -47.1253 22.3636
v 29.2232 -47.1190 22.3636
v 29.2276 -47.1159 22.3636
v 29.2366 -47.1096 22.3636
v 29.2456 -47.1033 22.3636
v 29.2501 -47.1002 22.3636
v 29.2637 -47.0907 22.3636
v 29.3651 -47.0196 22.3636
v 29.4095 -46.9886 22.3636
v 29.4172 -46.9832 22.3636
v 29.4606 -46.9528 22.3636
v 29.5244 -46.9081 22.3636
v 29.5397 -46.8974 22.3636
v 30.6547 -46.1167 22.3636
v 31.4803 -45.5386 22.3636
v 31.4858 -45.5347 22.3636
v 31.7528 -45.3477 26.0909
v 32.8509 -44.5788 26.0909
v 33.3191 -44.2510 26.0909
v 33.3820 -44.2070 26.0909
v 33.4248 -44.1770 26.0909
v 33.4446 -44.1631 26.0909
v 33.4764 -44.1409 26.0909
v 33.5771 -44.0704 26.0909
v 33.5906 -44.0609 26.0909
v 33.5951 -44.0578 26.0909
v 33.6041 -44.0515 26.0909
v 33.6130 -44.0452 26.0909
v 33.6175 -44.0421 26.0909
v 33.6264 -44.0359 26.0909
v 33.6353 -44.0296 26.0909
v 33.6397 -44.0265 26.0909
v 33.6486 -44.0203 26.0909
v 33.6530 -44.0172 26.0909
v 33.6618 -44.0111 26.0909
v 33.6662 -44.0080 26.0909
v 33.6750 -44.0018 26.0909
v 33.6794 -43.9987 26.0909
v 33.6838 -43.9957 26.0909
v 33.6926 -43.9895 26.0909
v 33.6969 -43.9865 26.0909
v 33.9660 -43.7981 26.0909
v 34.4893 -43.4316 26.0909
v 33.8095 -41.8966 26.0909
v 32.8426 -39.7132 26.0909
v 32.1205 -38.0827 26.0909
v 32.1100 -38.0591 26.0909
v 31.9434 -37.6830 26.0909
v 31.8336 -37.4349 26.0909
v 31.7950 -37.3477 26.0909
v 31.7049 -37.1443 26.0909
v 31.5530 -36.8013 26.0909
v 31.4640 -36.6004 26.0909
v 31.4327 -36.5298 26.0909
v 31.4224 -36.5064 26.0909
v 31.4018 -36.4599 26.0909
v 31.3814 -36.4138 26.0909
v 31.3712 -36.3908 26.0909
v 31.3510 -36.3452 26.0909
v 31.3309 -36.2999 26.0909
v 31.3210 -36.2774 26.0909
v 31.3011 -36.2326 26.0909
v 31.2912 -36.2103 26.0909
v 31.2716 -36.1659 26.0909
v 31.2618 -36.1439 26.0909
v 31.2424 -36.1000 26.0909
v 31.2328 -36.0782 26.0909
v 31.2231 -36.0565 26.0909
v 31.2040 -36.0132 26.0909
v 31.1945 -35.9917 26.0909
v 31.0889 -35.7535 26.0909
v 30.6969 -34.8683 26.0909
v 30.3566 -34.0998 26.0909
v 30.0540 -33.4166 26.0909
v 29.7793 -32.7963 26.0909
v 29.5251 -32.2223 26.0909
v 29.2857 -31.6817 26.0909
v 29.0564 -31.1639 26.0909
v 28.8333 -30.6602 26.0909
v 28.6128 -30.1624 26.0909
v 28.3916 -29.6628 26.0909
v 28.1662 -29.1539 26.0909
v 27.9329 -28.6271 26.0909
v 27.6875 -28.0730 26.0909
v 27.4906 -27.6283 26.0909
v 27.4250 -27.4802 26.0909
v 27.2627 -27.1137 26.0909
v 27.1389 -26.8343 26.0909
v 27.1125 -26.7747 26.0909
v 27.0672 -26.6724 26.0909
v 26.9368 -26.3778 26.0909
v 26.8210 -26.1163 26.0909
v 26.6081 -25.6358 26.0909
v 26.5655 -25.5395 26.0909
v 26.5514 -25.5076 26.0909
v 26.5233 -25.4443 26.0909
v 26.4955 -25.3814 26.0909
v 26.4817 -25.3501 26.0909
v 26.4596 -25.3004 26.0909
v 26.4541 -25.2880 26.0909
v 26.4268 -25.2263 26.0909
v 26.4132 -25.1956 26.0909
v 26.3862 -25.1346 26.0909
v 26.3727 -25.1042 26.0909
v 26.3460 -25.0439 26.0909
v 26.3327 -25.0138 26.0909
v 26.3063 -24.9541 26.0909
v 26.2931 -24.9244 26.0909
v 26.2800 -24.8948 26.0909
v 26.2539 -24.8360 26.0909
v 26.2410 -24.8067 26.0909
v 26.0386 -24.3497 26.0909
v 25.5332 -23.2086 26.0909
v 24.9050 -21.7899 26.0909
v 24.0885 -19.9463 26.0909
v 23.4606 -18.5286 26.0909
v 22.9642 -18.8761 26.0909
v 21.9829 -19.5633 26.0909
v 21.8167 -19.6797 26.0909
v 21.7901 -19.6983 26.0909
v 21.6732 -19.7801 26.0909
v 21.6430 -19.8012 26.0909
v 21.5455 -19.8696 26.0909
v 21.3297 -20.0206 26.0909
v 21.3037 -20.0388 26.0909
v 21.2952 -20.0448 26.0909
v 21.2784 -20.0566 26.0909
v 21.2619 -20.0681 26.0909
v 21.2537 -20.0738 26.0909
v 21.2377 -20.0851 26.0909
v 21.2219 -20.0961 26.0909
v 21.2141 -20.1016 26.0909
v 21.1987 -20.1124 26.0909
v 21.1911 -20.1177 26.0909
v 21.1761 -20.1282 26.0909
v 21.1687 -20.1333 26.0909
v 21.1541 -20.1436 26.0909
v 21.1469 -20.1486 26.0909
v 21.1398 -20.1536 26.0909
v 21.1256 -20.1635 26.0909
v 21.1186 -20.1684 26.0909
v 20.7795 -20.4059 26.0909
v 19.8236 -21.0752 26.0909
v 18.9267 -21.7032 26.0909
v 18.0709 -22.3025 26.0909
v 17.2411 -22.8835 26.0909
v 16.4239 -23.4557 26.0909
v 15.6067 -24.0279 26.0909
v 14.7769 -24.6090 26.0909
v 13.9211 -25.2082 26.0909
v 13.0242 -25.8362 26.0909
v 12.0683 -26.5055 26.0909
v 11.9677 -26.5760 26.0909
v 11.9604 -26.5811 26.0909
v 11.9458 -26.5913 26.0909
v 11.9384 -26.5965 26.0909
v 11.9309 -26.6018 26.0909
v 11.9157 -26.6124 26.0909
v 11.9080 -26.6178 26.0909
v 11.8925 -26.6286 26.0909
v 11.8846 -26.6342 26.0909
v 11.8687 -26.6453 26.0909
v 11.8606 -26.6510 26.0909
v 11.8442 -26.6624 26.0909
v 11.8276 -26.6741 26.0909
v 11.8191 -26.6800 26.0909
v 11.8020 -26.6920 26.0909
v 11.7846 -26.7042 26.0909
v 11.7757 -26.7104 26.0909
v 11.7487 -26.7293 26.0909
v 11.5250 -26.8860 26.0909
v 11.4332 -26.9502 26.0909
v 11.3925 -26.9787 26.0909
v 11.2713 -27.0636 26.0909
v 11.0713 -27.2036 26.0909
v 11.0311 -27.2318 26.0909
v 9.8835 -28.0353 26.0909
v 9.3872 -28.3829 26.0909
v 10.5047 -29.4578 26.0909
v 11.9579 -30.8556 26.0909
v 12.3278 -31.2115 26.0909
v 12.3549 -31.2375 26.0909
v 12.4092 -31.2898 26.0909
v 12.4366 -31.3161 26.0909
v 12.4640 -31.3424 26.0909
v 12.5190 -31.3954 26.0909
v 12.5466 -31.4220 26.0909
v 12.6022 -31.4754 26.0909
v 12.6301 -31.5022 26.0909
v 12.6862 -31.5562 26.0909
v 12.7144 -31.5833 26.0909
v 12.7710 -31.6378 26.0909
v 12.8280 -31.6926 26.0909
v 12.8567 -31.7201 26.0909
v 12.9142 -31.7755 26.0909
v 12.9721 -31.8312 26.0909
v 13.0012 -31.8592 26.0909
v 13.0761 -31.9312 26.0909
v 13.0891 -31.9438 26.0909
v 13.7617 -32.5907 26.0909
v 13.9755 -32.7963 26.0909
v 14.0192 -32.8383 26.0909
v 14.1181 -32.9335 26.0909
v 14.4207 -33.2246 26.0909
v 14.7249 -33.5172 26.0909
v 14.8769 -33.6633 26.0909
v 15.3680 -34.1358 26.0909
v 15.9339 -34.6801 26.0909
v 16.4431 -35.1698 26.0909
v 16.9103 -35.6193 26.0909
v 17.3471 -36.0394 26.0909
v 17.7623 -36.4388 26.0909
v 18.1635 -36.8247 26.0909
v 18.5572 -37.2034 26.0909
v 18.9496 -37.5808 26.0909
v 19.3467 -37.9628 26.0909
v 19.7548 -38.3553 26.0909
v 20.1809 -38.7652 26.0909
v 20.6271 -39.1944 26.0909
v 20.6333 -39.2004 26.0909
v 20.6447 -39.2113 26.0909
v 20.6799 -39.2452 26.0909
v 20.6976 -39.2623 26.0909
v 20.7154 -39.2794 26.0909
v 20.7511 -39.3137 26.0909
v 20.7691 -39.3310 26.0909
v 20.8051 -39.3657 26.0909
v 20.8233 -39.3831 26.0909
v 20.8597 -39.4181 26.0909
v 20.8780 -39.4357 26.0909
v 20.9148 -39.4711 26.0909
v 20.9518 -39.5067 26.0909
v 20.9704 -39.5246 26.0909
v 21.0078 -39.5606 26.0909
v 21.0455 -39.5969 26.0909
v 21.0644 -39.6151 26.0909
v 21.1216 -39.6701 26.0909
v 21.1223 -39.6707 26.0909
v 21.5599 -40.0916 26.0909
v 21.6608 -40.1887 26.0909
v 21.7357 -40.2608 26.0909
v 21.7927 -40.3155 26.0909
v 21.9906 -40.5060 26.0909
v 22.2665 -40.7713 26.0909
v 22.2895 -40.7935 26.0909
v 22.9642 -41.4425 26.0909
v 23.7902 -42.2369 26.0909
v 24.8002 -43.2084 26.0909
v 26.0854 -44.4446 26.0909
v 27.8064 -46.1000 26.0909
v 29.0163 -47.2639 26.0909
v 29.1437 -47.1747 26.0909
v 29.1480 -47.1717 26.0909
v 29.1568 -47.1655 26.0909
v 29.1612 -47.1625 26.0909
v 29.1655 -47.1594 26.0909
v 29.1743 -47.1532 26.0909
v 29.1788 -47.1501 26.0909
v 29.1876 -47.1440 26.0909
v 29.1920 -47.1409 26.0909
v 29.2009 -47.1346 26.0909
v 29.2053 -47.1315 26.0909
v 29.2142 -47.1253 26.0909
v 29.2232 -47.1190 26.0909
v 29.2276 -47.1159 26.0909
v 29.2366 -47.1096 26.0909
v 29.2456 -47.1033 26.0909
v 29.2501 -47.1002 26.0909
v 29.2637 -47.0907 26.0909
v 29.3651 -47.0196 26.0909
v 29.4095 -46.9886 26.0909
v 29.4172 -46.9832 26.0909
v 29.4606 -46.9528 26.0909
v 29.5244 -46.9081 26.0909
v 29.5397 -46.8974 26.0909
v 30.6547 -46.1167 26.0909
v 31.4803 -45.5386 26.0909
v 31.4858 -45.5347 26.0909
v 31.7528 -45.3477 29.8182
v 32.8509 -44.5788 29.8182
v 33.3191 -44.2510 29.8182
v 33.3820 -44.2070 29.8182
v 33.4248 -44.1770 29.8182
v 33.4446 -44.1631 29.8182
v 33.4764 -44.1409 29.8182
v 33.5771 -44.0704 29.8182
v 33.5906 -44.0609 29.8182
v 33.5951 -44.0578 29.8182
v 33.6041 -44.0515 29.8182
v 33.6130 -44.0452 29.8182
v 33.6175 -44.0421 29.8182
v 33.6264 -44.0359 29.8182
v 33.6353 -44.0296 29.8182
v 33.6397 -44.0265 29.8182
v 33.6486 -44.0203 29.8182
v 33.6530 -44.0172 29.8182
v 33.6618 -44.0111 29.8182
v 33.6662 -44.0080 29.8182
v 33.6750 -44.0018 29.8182
v 33.6794 -43.9987 29.8182
v 33.6838 -43.9957 29.8182
v 33.6926 -43.9895 29.8182
v 33.6969 -43.9865 29.8182
v 33.9660 -43.7981 29.8182
v 34.4893 -43.4316 29.8182
v 33.8095 -41.8966 29.8182
v 32.8426 -39.7132 29.8182
v 32.1205 -38.0827 29.8182
v 32.1100 -38.0591 29.8182
v 31.9434 -37.6830 29.8182
v 31.8336 -37.4349 29.8182
v 31.7950 -37.3477 29.8182
v 31.7049 -37.1443 29.8182
v 31.5530 -36.8013 29.8182
v 31.4640 -36.6004 29.8182
v 31.4327 -36.5298 29.8182
v 31.4224 -36.5064 29.8182
v 31.4018 -36.4599 29.8182
v 31.3814 -36.4138 29.8182
v 31.3712 -36.3908 29.8182
v 31.3510 -36.3452 29.8182
v 31.3309 -36.2999 29.8182
v 31.3210 -36.2774 29.8182
v 31.3011 -36.2326 29.8182
v 31.2912 -36.2103 29.8182
v 31.2716 -36.1659 29.8182
v 31.2618 -36.1439 29.8182
v 31.2424 -36.1000 29.8182
v 31.2328 -36.0782 29.8182
v 31.2231 -36.0565 29.8182
v 31.2040 -36.0132 29.8182
v 31.1945 -35.9917 29.8182
v 31.0889 -35.7535 29.8182
v 30.6969 -34.8683 29.8182
v 30.3566 -34.0998 29.8182
v 30.0540 -33.4166 29.8182
v 29.7793 -32.7963 29.8182
v 29.5251 -32.2223 29.8182
v 29.2857 -31.6817 29.8182
v 29.0564 -31.1639 29.8182
v 28.8333 -30.6602 29.8182
v 28.6128 -30.1624 29.8182
v 28.3916 -29.6628 29.8182
v 28.1662 -29.1539 29.8182
v 27.9329 -28.6271 29.8182
v 27.6875 -28.0730 29.8182
v 27.4906 -27.6283 29.8182
v 27.4250 -27.4802 29.8182
v 27.2627 -27.1137 29.8182
v 27.1389 -26.8343 29.8182
v 27.1125 -26.7747 29.8182
v 27.0672 -26.6724 29.8182
v 26.9368 -26.3778 29.8182
v 26.8210 -26.1163 29.8182
v 26.6081 -25.6358 29.8182
v 26.5655 -25.5395 29.8182
v 26.5514 -25.5076 29.8182
v 26.5233 -25.4443 29.8182
v 26.4955 -25.3814 29.8182
v 26.4817 -25.3501 29.8182
v 26.4596 -25.3004 29.8182
v 26.4541 -25.2880 29.8182
v 26.4268 -25.2263 29.8182
v 26.4132 -25.1956 29.8182
v 26.3862 -25.1346 29.8182
v 26.3727 -25.1042 29.8182
v 26.3460 -25.0439 29.8182
v 26.3327 -25.0138 29.8182
v 26.3063 -24.9541 29.8182
v 26.2931 -24.9244 29.8182
v 26.2800 -24.8948 29.8182
v 26.2539 -24.8360 29.8182
v 26.2410 -24.8067 29.8182
v 26.0386 -24.3497 29.8182
v 25.5332 -23.2086 29.8182
v 24.9050 -21.7899 29.8182
v 24.0885 -19.9463 29.8182
v 23.4606 -18.5286 29.8182
v 22.9642 -18.8761 29.8182
v 21.9829 -19.5633 29.8182
v 21.8167 -19.6797 29.8182
v 21.7901 -19.6983 29.8182
v 21.6732 -19.7801 29.8182
v 21.6430 -19.8012 29.8182
v 21.5455 -19.8696 29.8182
v 21.3297 -20.0206 29.8182
v 21.3037 -20.0388 29.8182
v 21.2952 -20.0448 29.8182
v 21.2784 -20.0566 29.8182
v 21.2619 -20.0681 29.8182
v 21.2537 -20.0738 29.8182
v 21.2377 -20.0851 29.8182
v 21.2219 -20.0961 29.8182
v 21.2141 -20.1016 29.8182
v 21.1987 -20.1124 29.8182
v 21.1911 -20.1177 29.8182
v 21.1761 -20.1282 29.8182
v 21.1687 -20.1333 29.8182
v 21.1541 -20.1436 29.8182
v 21.1469 -20.1486 29.8182
v 21.1398 -20.1536 29.8182
v 21.1256 -20.1635 29.8182
v 21.1186 -20.1684 29.8182
v 20.7795 -20.4059 29.8182
v 19.8236 -21.0752 29.8182
v 18.9267 -21.7032 29.8182
v 18.0709 -22.3025 29.8182
v 17.2411 -22.8835 29.8182
v 16.4239 -23.4557 29.8182
v 15.6067 -24.0279 29.8182
v 14.7769 -24.6090 29.8182
v 13.9211 -25.2082 29.8182
v 13.0242 -25.8362 29.8182
v 12.0683 -26.5055 29.8182
v 11.9677 -26.5760 29.8182
v 11.9604 -26.5811 29.8182
v 11.9458 -26.5913 29.8182
v 11.9384 -26.5965 29.8182
v 11.9309 -26.6018 29.8182
v 11.9157 -26.6124 29.8182
v 11.9080 -26.6178 29.8182
v 11.8925 -26.6286 29.8182
v 11.8846 -26.6342 29.8182
v 11.8687 -26.6453 29.8182
v 11.8606 -26.6510 29.8182
v 11.8442 -26.6624 29.8182
v 11.8276 -26.6741 29.8182
v 11.8191 -26.6800 29.8182
v 11.8020 -26.6920 29.8182
v 11.7846 -26.7042 29.8182
v 11.7757 -26.7104 29.8182
v 11.7487 -26.7293 29.8182
v 11.5250 -26.8860 29.8182
v 11.4332 -26.9502 29.8182
v 11.3925 -26.9787 29.8182
v 11.2713 -27.0636 29.8182
v 11.0713 -27.2036 29.8182
v 11.0311 -27.2318 29.8182
v 9.8835 -28.0353 29.8182
v 9.3872 -28.3829 29.8182
v 10.5047 -29.4578 29.8182
v 11.9579 -30.8556 29.8182
v 12.3278 -31.2115 29.8182
v 12.3549 -31.2375 29.8182
v 12.4092 -31.2898 29.8182
v 12.4366 -31.3161 29.8182
v 12.4640 -31.3424 29.8182
v 12.5190 -31.3954 29.8182
v 12.5466 -31.4220 29.8182
v 12.6022 -31.4754 29.8182
v 12.6301 -31.5022 29.8182
v 12.6862 -31.5562 29.8182
v 12.7144 -31.5833 29.8182
v 12.7710 -31.6378 29.8182
v 12.8280 -31.6926 29.8182
v 12.8567 -31.7201 29.8182
v 12.9142 -31.7755 29.8182
v 12.9721 -31.8312 29.8182
v 13.0012 -31.8592 29.8182
v 13.0761 -31.9312 29.8182
v 13.0891 -31.9438 29.8182
v 13.7617 -32.5907 29.8182
v 13.9755 -32.7963 29.8182
v 14.0192 -32.8383 29.8182
v 14.1181 -32.9335 29.8182
v 14.4207 -33.2246 29.8182
v 14.7249 -33.5172 29.8182
v 14.8769 -33.6633 29.8182
v 15.3680 -34.1358 29.8182
v 15.9339 -34.6801 29.8182
v 16.4431 -35.1698 29.8182
v 16.9103 -35.6193 29.8182
v 17.3471 -36.0394 29.8182
v 17.7623 -36.4388 29.8182
v 18.1635 -36.8247 29.8182
v 18.5572 -37.2034 29.8182
v 18.9496 -37.5808 29.8182
v 19.3467 -37.9628 29.8182
v 19.7548 -38.3553 29.8182
v 20.1809 -38.7652 29.8182
v 20.6271 -39.1944 29.8182
v 20.6333 -39.2004 29.8182
v 20.6447 -39.2113 29.8182
v 20.6799 -39.2452 29.8182
v 20.6976 -39.2623 29.8182
v 20.7154 -39.2794 29.8182
v 20.7511 -39.3137 29.8182
v 20.7691 -39.3310 29.8182
v 20.8051 -39.3657 29.8182
v 20.8233 -39.3831 29.8182
v 20.8597 -39.4181 29.8182
v 20.8780 -39.4357 29.8182
v 20.9148 -39.4711 29.8182
v 20.9518 -39.5067 29.8182
v 20.9704 -39.5246 29.8182
v 21.0078 -39.5606 29.8182
v 21.0455 -39.5969 29.8182
v 21.0644 -39.6151 29.8182
v 21.1216 -39.6701 29.8182
v 21.1223 -39.6707 29.8182
v 21.5599 -40.0916 29.8182
v 21.6608 -40.1887 29.8182
v 21.7357 -40.2608 29.8182
v 21.7927 -40.3155 29.8182
v 21.9906 -40.5060 29.8182
v 22.2665 -40.7713 29.8182
v 22.2895 -40.7935 29.8182
v 22.9642 -41.4425 29.8182
v 23.7902 -42.2369 29.8182
v 24.8002 -43.2084 29.8182
v 26.0854 -44.4446 29.8182
v 27.8064 -46.1000 29.8182
v 29.0163 -47.2639 29.8182
v 29.1437 -47.1747 29.8182
v 29.1480 -47.1717 29.8182
v 29.1568 -47.1655 29.8182
v 29.1612 -47.1625 29.8182
v 29.1655 -47.1594 29.8182
v 29.1743 -47.1532 29.8182
v 29.1788 -47.1501 29.8182
v 29.1876 -47.1440 29.8182
v 29.1920 -47.1409 29.8182
v 29.2009 -47.1346 29.8182
v 29.2053 -47.1315 29.8182
v 29.2142 -47.1253 29.8182
v 29.2232 -47.1190 29.8182
v 29.2276 -47.1159 29.8182
v 29.2366 -47.1096 29.8182
v 29.2456 -47.1033 29.8182
v 29.2501 -47.1002 29.8182
v 29.2637 -47.0907 29.8182
v 29.3651 -47.0196 29.8182
v 29.4095 -46.9886 29.8182
v 29.4172 -46.9832 29.8182
v 29.4606 -46.9528 29.8182
v 29.5244 -46.9081 29.8182
v 29.5397 -46.8974 29.8182
v 30.6547 -46.1167 29.8182
v 31.4803 -45.5386 29.8182
v 31.4858 -45.5347 29.8182
v 31.7528 -45.3477 33.5455
v 32.8509 -44.5788 33.5455
v 33.3191 -44.2510 33.5455
v 33.3820 -44.2070 33.5455
v 33.4248 -44.1770 33.5455
v 33.4446 -44.1631 33.5455
v 33.4764 -44.1409 33.5455
v 33.5771 -44.0704 33.5455
v 33.5906 -44.0609 33.5455
v 33.5951 -44.0578 33.5455
v 33.6041 -44.0515 33.5455
v 33.6130 -44.0452 33.5455
v 33.6175 -44.0421 33.5455
v 33.6264 -44.0359 33.5455
v 33.6353 -44.0296 33.5455
v 33.6397 -44.0265 33.5455
v 33.6486 -44.0203 33.5455
v 33.6530 -44.0172 33.5455
v 33.6618 -44.0111 33.5455
v 33.6662 -44.0080 33.5455
v 33.6750 -44.0018 33.5455
v 33.6794 -43.9987 33.5455
v 33.6838 -43.9957 33.5455
v 33.6926 -43.9895 33.5455
v 33.6969 -43.9865 33.5455
v 33.9660 -43.7981 33.5455
v 34.4893 -43.4316 33.5455
v 33.8095 -41.8966 33.5455
v 32.8426 -39.7132 33.5455
v 32.1205 -38.0827 33.5455
v 32.1100 -38.0591 33.5455
v 31.9434 -37.6830 33.5455
v 31.8336 -37.4349 33.5455
v 31.7950 -37.3477 33.5455
v 31.7049 -37.1443 33.5455
v 31.5530 -36.8013 33.5455
v 31.4640 -36.6004 33.5455
v 31.4327 -36.5298 33.5455
v 31.4224 -36.5064 33.5455
v 31.4018 -36.4599 33.5455
v 31.3814 -36.4138 33.5455
v 31.3712 -36.3908 33.5455
v 31.3510 -36.3452 33.5455
v 31.3309 -36.2999 33.5455
v 31.3210 -36.2774 33.5455
v 31.3011 -36.2326 33.5455
v 31.2912 -36.2103 33.5455
v 31.2716 -36.1659 33.5455
v 31.2618 -36.1439 33.5455
v 31.2424 -36.1000 33.5455
v 31.2328 -36.0782 33.5455
v 31.2231 -36.0565 33.5455
v 31.2040 -36.0132 33.5455
v 31.1945 -35.9917 33.5455
v 31.0889 -35.7535 33.5455
v 30.6969 -34.8683 33.5455
v 30.3566 -34.0998 33.5455
v 30.0540 -33.4166 33.5455
v 29.7793 -32.7963 33.5455
v 29.5251 -32.2223 33.5455
v 29.2857 -31.6817 33.5455
v 29.0564 -31.1639 33.5455
v 28.8333 -30.6602 33.5455
v 28.6128 -30.1624 33.5455
v 28.3916 -29.6628 33.5455
v 28.1662 -29.1539 33.5455
v 27.9329 -28.6271 33.5455
v 27.6875 -28.0730 33.5455
v 27.4906 -27.6283 33.5455
v 27.4250 -27.4802 33.5455
v 27.2627 -27.1137 33.5455
v 27.1389 -26.8343 33.5455
v 27.1125 -26.7747 33.5455
v 27.0672 -26.6724 33.5455
v 26.9368 -26.3778 33.5455
v 26.8210 -26.1163 33.5455
v 26.6081 -25.6358 33.5455
v 26.5655 -25.5395 33.5455
v 26.5514 -25.5076 33.5455
v 26.5233 -25.4443 33.5455
v 26.4955 -25.3814 33.5455
v 26.4817 -25.3501 33.5455
v 26.4596 -25.3004 33.5455
v 26.4541 -25.2880 33.5455
v 26.4268 -25.2263 33.5455
v 26.4132 -25.1956 33.5455
v 26.3862 -25.1346 33.5455
v 26.3727 -25.1042 33.5455
v 26.3460 -25.0439 33.5455
v 26.3327 -25.0138 33.5455
v 26.3063 -24.9541 33.5455
v 26.2931 -24.9244 33.5455
v 26.2800 -24.8948 33.5455
v 26.2539 -24.8360 33.5455
v 26.2410 -24.8067 33.5455
v 26.0386 -24.3497 33.5455
v 25.5332 -23.2086 33.5455
v 24.9050 -21.7899 33.5455
v 24.0885 -19.9463 33.5455
v 23.4606 -18.5286 33.5455
v 22.9642 -18.8761 33.5455
v 21.9829 -19.5633 33.5455
v 21.8167 -19.6797 33.5455
v 21.7901 -19.6983 33.5455
v 21.6732 -19.7801 33.5455
v 21.6430 -19.8012 33.5455
v 21.5455 -19.8696 33.5455
v 21.3297 -20.0206 33.5455
v 21.3037 -20.0388 33.5455
v 21.2952 -20.0448 33.5455
v 21.2784 -20.0566 33.5455
v 21.2619 -20.0681 33.5455
v 21.2537 -20.0738 33.5455
v 21.2377 -20.0851 33.5455
v 21.2219 -20.0961 33.5455
v 21.2141 -20.1016 33.5455
v 21.1987 -20.1124 33.5455
v 21.1911 -20.1177 33.5455
v 21.1761 -20.1282 33.5455
v 21.1687 -20.1333 33.5455
v 21.1541 -20.1436 33.5455
v 21.1469 -20.1486 33.5455
v 21.1398 -20.1536 33.5455
v 21.1256 -20.1635 33.5455
v 21.1186 -20.1684 33.5455
v 20.7795 -20.4059 33.5455
v 19.8236 -21.0752 33.5455
v 18.9267 -21.7032 33.5455
v 18.0709 -22.3025 33.5455
v 17.2411 -22.8835 33.5455
v 16.4239 -23.4557 33.5455
v 15.6067 -24.0279 33.5455
v 14.7769 -24.6090 33.5455
v 13.9211 -25.2082 33.5455
v 13.0242 -25.8362 33.5455
v 12.0683 -26.5055 33.5455
v 11.9677 -26.5760 33.5455
v 11.9604 -26.5811 33.5455
v 11.9458 -26.5913 33.5455
v 11.9384 -26.5965 33.5455
v 11.9309 -26.6018 33.5455
v 11.9157 -26.6124 33.5455
v 11.9080 -26.6178 33.5455
v 11.8925 -26.6286 33.5455
v 11.8846 -26.6342 33.5455
v 11.8687 -26.6453 33.5455
v 11.8606 -26.6510 33.5455
v 11.8442 -26.6624 33.5455
v 11.8276 -26.6741 33.5455
v 11.8191 -26.6800 33.5455
v 11.8020 -26.6920 33.5455
v 11.7846 -26.7042 33.5455
v 11.7757 -26.7104 33.5455
v 11.7487 -26.7293 33.5455
v 11.5250 -26.8860 33.5455
v 11.4332 -26.9502 33.5455
v 11.3925 -26.9787 33.5455
v 11.2713 -27.0636 33.5455
v 11.0713 -27.2036 33.5455
v 11.0311 -27.2318 33.5455
v 9.8835 -28.0353 33.5455
v 9.3872 -28.3829 33.5455
v 10.5047 -29.4578 33.5455
v 11.9579 -30.8556 33.5455
v 12.3278 -31.2115 33.5455
v 12.3549 -31.2375 33.5455
v 12.4092 -31.2898 33.5455
v 12.4366 -31.3161 33.5455
v 12.4640 -31.3424 33.5455
v 12.5190 -31.3954 33.5455
v 12.5466 -31.4220 33.5455
v 12.6022 -31.4754 33.5455
v 12.6301 -31.5022 33.5455
v 12.6862 -31.5562 33.5455
v 12.7144 -31.5833 33.5455
v 12.7710 -31.6378 33.5455
v 12.8280 -31.6926 33.5455
v 12.8567 -31.7201 33.5455
v 12.9142 -31.7755 33.5455
v 12.9721 -31.8312 33.5455
v 13.0012 -31.8592 33.5455
v 13.0761 -31.9312 33.5455
v 13.0891 -31.9438 33.5455
v 13.7617 -32.5907 33.5455
v 13.9755 -32.7963 33.5455
v 14.0192 -32.8383 33.5455
v 14.1181 -32.9335 33.5455
v 14.4207 -33.2246 33.5455
v 14.7249 -33.5172 33.5455
v 14.8769 -33.6633 33.5455
v 15.3680 -34.1358 33.5455
v 15.9339 -34.6801 33.5455
v 16.4431 -35.1698 33.5455
v 16.9103 -35.6193 33.5455
v 17.3471 -36.0394 33.5455
v 17.7623 -36.4388 33.5455
v 18.1635 -36.8247 33.5455
v 18.5572 -37.2034 33.5455
v 18.9496 -37.5808 33.5455
v 19.3467 -37.9628 33.5455
v 19.7548 -38.3553 33.5455
v 20.1809 -38.7652 33.5455
v 20.6271 -39.1944 33.5455
v 20.6333 -39.2004 33.5455
v 20.6447 -39.2113 33.5455
v 20.6799 -39.2452 33.5455
v 20.6976 -39.2623 33.5455
v 20.7154 -39.2794 33.5455
v 20.7511 -39.3137 33.5455
v 20.7691 -39.3310 33.5455
v 20.8051 -39.3657 33.5455
v 20.8233 -39.3831 33.5455
v 20.8597 -39.4181 33.5455
v 20.8780 -39.4357 33.5455
v 20.9148 -39.4711 33.5455
v 20.9518 -39.5067 33.5455
v 20.9704 -39.5246 33.5455
v 21.0078 -39.5606 33.5455
v 21.0455 -39.5969 33.5455
v 21.0644 -39.6151 33.5455
v 21.1216 -39.6701 33.5455
v 21.1223 -39.6707 33.5455
v 21.5599 -40.0916 33.5455
v 21.6608 -40.1887 33.5455
v 21.7357 -40.2608 33.5455
v 21.7927 -40.3155 33.5455
v 21.9906 -40.5060 33.5455
v 22.2665 -40.7713 33.5455
v 22.2895 -40.7935 33.5455
v 22.9642 -41.4425 33.5455
v 23.7902 -42.2369 33.5455
v 24.8002 -43.2084 33.5455
v 26.0854 -44.4446 33.5455
v 27.8064 -46.1000 33.5455
v 29.0163 -47.2639 33.5455
v 29.1437 -47.1747 33.5455
v 29.1480 -47.1717 33.5455
v 29.1568 -47.1655 33.5455
v 29.1612 -47.1625 33.5455
v 29.1655 -47.1594 33.5455
v 29.1743 -47.1532 33.5455
v 29.1788 -47.1501 33.5455
v 29.1876 -47.1440 33.5455
v 29.1920 -47.1409 33.5455
v 29.2009 -47.1346 33.5455
v 29.2053 -47.1315 33.5455
v 29.2142 -47.1253 33.5455
v 29.2232 -47.1190 33.5455
v 29.2276 -47.1159 33.5455
v 29.2366 -47.1096 33.5455
v 29.2456 -47.1033 33.5455
v 29.2501 -47.1002 33.5455
v 29.2637 -47.0907 33.5455
v 29.3651 -47.0196 33.5455
v 29.4095 -46.9886 33.5455
v 29.4172 -46.9832 33.5455
v 29.4606 -46.9528 33.5455
v 29.5244 -46.9081 33.5455
v 29.5397 -46.8974 33.5455
v 30.6547 -46.1167 33.5455
v 31.4803 -45.5386 33.5455
v 31.4858 -45.5347 33.5455
v 31.7528 -45.3477 37.2727
v 32.8509 -44.5788 37.2727
v 33.3191 -44.2510 37.2727
v 33.3820 -44.2070 37.2727
v 33.4248 -44.1770 37.2727
v 33.4446 -44.1631 37.2727
v 33.4764 -44.1409 37.2727
v 33.5771 -44.0704 37.2727
v 33.5906 -44.0609 37.2727
v 33.5951 -44.0578 37.2727
v 33.6041 -44.0515 37.2727
v 33.6130 -44.0452 37.2727
v 33.6175 -44.0421 37.2727
v 33.6264 -44.0359 37.2727
v 33.6353 -44.0296 37.2727
v 33.6397 -44.0265 37.2727
v 33.6486 -44.0203 37.2727
v 33.6530 -44.0172 37.2727
v 33.6618 -44.0111 37.2727
v 33.6662 -44.0080 37.2727
v 33.6750 -44.0018 37.2727
v 33.6794 -43.9987 37.2727
v 33.6838 -43.9957 37.2727
v 33.6926 -43.9895 37.2727
v 33.6969 -43.9865 37.2727
v 33.9660 -43.7981 37.2727
v 34.4893 -43.4316 37.2727
v 33.8095 -41.8966 37.2727
v 32.8426 -39.7132 37.2727
v 32.1205 -38.0827 37.2727
v 32.1100 -38.0591 37.2727
v 31.9434 -37.6830 37.2727
v 31.8336 -37.4349 37.2727
v 31.7950 -37.3477 37.2727
v 31.7049 -37.1443 37.2727
v 31.5530 -36.8013 37.2727
v 31.4640 -36.6004 37.2727
v 31.4327 -36.5298 37.2727
v 31.4224 -36.5064 37.2727
v 31.4018 -36.4599 37.2727
v 31.3814 -36.4138 37.2727
v 31.3712 -36.3908 37.2727
v 31.3510 -36.3452 37.2727
v 31.3309 -36.2999 37.2727
v 31.3210 -36.2774 37.2727
v 31.3011 -36.2326 37.2727
v 31.2912 -36.2103 37.2727
v 31.2716 -36.1659 37.2727
v 31.2618 -36.1439 37.2727
v 31.2424 -36.1000 37.2727
v 31.2328 -36.0782 37.2727
v 31.2231 -36.0565 37.2727
v 31.2040 -36.0132 37.2727
v 31.1945 -35.9917 37.2727
v 31.0889 -35.7535 37.2727
v 30.6969 -34.8683 37.2727
v 30.3566 -34.0998 37.2727
v 30.0540 -33.4166 37.2727
v 29.7793 -32.7963 37.2727
v 29.5251 -32.2223 37.2727
v 29.2857 -31.6817 37.2727
v 29.0564 -31.1639 37.2727
v 28.8333 -30.6602 37.2727
v 28.6128 -30.1624 37.2727
v 28.3916 -29.6628 37.2727
v 28.1662 -29.1539 37.2727
v 27.9329 -28.6271 37.2727
v 27.6875 -28.0730 37.2727
v 27.4906 -27.6283 37.2727
v 27.4250 -27.4802 37.2727
v 27.2627 -27.1137 37.2727
v 27.1389 -26.8343 37.2727
v 27.1125 -26.7747 37.2727
v 27.0672 -26.6724 37.2727
v 26.9368 -26.3778 37.2727
v 26.8210 -26.1163 37.2727
v 26.6081 -25.6358 37.2727
v 26.5655 -25.5395 37.2727
v 26.5514 -25.5076 37.2727
v 26.5233 -25.4443 37.2727
v 26.4955 -25.3814 37.2727
v 26.4817 -25.3501 37.2727
v 26.4596 -25.3004 37.2727
v 26.4541 -25.2880 37.2727
v 26.4268 -25.2263 37.2727
v 26.4132 -25.1956 37.2727
v 26.3862 -25.1346 37.2727
v 26.3727 -25.1042 37.2727
v 26.3460 -25.0439 37.2727
v 26.3327 -25.0138 37.2727
v 26.3063 -24.9541 37.2727
v 26.2931 -24.9244 37.2727
v 26.2800 -24.8948 37.2727
v 26.2539 -24.8360 37.2727
v 26.2410 -24.8067 37.2727
v 26.0386 -24.3497 37.2727
v 25.5332 -23.2086 37.2727
v 24.9050 -21.7899 37.2727
v 24.0885 -19.9463 37.2727
v 23.4606 -18.5286 37.2727
v 22.9642 -18.8761 37.2727
v 21.9829 -19.5633 37.2727
v 21.8167 -19.6797 37.2727
v 21.7901 -19.6983 37.2727
v 21.6732 -19.7801 37.2727
v 21.6430 -19.8012 37.2727
v 21.5455 -19.8696 37.2727
v 21.3297 -20.0206 37.2727
v 21.3037 -20.0388 37.2727
v 21.2952 -20.0448 37.2727
v 21.2784 -20.0566 37.2727
v 21.2619 -20.0681 37.2727
v 21.2537 -20.0738 37.2727
v 21.2377 -20.0851 37.2727
v 21.2219 -20.0961 37.2727
v 21.2141 -20.1016 37.2727
v 21.1987 -20.1124 37.2727
v 21.1911 -20.1177 37.2727
v 21.1761 -20.1282 37.2727
v 21.1687 -20.1333 37.2727
v 21.1541 -20.1436 37.2727
v 21.1469 -20.1486 37.2727
v 21.1398 -20.1536 37.2727
v 21.1256 -20.1635 37.2727
v 21.1186 -20.1684 37.2727
v 20.7795 -20.4059 37.2727
v 19.8236 -21.0752 37.2727
v 18.9267 -21.7032 37.2727
v 18.0709 -22.3025 37.2727
v 17.2411 -22.8835 37.2727
v 16.4239 -23.4557 37.2727
v 15.6067 -24.0279 37.2727
v 14.7769 -24.6090 37.2727
v 13.9211 -25.2082 37.2727
v 13.0242 -25.8362 37.2727
v 12.0683 -26.5055 37.2727
v 11.9677 -26.5760 37.2727
v 11.9604 -26.5811 37.2727
v 11.9458 -26.5913 37.2727
v 11.9384 -26.5965 37.2727
v 11.9309 -26.6018 37.2727
v 11.9157 -26.6124 37.2727
v 11.9080 -26.6178 37.2727
v 11.8925 -26.6286 37.2727
v 11.8846 -26.6342 37.2727
v 11.8687 -26.6453 37.2727
v 11.8606 -26.6510 37.2727
v 11.8442 -26.6624 37.2727
v 11.8276 -26.6741 37.2727
v 11.8191 -26.6800 37.2727
v 11.8020 -26.6920 37.2727
v 11.7846 -26.7042 37.2727
v 11.7757 -26.7104 37.2727
v 11.7487 -26.7293 37.2727
v 11.5250 -26.8860 37.2727
v 11.4332 -26.9502 37.2727
v 11.3925 -26.9787 37.2727
v 11.2713 -27.0636 37.2727
v 11.0713 -27.2036 37.2727
v 11.0311 -27.2318 37.2727
v 9.8835 -28.0353 37.2727
v 9.3872 -28.3829 37.2727
v 10.5047 -29.4578 37.2727
v 11.9579 -30.8556 37.2727
v 12.3278 -31.2115 37.2727
v 12.3549 -31.2375 37.2727
v 12.4092 -31.2898 37.2727
v 12.4366 -31.3161 37.2727
v 12.4640 -31.3424 37.2727
v 12.5190 -31.3954 37.2727
v 12.5466 -31.4220 37.2727
v 12.6022 -31.4754 37.2727
v 12.6301 -31.5022 37.2727
v 12.6862 -31.5562 37.2727
v 12.7144 -31.5833 37.2727
v 12.7710 -31.6378 37.2727
v 12.8280 -31.6926 37.2727
v 12.8567 -31.7201 37.2727
v 12.9142 -31.7755 37.2727
v 12.9721 -31.8312 37.2727
v 13.0012 -31.8592 37.2727
v 13.0761 -31.9312 37.2727
v 13.0891 -31.9438 37.2727
v 13.7617 -32.5907 37.2727
v 13.9755 -32.7963 37.2727
v 14.0192 -32.8383 37.2727
v 14.1181 -32.9335 37.2727
v 14.4207 -33.2246 37.2727
v 14.7249 -33.5172 37.2727
v 14.8769 -33.6633 37.2727
v 15.3680 -34.1358 37.2727
v 15.9339 -34.6801 37.2727
v 16.4431 -35.1698 37.2727
v 16.9103 -35.6193 37.2727
v 17.3471 -36.0394 37.2727
v 17.7623 -36.4388 37.2727
v 18.1635 -36.8247 37.2727
v 18.5572 -37.2034 37.2727
v 18.9496 -37.5808 37.2727
v 19.3467 -37.9628 37.2727
v 19.7548 -38.3553 37.2727
v 20.1809 -38.7652 37.2727
v 20.6271 -39.1944 37.2727
v 20.6333 -39.2004 37.2727
v 20.6447 -39.2113 37.2727
v 20.6799 -39.2452 37.2727
v 20.6976 -39.2623 37.2727
v 20.7154 -39.2794 37.2727
v 20.7511 -39.3137 37.2727
v 20.7691 -39.3310 37.2727
v 20.8051 -39.3657 37.2727
v 20.8233 -39.3831 37.2727
v 20.8597 -39.4181 37.2727
v 20.8780 -39.4357 37.2727
v 20.9148 -39.4711 37.2727
v 20.9518 -39.5067 37.2727
v 20.9704 -39.5246 37.2727
v 21.0078 -39.5606 37.2727
v 21.0455 -39.5969 37.2727
v 21.0644 -39.6151 37.2727
v 21.1216 -39.6701 37.2727
v 21.1223 -39.6707 37.2727
v 21.5599 -40.0916 37.2727
v 21.6608 -40.1887 37.2727
v 21.7357 -40.2608 37.2727
v 21.7927 -40.3155 37.2727
v 21.9906 -40.5060 37.2727
v 22.2665 -40.7713 37.2727
v 22.2895 -40.7935 37.2727
v 22.9642 -41.4425 37.2727
v 23.7902 -42.2369 37.2727
v 24.8002 -43.2084 37.2727
v 26.0854 -44.4446 37.2727
v 27.8064 -46.1000 37.2727
v 29.0163 -47.2639 37.2727
v 29.1437 -47.1747 37.2727
v 29.1480 -47.1717 37.2727
v 29.1568 -47.1655 37.2727
v 29.1612 -47.1625 37.2727
v 29.1655 -47.1594 37.2727
v 29.1743 -47.1532 37.2727
v 29.1788 -47.1501 37.2727
v 29.1876 -47.1440 37.2727
v 29.1920 -47.1409 37.2727
v 29.2009 -47.1346 37.2727
v 29.2053 -47.1315 37.2727
v 29.2142 -47.1253 37.2727
v 29.2232 -47.1190 37.2727
v 29.2276 -47.1159 37.2727
v 29.2366 -47.1096 37.2727
v 29.2456 -47.1033 37.2727
v 29.2501 -47.1002 37.2727
v 29.2637 -47.0907 37.2727
v 29.3651 -47.0196 37.2727
v 29.4095 -46.9886 37.2727
v 29.4172 -46.9832 37.2727
v 29.4606 -46.9528 37.2727
v 29.5244 -46.9081 37.2727
v 29.5397 -46.8974 37.2727
v 30.6547 -46.1167 37.2727
v 31.4803 -45.5386 37.2727
v 31.4858 -45.5347 37.2727
v 31.7528 -45.3477 41.0000
v 32.8509 -44.5788 41.0000
v 33.3191 -44.2510 41.0000
v 33.3820 -44.2070 41.0000
v 33.4248 -44.1770 41.0000
v 33.4446 -44.1631 41.0000
v 33.4764 -44.1409 41.0000
v 33.5771 -44.0704 41.0000
v 33.5906 -44.0609 41.0000
v 33.5951 -44.0578 41.0000
v 33.6041 -44.0515 41.0000
v 33.6130 -44.0452 41.0000
v 33.6175 -44.0421 41.0000
v 33.6264 -44.0359 41.0000
v 33.6353 -44.0296 41.0000
v 33.6397 -44.0265 41.0000
v 33.6486 -44.0203 41.0000
v 33.6530 -44.0172 41.0000
v 33.6618 -44.0111 41.0000
v 33.6662 -44.0080 41.0000
v 33.6750 -44.0018 41.0000
v 33.6794 -43.9987 41.0000
v 33.6838 -43.9957 41.0000
v 33.6926 -43.9895 41.0000
v 33.6969 -43.9865 41.0000
v 33.9660 -43.7981 41.0000
v 34.4893 -43.4316 41.0000
v 33.8095 -41.8966 41.0000
v 32.8426 -39.7132 41.0000
v 32.1205 -38.0827 41.0000
v 32.1100 -38.0591 41.0000
v 31.9434 -37.6830 41.0000
v 31.8336 -37.4349 41.0000
v 31.7950 -37.3477 41.0000
v 31.7049 -37.1443 41.0000
v 31.5530 -36.8013 41.0000
v 31.4640 -36.6004 41.0000
v 31.4327 -36.5298 41.0000
v 31.4224 -36.5064 41.0000
v 31.4018 -36.4599 41.0000
v 31.3814 -36.4138 41.0000
v 31.3712 -36.3908 41.0000
v 31.3510 -36.3452 41.0000
v 31.3309 -36.2999 41.0000
v 31.3210 -36.2774 41.0000
v 31.3011 -36.2326 41.0000
v 31.2912 -36.2103 41.0000
v 31.2716 -36.1659 41.0000
v 31.2618 -36.1439 41.0000
v 31.2424 -36.1000 41.0000
v 31.2328 -36.0782 41.0000
v 31.2231 -36.0565 41.0000
v 31.2040 -36.0132 41.0000
v 31.1945 -35.9917 41.0000
v 31.0889 -35.7535 41.0000
v 30.6969 -34.8683 41.0000
v 30.3566 -34.0998 41.0000
v 30.0540 -33.4166 41.0000
v 29.7793 -32.7963 41.0000
v 29.5251 -32.2223 41.0000
v 29.2857 -31.6817 41.0000
v 29.0564 -31.1639 41.0000
v 28.8333 -30.6602 41.0000
v 28.6128 -30.1624 41.0000
v 28.3916 -29.6628 41.0000
v 28.1662 -29.1539 41.0000
v 27.9329 -28.6271 41.0000
v 27.6875 -28.0730 41.0000
v 27.4906 -27.6283 41.0000
v 27.4250 -27.4802 41.0000
v 27.2627 -27.1137 41.0000
v 27.1389 -26.8343 41.0000
v 27.1125 -26.7747 41.0000
v 27.0672 -26.6724 41.0000
v 26.9368 -26.3778 41.0000
v 26.8210 -26.1163 41.0000
v 26.6081 -25.6358 41.0000
v 26.5655 -25.5395 41.0000
v 26.5514 -25.5076 41.0000
v 26.5233 -25.4443 41.0000
v 26.4955 -25.3814 41.0000
v 26.4817 -25.3501 41.0000
v 26.4596 -25.3004 41.0000
v 26.4541 -25.2880 41.0000
v 26.4268 -25.2263 41.0000
v 26.4132 -25.1956 41.0000
v 26.3862 -25.1346 41.0000
v 26.3727 -25.1042 41.0000
v 26.3460 -25.0439 41.0000
v 26.3327 -25.0138 41.0000
v 26.3063 -24.9541 41.0000
v 26.2931 -24.9244 41.0000
v 26.2800 -24.8948 41.0000
v 26.2539 -24.8360 41.0000
v 26.2410 -24.8067 41.0000
v 26.0386 -24.3497 41.0000
v 25.5332 -23.2086 41.0000
v 24.9050 -21.7899 41.0000
v 24.0885 -19.9463 41.0000
v 23.4606 -18.5286 41.0000
v 22.9642 -18.8761 41.0000
v 21.9829 -19.5633 41.0000
v 21.8167 -19.6797 41.0000
v 21.7901 -19.6983 41.0000
v 21.6732 -19.7801 41.0000
v 21.6430 -19.8012 41.0000
v 21.5455 -19.8696 41.0000
v 21.3297 -20.0206 41.0000
v 21.3037 -20.0388 41.0000
v 21.2952 -20.0448 41.0000
v 21.2784 -20.0566 41.0000
v 21.2619 -20.0681 41.0000
v 21.2537 -20.0738 41.0000
v 21.2377 -20.0851 41.0000
v 21.2219 -20.0961 41.0000
v 21.2141 -20.1016 41.0000
v 21.1987 -20.1124 41.0000
v 21.1911 -20.1177 41.0000
v 21.1761 -20.1282 41.0000
v 21.1687 -20.1333 41.0000
v 21.1541 -20.1436 41.0000
v 21.1469 -20.1486 41.0000
v 21.1398 -20.1536 41.0000
v 21.1256 -20.1635 41.0000
v 21.1186 -20.1684 41.0000
v 20.7795 -20.4059 41.0000
v 19.8236 -21.0752 41.0000
v 18.9267 -21.7032 41.0000
v 18.0709 -22.3025 41.0000
v 17.2411 -22.8835 41.0000
v 16.4239 -23.4557 41.0000
v 15.6067 -24.0279 41.0000
v 14.7769 -24.6090 41.0000
v 13.9211 -25.2082 41.0000
v 13.0242 -25.8362 41.0000
v 12.0683 -26.5055 41.0000
v 11.9677 -26.5760 41.0000
v 11.9604 -26.5811 41.0000
v 11.9458 -26.5913 41.0000
v 11.9384 -26.5965 41.0000
v 11.9309 -26.6018 41.0000
v 11.9157 -26.6124 41.0000
v 11.9080 -26.6178 41.0000
v 11.8925 -26.6286 41.0000
v 11.8846 -26.6342 41.0000
v 11.8687 -26.6453 41.0000
v 11.8606 -26.6510 41.0000
v 11.8442 -26.6624 41.0000
v 11.8276 -26.6741 41.0000
v 11.8191 -26.6800 41.0000
v 11.8020 -26.6920 41.0000
v 11.7846 -26.7042 41.0000
v 11.7757 -26.7104 41.0000
v 11.7487 -26.7293 41.0000
v 11.5250 -26.8860 41.0000
v 11.4332 -26.9502 41.0000
v 11.3925 -26.9787 41.0000
v 11.2713 -27.0636 41.0000
v 11.0713 -27.2036 41.0000
v 11.0311 -27.2318 41.0000
v 9.8835 -28.0353 41.0000
v 9.3872 -28.3829 41.0000
v 10.5047 -29.4578 41.0000
v 11.9579 -30.8556 41.0000
v 12.3278 -31.2115 41.0000
v 12.3549 -31.2375 41.0000
v 12.4092 -31.2898 41.0000
v 12.4366 -31.3161 41.0000
v 12.4640 -31.3424 41.0000
v 12.5190 -31.3954 41.0000
v 12.5466 -31.4220 41.0000
v 12.6022 -31.4754 41.0000
v 12.6301 -31.5022 41.0000
v 12.6862 -31.5562 41.0000
v 12.7144 -31.5833 41.0000
v 12.7710 -31.6378 41.0000
v 12.8280 -31.6926 41.0000
v 12.8567 -31.7201 41.0000
v 12.9142 -31.7755 41.0000
v 12.9721 -31.8312 41.0000
v 13.0012 -31.8592 41.0000
v 13.0761 -31.9312 41.0000
v 13.0891 -31.9438 41.0000
v 13.7617 -32.5907 41.0000
v 13.9755 -32.7963 41.0000
v 14.0192 -32.8383 41.0000
v 14.1181 -32.9335 41.0000
v 14.4207 -33.2246 41.0000
v 14.7249 -33.5172 41.0000
v 14.8769 -33.6633 41.0000
v 15.3680 -34.1358 41.0000
v 15.9339 -34.6801 41.0000
v 16.4431 -35.1698 41.0000
v 16.9103 -35.6193 41.0000
v 17.3471 -36.0394 41.0000
v 17.7623 -36.4388 41.0000
v 18.1635 -36.8247 41.0000
v 18.5572 -37.2034 41.0000
v 18.9496 -37.5808 41.0000
v 19.3467 -37.9628 41.0000
v 19.7548 -38.3553 41.0000
v 20.1809 -38.7652 41.0000
v 20.6271 -39.1944 41.0000
v 20.6333 -39.2004 41.0000
v 20.6447 -39.2113 41.0000
v 20.6799 -39.2452 41.0000
v 20.6976 -39.2623 41.0000
v 20.7154 -39.2794 41.0000
v 20.7511 -39.3137 41.0000
v 20.7691 -39.3310 41.0000
v 20.8051 -39.3657 41.0000
v 20.8233 -39.3831 41.0000
v 20.8597 -39.4181 41.0000
v 20.8780 -39.4357 41.0000
v 20.9148 -39.4711 41.0000
v 20.9518 -39.5067 41.0000
v 20.9704 -39.5246 41.0000
v 21.0078 -39.5606 41.0000
v 21.0455 -39.5969 41.0000
v 21.0644 -39.6151 41.0000
v 21.1216 -39.6701 41.0000
v 21.1223 -39.6707 41.0000
v 21.5599 -40.0916 41.0000
v 21.6608 -40.1887 41.0000
v 21.7357 -40.2608 41.0000
v 21.7927 -40.3155 41.0000
v 21.9906 -40.5060 41.0000
v 22.2665 -40.7713 41.0000
v 22.2895 -40.7935 41.0000
v 22.9642 -41.4425 41.0000
v 23.7902 -42.2369 41.0000
v 24.8002 -43.2084 41.0000
v 26.0854 -44.4446 41.0000
v 27.8064 -46.1000 41.0000
v 29.0163 -47.2639 41.0000
v 29.1437 -47.1747 41.0000
v 29.1480 -47.1717 41.0000
v 29.1568 -47.1655 41.0000
v 29.1612 -47.1625 41.0000
v 29.1655 -47.1594 41.0000
v 29.1743 -47.1532 41.0000
v 29.1788 -47.1501 41.0000
v 29.1876 -47.1440 41.0000
v 29.1920 -47.1409 41.0000
v 29.2009 -47.1346 41.0000
v 29.2053 -47.1315 41.0000
v 29.2142 -47.1253 41.0000
v 29.2232 -47.1190 41.0000
v 29.2276 -47.1159 41.0000
v 29.2366 -47.1096 41.0000
v 29.2456 -47.1033 41.0000
v 29.2501 -47.1002 41.0000
v 29.2637 -47.0907 41.0000
v 29.3651 -47.0196 41.0000
v 29.4095 -46.9886 41.0000
v 29.4172 -46.9832 41.0000
v 29.4606 -46.9528 41.0000
v 29.5244 -46.9081 41.0000
v 29.5397 -46.8974 41.0000
v 30.6547 -46.1167 41.0000
v 31.4803 -45.5386 41.0000
v 31.4858 -45.5347 41.0000
v 31.7528 -45.3477 44.7273
v 32.8509 -44.5788 44.7273
v 33.3191 -44.2510 44.7273
v 33.3820 -44.2070 44.7273
v 33.4248 -44.1770 44.7273
v 33.4446 -44.1631 44.7273
v 33.4764 -44.1409 44.7273
v 33.5771 -44.0704 44.7273
v 33.5906 -44.0609 44.7273
v 33.5951 -44.0578 44.7273
v 33.6041 -44.0515 44.7273
v 33.6130 -44.0452 44.7273
v 33.6175 -44.0421 44.7273
v 33.6264 -44.0359 44.7273
v 33.6353 -44.0296 44.7273
v 33.6397 -44.0265 44.7273
v 33.6486 -44.0203 44.7273
v 33.6530 -44.0172 44.7273
v 33.6618 -44.0111 44.7273
v 33.6662 -44.0080 44.7273
v 33.6750 -44.0018 44.7273
v 33.6794 -43.9987 44.7273
v 33.6838 -43.9957 44.7273
v 33.6926 -43.9895 44.7273
v 33.6969 -43.9865 44.7273
v 33.9660 -43.7981 44.7273
v 34.4893 -43.4316 44.7273
v 33.8095 -41.8966 44.7273
v 32.8426 -39.7132 44.7273
v 32.1205 -38.0827 44.7273
v 32.1100 -38.0591 44.7273
v 31.9434 -37.6830 44.7273
v 31.8336 -37.4349 44.7273
v 31.7950 -37.3477 44.7273
v 31.7049 -37.1443 44.7273
v 31.5530 -36.8013 44.7273
v 31.4640 -36.6004 44.7273
v 31.4327 -36.5298 44.7273
v 31.4224 -36.5064 44.7273
v 31.4018 -36.4599 44.7273
v 31.3814 -36.4138 44.7273
v 31.3712 -36.3908 44.7273
v 31.3510 -36.3452 44.7273
v 31.3309 -36.2999 44.7273
v 31.3210 -36.2774 44.7273
v 31.3011 -36.2326 44.7273
v 31.2912 -36.2103 44.7273
v 31.2716 -36.1659 44.7273
v 31.2618 -36.1439 44.7273
v 31.2424 -36.1000 44.7273
v 31.2328 -36.0782 44.7273
v 31.2231 -36.0565 44.7273
v 31.2040 -36.0132 44.7273
v 31.1945 -35.9917 44.7273
v 31.0889 -35.7535 44.7273
v 30.6969 -34.8683 44.7273
v 30.3566 -34.0998 44.7273
v 30.0540 -33.4166 44.7273
v 29.7793 -32.7963 44.7273
v 29.5251 -32.2223 44.7273
v 29.2857 -31.6817 44.7273
v 29.0564 -31.1639 44.7273
v 28.8333 -30.6602 44.7273
v 28.6128 -30.1624 44.7273
v 28.3916 -29.6628 44.7273
v 28.1662 -29.1539 44.7273
v 27.9329 -28.6271 44.7273
v 27.6875 -28.0730 44.7273
v 27.4906 -27.6283 44.7273
v 27.4250 -27.4802 44.7273
v 27.2627 -27.1137 44.7273
v 27.1389 -26.8343 44.7273
v 27.1125 -26.7747 44.7273
v 27.0672 -26.6724 44.7273
v 26.9368 -26.3778 44.7273
v 26.8210 -26.1163 44.7273
v 26.6081 -25.6358 44.7273
v 26.5655 -25.5395 44.7273
v 26.5514 -25.5076 44.7273
v 26.5233 -25.4443 44.7273
v 26.4955 -25.3814 44.7273
v 26.4817 -25.3501 44.7273
v 26.4596 -25.3004 44.7273
v 26.4541 -25.2880 44.7273
v 26.4268 -25.2263 44.7273
v 26.4132 -25.1956 44.7273
v 26.3862 -25.1346 44.7273
v 26.3727 -25.1042 44.7273
v 26.3460 -25.0439 44.7273
v 26.3327 -25.0138 44.7273
v 26.3063 -24.9541 44.7273
v 26.2931 -24.9244 44.7273
v 26.2800 -24.8948 44.7273
v 26.2539 -24.8360 44.7273
v 26.2410 -24.8067 44.7273
v 26.0386 -24.3497 44.7273
v 25.5332 -23.2086 44.7273
v 24.9050 -21.7899 44.7273
v 24.0885 -19.9463 44.7273
v 23.4606 -18.5286 44.7273
v 22.9642 -18.8761 44.7273
v 21.9829 -19.5633 44.7273
v 21.8167 -19.6797 44.7273
v 21.7901 -19.6983 44.7273
v 21.6732 -19.7801 44.7273
v 21.6430 -19.8012 44.7273
v 21.5455 -19.8696 44.7273
v 21.3297 -20.0206 44.7273
v 21.3037 -20.0388 44.7273
v 21.2952 -20.0448 44.7273
v 21.2784 -20.0566 44.7273
v 21.2619 -20.0681 44.7273
v 21.2537 -20.0738 44.7273
v 21.2377 -20.0851 44.7273
v 21.2219 -20.0961 44.7273
v 21.2141 -20.1016 44.7273
v 21.1987 -20.1124 44.7273
v 21.1911 -20.1177 44.7273
v 21.1761 -20.1282 44.7273
v 21.1687 -20.1333 44.7273
v 21.1541 -20.1436 44.7273
v 21.1469 -20.1486 44.7273
v 21.1398 -20.1536 44.7273
v 21.1256 -20.1635 44.7273
v 21.1186 -20.1684 44.7273
v 20.7795 -20.4059 44.7273
v 19.8236 -21.0752 44.7273
v 18.9267 -21.7032 44.7273
v 18.0709 -22.3025 44.7273
v 17.2411 -22.8835 44.7273
v 16.4239 -23.4557 44.7273
v 15.6067 -24.0279 44.7273
v 14.7769 -24.6090 44.7273
v 13.9211 -25.2082 44.7273
v 13.0242 -25.8362 44.7273
v 12.0683 -26.5055 44.7273
v 11.9677 -26.5760 44.7273
v 11.9604 -26.5811 44.7273
v 11.9458 -26.5913 44.7273
v 11.9384 -26.5965 44.7273
v 11.9309 -26.6018 44.7273
v 11.9157 -26.6124 44.7273
v 11.9080 -26.6178 44.7273
v 11.8925 -26.6286 44.7273
v 11.8846 -26.6342 44.7273
v 11.8687 -26.6453 44.7273
v 11.8606 -26.6510 44.7273
v 11.8442 -26.6624 44.7273
v 11.8276 -26.6741 44.7273
v 11.8191 -26.6800 44.7273
v 11.8020 -26.6920 44.7273
v 11.7846 -26.7042 44.7273
v 11.7757 -26.7104 44.7273
v 11.7487 -26.7293 44.7273
v 11.5250 -26.8860 44.7273
v 11.4332 -26.9502 44.7273
v 11.3925 -26.9787 44.7273
v 11.2713 -27.0636 44.7273
v 11.0713 -27.2036 44.7273
v 11.0311 -27.2318 44.7273
v 9.8835 -28.0353 44.7273
v 9.3872 -28.3829 44.7273
v 10.5047 -29.4578 44.7273
v 11.9579 -30.8556 44.7273
v 12.3278 -31.2115 44.7273
v 12.3549 -31.2375 44.7273
v 12.4092 -31.2898 44.7273
v 12.4366 -31.3161 44.7273
v 12.4640 -31.3424 44.7273
v 12.5190 -31.3954 44.7273
v 12.5466 -31.4220 44.7273
v 12.6022 -31.4754 44.7273
v 12.6301 -31.5022 44.7273
v 12.6862 -31.5562 44.7273
v 12.7144 -31.5833 44.7273
v 12.7710 -31.6378 44.7273
v 12.8280 -31.6926 44.7273
v 12.8567 -31.7201 44.7273
v 12.9142 -31.7755 44.7273
v 12.9721 -31.8312 44.7273
v 13.0012 -31.8592 44.7273
v 13.0761 -31.9312 44.7273
v 13.0891 -31.9438 44.7273
v 13.7617 -32.5907 44.7273
v 13.9755 -32.7963 44.7273
v 14.0192 -32.8383 44.7273
v 14.1181 -32.9335 44.7273
v 14.4207 -33.2246 44.7273
v 14.7249 -33.5172 44.7273
v 14.8769 -33.6633 44.7273
v 15.3680 -34.1358 44.7273
v 15.9339 -34.6801 44.7273
v 16.4431 -35.1698 44.7273
v 16.9103 -35.6193 44.7273
v 17.3471 -36.0394 44.7273
v 17.7623 -36.4388 44.7273
v 18.1635 -36.8247 44.7273
v 18.5572 -37.2034 44.7273
v 18.9496 -37.5808 44.7273
v 19.3467 -37.9628 44.7273
v 19.7548 -38.3553 44.7273
v 20.1809 -38.7652 44.7273
v 20.6271 -39.1944 44.7273
v 20.6333 -39.2004 44.7273
v 20.6447 -39.2113 44.7273
v 20.6799 -39.2452 44.7273
v 20.6976 -39.2623 44.7273
v 20.7154 -39.2794 44.7273
v 20.7511 -39.3137 44.7273
v 20.7691 -39.3310 44.7273
v 20.8051 -39.3657 44.7273
v 20.8233 -39.3831 44.7273
v 20.8597 -39.4181 44.7273
v 20.8780 -39.4357 44.7273
v 20.9148 -39.4711 44.7273
v 20.9518 -39.5067 44.7273
v 20.9704 -39.5246 44.7273
v 21.0078 -39.5606 44.7273
v 21.0455 -39.5969 44.7273
v 21.0644 -39.6151 44.7273
v 21.1216 -39.6701 44.7273
v 21.1223 -39.6707 44.7273
v 21.5599 -40.0916 44.7273
v 21.6608 -40.1887 44.7273
v 21.7357 -40.2608 44.7273
v 21.7927 -40.3155 44.7273
v 21.9906 -40.5060 44.7273
v 22.2665 -40.7713 44.7273
v 22.2895 -40.7935 44.7273
v 22.9642 -41.4425 44.7273
v 23.7902 -42.2369 44.7273
v 24.8002 -43.2084 44.7273
v 26.0854 -44.4446 44.7273
v 27.8064 -46.1000 44.7273
v 29.0163 -47.2639 44.7273
v 29.1437 -47.1747 44.7273
v 29.1480 -47.1717 44.7273
v 29.1568 -47.1655 44.7273
v 29.1612 -47.1625 44.7273
v 29.1655 -47.1594 44.7273
v 29.1743 -47.1532 44.7273
v 29.1788 -47.1501 44.7273
v 29.1876 -47.1440 44.7273
v 29.1920 -47.1409 44.7273
v 29.2009 -47.1346 44.7273
v 29.2053 -47.1315 44.7273
v 29.2142 -47.1253 44.7273
v 29.2232 -47.1190 44.7273
v 29.2276 -47.1159 44.7273
v 29.2366 -47.1096 44.7273
v 29.2456 -47.1033 44.7273
v 29.2501 -47.1002 44.7273
v 29.2637 -47.0907 44.7273
v 29.3651 -47.0196 44.7273
v 29.4095 -46.9886 44.7273
v 29.4172 -46.9832 44.7273
v 29.4606 -46.9528 44.7273
v 29.5244 -46.9081 44.7273
v 29.5397 -46.8974 44.7273
v 30.6547 -46.1167 44.7273
v 31.4803 -45.5386 44.7273
v 31.4858 -45.5347 44.7273
v 31.7528 -45.3477 48.4545
v 32.8509 -44.5788 48.4545
v 33.3191 -44.2510 48.4545
v 33.3820 -44.2070 48.4545
v 33.4248 -44.1770 48.4545
v 33.4446 -44.1631 48.4545
v 33.4764 -44.1409 48.4545
v 33.5771 -44.0704 48.4545
v 33.5906 -44.0609 48.4545
v 33.5951 -44.0578 48.4545
v 33.6041 -44.0515 48.4545
v 33.6130 -44.0452 48.4545
v 33.6175 -44.0421 48.4545
v 33.6264 -44.0359 48.4545
v 33.6353 -44.0296 48.4545
v 33.6397 -44.0265 48.4545
v 33.6486 -44.0203 48.4545
v 33.6530 -44.0172 48.4545
v 33.6618 -44.0111 48.4545
v 33.6662 -44.0080 48.4545
v 33.6750 -44.0018 48.4545
v 33.6794 -43.9987 48.4545
v 33.6838 -43.9957 48.4545
v 33.6926 -43.9895 48.4545
v 33.6969 -43.9865 48.4545
v 33.9660 -43.7981 48.4545
v 34.4893 -43.4316 48.4545
v 33.8095 -41.8966 48.4545
v 32.8426 -39.7132 48.4545
v 32.1205 -38.0827 48.4545
v 32.1100 -38.0591 48.4545
v 31.9434 -37.6830 48.4545
v 31.8336 -37.4349 48.4545
v 31.7950 -37.3477 48.4545
v 31.7049 -37.1443 48.4545
v 31.5530 -36.8013 48.4545
v 31.4640 -36.6004 48.4545
v 31.4327 -36.5298 48.4545
v 31.4224 -36.5064 48.4545
v 31.4018 -36.4599 48.4545
v 31.3814 -36.4138 48.4545
v 31.3712 -36.3908 48.4545
v 31.3510 -36.3452 48.4545
v 31.3309 -36.2999 48.4545
v 31.3210 -36.2774 48.4545
v 31.3011 -36.2326 48.4545
v 31.2912 -36.2103 48.4545
v 31.2716 -36.1659 48.4545
v 31.2618 -36.1439 48.4545
v 31.2424 -36.1000 48.4545
v 31.2328 -36.0782 48.4545
v 31.2231 -36.0565 48.4545
v 31.2040 -36.0132 48.4545
v 31.1945 -35.9917 48.4545
v 31.0889 -35.7535 48.4545
v 30.6969 -34.8683 48.4545
v 30.3566 -34.0998 48.4545
v 30.0540 -33.4166 48.4545
v 29.7793 -32.7963 48.4545
v 29.5251 -32.2223 48.4545
v 29.2857 -31.6817 48.4545
v 29.0564 -31.1639 48.4545
v 28.8333 -30.6602 48.4545
v 28.6128 -30.1624 48.4545
v 28.3916 -29.6628 48.4545
v 28.1662 -29.1539 48.4545
v 27.9329 -28.6271 48.4545
v 27.6875 -28.0730 48.4545
v 27.4906 -27.6283 48.4545
v 27.4250 -27.4802 48.4545
v 27.2627 -27.1137 48.4545
v 27.1389 -26.8343 48.4545
v 27.1125 -26.7747 48.4545
v 27.0672 -26.6724 48.4545
v 26.9368 -26.3778 48.4545
v 26.8210 -26.1163 48.4545
v 26.6081 -25.6358 48.4545
v 26.5655 -25.5395 48.4545
v 26.5514 -25.5076 48.4545
v 26.5233 -25.4443 48.4545
v 26.4955 -25.3814 48.4545
v 26.4817 -25.3501 48.4545
v 26.4596 -25.3004 48.4545
v 26.4541 -25.2880 48.4545
v 26.4268 -25.2263 48.4545
v 26.4132 -25.1956 48.4545
v 26.3862 -25.1346 48.4545
v 26.3727 -25.1042 48.4545
v 26.3460 -25.0439 48.4545
v 26.3327 -25.0138 48.4545
v 26.3063 -24.9541 48.4545
v 26.2931 -24.9244 48.4545
v 26.2800 -24.8948 48.4545
v 26.2539 -24.8360 48.4545
v 26.2410 -24.8067 48.4545
v 26.0386 -24.3497 48.4545
v 25.5332 -23.2086 48.4545
v 24.9050 -21.7899 48.4545
v 24.0885 -19.9463 48.4545
v 23.4606 -18.5286 48.4545
v 22.9642 -18.8761 48.4545
v 21.9829 -19.5633 48.4545
v 21.8167 -19.6797 48.4545
v 21.7901 -19.6983 48.4545
v 21.6732 -19.7801 48.4545
v 21.6430 -19.8012 48.4545
v 21.5455 -19.8696 48.4545
v 21.3297 -20.0206 48.4545
v 21.3037 -20.0388 48.4545
v 21.2952 -20.0448 48.4545
v 21.2784 -20.0566 48.4545
v 21.2619 -20.0681 48.4545
v 21.2537 -20.0738 48.4545
v 21.2377 -20.0851 48.4545
v 21.2219 -20.0961 48.4545
v 21.2141 -20.1016 48.4545
v 21.1987 -20.1124 48.4545
v 21.1911 -20.1177 48.4545
v 21.1761 -20.1282 48.4545
v 21.1687 -20.1333 48.4545
v 21.1541 -20.1436 48.4545
v 21.1469 -20.1486 48.4545
v 21.1398 -20.1536 48.4545
v 21.1256 -20.1635 48.4545
v 21.1186 -20.1684 48.4545
v 20.7795 -20.4059 48.4545
v 19.8236 -21.0752 48.4545
v 18.9267 -21.7032 48.4545
v 18.0709 -22.3025 48.4545
v 17.2411 -22.8835 48.4545
v 16.4239 -23.4557 48.4545
v 15.6067 -24.0279 48.4545
v 14.7769 -24.6090 48.4545
v 13.9211 -25.2082 48.4545
v 13.0242 -25.8362 48.4545
v 12.0683 -26.5055 48.4545
v 11.9677 -26.5760 48.4545
v 11.9604 -26.5811 48.4545
v 11.9458 -26.5913 48.4545
v 11.9384 -26.5965 48.4545
v 11.9309 -26.6018 48.4545
v 11.9157 -26.6124 48.4545
v 11.9080 -26.6178 48.4545
v 11.8925 -26.6286 48.4545
v 11.8846 -26.6342 48.4545
v 11.8687 -26.6453 48.4545
v 11.8606 -26.6510 48.4545
v 11.8442 -26.6624 48.4545
v 11.8276 -26.6741 48.4545
v 11.8191 -26.6800 48.4545
v 11.8020 -26.6920 48.4545
v 11.7846 -26.7042 48.4545
v 11.7757 -26.7104 48.4545
v 11.7487 -26.7293 48.4545
v 11.5250 -26.8860 48.4545
v 11.4332 -26.9502 48.4545
v 11.3925 -26.9787 48.4545
v 11.2713 -27.0636 48.4545
v 11.0713 -27.2036 48.4545
v 11.0311 -27.2318 48.4545
v 9.8835 -28.0353 48.4545
v 9.3872 -28.3829 48.4545
v 10.5047 -29.4578 48.4545
v 11.9579 -30.8556 48.4545
v 12.3278 -31.2115 48.4545
v 12.3549 -31.2375 48.4545
v 12.4092 -31.2898 48.4545
v 12.4366 -31.3161 48.4545
v 12.4640 -31.3424 48.4545
v 12.5190 -31.3954 48.4545
v 12.5466 -31.4220 48.4545
v 12.6022 -31.4754 48.4545
v 12.6301 -31.5022 48.4545
v 12.6862 -31.5562 48.4545
v 12.7144 -31.5833 48.4545
v 12.7710 -31.6378 48.4545
v 12.8280 -31.6926 48.4545
v 12.8567 -31.7201 48.4545
v 12.9142 -31.7755 48.4545
v 12.9721 -31.8312 48.4545
v 13.0012 -31.8592 48.4545
v 13.0761 -31.9312 48.4545
v 13.0891 -31.9438 48.4545
v 13.7617 -32.5907 48.4545
v 13.9755 -32.7963 48.4545
v 14.0192 -32.8383 48.4545
v 14.1181 -32.9335 48.4545
v 14.4207 -33.2246 48.4545
v 14.7249 -33.5172 48.4545
v 14.8769 -33.6633 48.4545
v 15.3680 -34.1358 48.4545
v 15.9339 -34.6801 48.4545
v 16.4431 -35.1698 48.4545
v 16.9103 -35.6193 48.4545
v 17.3471 -36.0394 48.4545
v 17.7623 -36.4388 48.4545
v 18.1635 -36.8247 48.4545
v 18.5572 -37.2034 48.4545
v 18.9496 -37.5808 48.4545
v 19.3467 -37.9628 48.4545
v 19.7548 -38.3553 48.4545
v 20.1809 -38.7652 48.4545
v 20.6271 -39.1944 48.4545
v 20.6333 -39.2004 48.4545
v 20.6447 -39.2113 48.4545
v 20.6799 -39.2452 48.4545
v 20.6976 -39.2623 48.4545
v 20.7154 -39.2794 48.4545
v 20.7511 -39.3137 48.4545
v 20.7691 -39.3310 48.4545
v 20.8051 -39.3657 48.4545
v 20.8233 -39.3831 48.4545
v 20.8597 -39.4181 48.4545
v 20.8780 -39.4357 48.4545
v 20.9148 -39.4711 48.4545
v 20.9518 -39.5067 48.4545
v 20.9704 -39.5246 48.4545
v 21.0078 -39.5606 48.4545
v 21.0455 -39.5969 48.4545
v 21.0644 -39.6151 48.4545
v 21.1216 -39.6701 48.4545
v 21.1223 -39.6707 48.4545
v 21.5599 -40.0916 48.4545
v 21.6608 -40.1887 48.4545
v 21.7357 -40.2608 48.4545
v 21.7927 -40.3155 48.4545
v 21.9906 -40.5060 48.4545
v 22.2665 -40.7713 48.4545
v 22.2895 -40.7935 48.4545
v 22.9642 -41.4425 48.4545
v 23.7902 -42.2369 48.4545
v 24.8002 -43.2084 48.4545
v 26.0854 -44.4446 48.4545
v 27.8064 -46.1000 48.4545
v 29.0163 -47.2639 48.4545
v 29.1437 -47.1747 48.4545
v 29.1480 -47.1717 48.4545
v 29.1568 -47.1655 48.4545
v 29.1612 -47.1625 48.4545
v 29.1655 -47.1594 48.4545
v 29.1743 -47.1532 48.4545
v 29.1788 -47.1501 48.4545
v 29.1876 -47.1440 48.4545
v 29.1920 -47.1409 48.4545
v 29.2009 -47.1346 48.4545
v 29.2053 -47.1315 48.4545
v 29.2142 -47.1253 48.4545
v 29.2232 -47.1190 48.4545
v 29.2276 -47.1159 48.4545
v 29.2366 -47.1096 48.4545
v 29.2456 -47.1033 48.4545
v 29.2501 -47.1002 48.4545
v 29.2637 -47.0907 48.4545
v 29.3651 -47.0196 48.4545
v 29.4095 -46.9886 48.4545
v 29.4172 -46.9832 48.4545
v 29.4606 -46.9528 48.4545
v 29.5244 -46.9081 48.4545
v 29.5397 -46.8974 48.4545
v 30.6547 -46.1167 48.4545
v 31.4803 -45.5386 48.4545
v 31.4858 -45.5347 48.4545
v 31.7528 -45.3477 52.1818
v 32.8509 -44.5788 52.1818
v 33.3191 -44.2510 52.1818
v 33.3820 -44.2070 52.1818
v 33.4248 -44.1770 52.1818
v 33.4446 -44.1631 52.1818
v 33.4764 -44.1409 52.1818
v 33.5771 -44.0704 52.1818
v 33.5906 -44.0609 52.1818
v 33.5951 -44.0578 52.1818
v 33.6041 -44.0515 52.1818
v 33.6130 -44.0452 52.1818
v 33.6175 -44.0421 52.1818
v 33.6264 -44.0359 52.1818
v 33.6353 -44.0296 52.1818
v 33.6397 -44.0265 52.1818
v 33.6486 -44.0203 52.1818
v 33.6530 -44.0172 52.1818
v 33.6618 -44.0111 52.1818
v 33.6662 -44.0080 52.1818
v 33.6750 -44.0018 52.1818
v 33.6794 -43.9987 52.1818
v 33.6838 -43.9957 52.1818
v 33.6926 -43.9895 52.1818
v 33.6969 -43.9865 52.1818
v 33.9660 -43.7981 52.1818
v 34.4893 -43.4316 52.1818
v 33.8095 -41.8966 52.1818
v 32.8426 -39.7132 52.1818
v 32.1205 -38.0827 52.1818
v 32.1100 -38.0591 52.1818
v 31.9434 -37.6830 52.1818
v 31.8336 -37.4349 52.1818
v 31.7950 -37.3477 52.1818
v 31.7049 -37.1443 52.1818
v 31.5530 -36.8013 52.1818
v 31.4640 -36.6004 52.1818
v 31.4327 -36.5298 52.1818
v 31.4224 -36.5064 52.1818
v 31.4018 -36.4599 52.1818
v 31.3814 -36.4138 52.1818
v 31.3712 -36.3908 52.1818
v 31.3510 -36.3452 52.1818
v 31.3309 -36.2999 52.1818
v 31.3210 -36.2774 52.1818
v 31.3011 -36.2326 52.1818
v 31.2912 -36.2103 52.1818
v 31.2716 -36.1659 52.1818
v 31.2618 -36.1439 52.1818
v 31.2424 -36.1000 52.1818
v 31.2328 -36.0782 52.1818
v 31.2231 -36.0565 52.1818
v 31.2040 -36.0132 52.1818
v 31.1945 -35.9917 52.1818
v 31.0889 -35.7535 52.1818
v 30.6969 -34.8683 52.1818
v 30.3566 -34.0998 52.1818
v 30.0540 -33.4166 52.1818
v 29.7793 -32.7963 52.1818
v 29.5251 -32.2223 52.1818
v 29.2857 -31.6817 52.1818
v 29.0564 -31.1639 52.1818
v 28.8333 -30.6602 52.1818
v 28.6128 -30.1624 52.1818
v 28.3916 -29.6628 52.1818
v 28.1662 -29.1539 52.1818
v 27.9329 -28.6271 52.1818
v 27.6875 -28.0730 52.1818
v 27.4906 -27.6283 52.1818
v 27.4250 -27.4802 52.1818
v 27.2627 -27.1137 52.1818
v 27.1389 -26.8343 52.1818
v 27.1125 -26.7747 52.1818
v 27.0672 -26.6724 52.1818
v 26.9368 -26.3778 52.1818
v 26.8210 -26.1163 52.1818
v 26.6081 -25.6358 52.1818
v 26.5655 -25.5395 52.1818
v 26.5514 -25.5076 52.1818
v 26.5233 -25.4443 52.1818
v 26.4955 -25.3814 52.1818
v 26.4817 -25.3501 52.1818
v 26.4596 -25.3004 52.1818
v 26.4541 -25.2880 52.1818
v 26.4268 -25.2263 52.1818
v 26.4132 -25.1956 52.1818
v 26.3862 -25.1346 52.1818
v 26.3727 -25.1042 52.1818
v 26.3460 -25.0439 52.1818
v 26.3327 -25.0138 52.1818
v 26.3063 -24.9541 52.1818
v 26.2931 -24.9244 52.1818
v 26.2800 -24.8948 52.1818
v 26.2539 -24.8360 52.1818
v 26.2410 -24.8067 52.1818
v 26.0386 -24.3497 52.1818
v 25.5332 -23.2086 52.1818
v 24.9050 -21.7899 52.1818
v 24.0885 -19.9463 52.1818
v 23.4606 -18.5286 52.1818
v 22.9642 -18.8761 52.1818
v 21.9829 -19.5633 52.1818
v 21.8167 -19.6797 52.1818
v 21.7901 -19.6983 52.1818
v 21.6732 -19.7801 52.1818
v 21.6430 -19.8012 52.1818
v 21.5455 -19.8696 52.1818
v 21.3297 -20.0206 52.1818
v 21.3037 -20.0388 52.1818
v 21.2952 -20.0448 52.1818
v 21.2784 -20.0566 52.1818
v 21.2619 -20.0681 52.1818
v 21.2537 -20.0738 52.1818
v 21.2377 -20.0851 52.1818
v 21.2219 -20.0961 52.1818
v 21.2141 -20.1016 52.1818
v 21.1987 -20.1124 52.1818
v 21.1911 -20.1177 52.1818
v 21.1761 -20.1282 52.1818
v 21.1687 -20.1333 52.1818
v 21.1541 -20.1436 52.1818
v 21.1469 -20.1486 52.1818
v 21.1398 -20.1536 52.1818
v 21.1256 -20.1635 52.1818
v 21.1186 -20.1684 52.1818
v 20.7795 -20.4059 52.1818
v 19.8236 -21.0752 52.1818
v 18.9267 -21.7032 52.1818
v 18.0709 -22.3025 52.1818
v 17.2411 -22.8835 52.1818
v 16.4239 -23.4557 52.1818
v 15.6067 -24.0279 52.1818
v 14.7769 -24.6090 52.1818
v 13.9211 -25.2082 52.1818
v 13.0242 -25.8362 52.1818
v 12.0683 -26.5055 52.1818
v 11.9677 -26.5760 52.1818
v 11.9604 -26.5811 52.1818
v 11.9458 -26.5913 52.1818
v 11.9384 -26.5965 52.1818
v 11.9309 -26.6018 52.1818
v 11.9157 -26.6124 52.1818
v 11.9080 -26.6178 52.1818
v 11.8925 -26.6286 52.1818
v 11.8846 -26.6342 52.1818
v 11.8687 -26.6453 52.1818
v 11.8606 -26.6510 52.1818
v 11.8442 -26.6624 52.1818
v 11.8276 -26.6741 52.1818
v 11.8191 -26.6800 52.1818
v 11.8020 -26.6920 52.1818
v 11.7846 -26.7042 52.1818
v 11.7757 -26.7104 52.1818
v 11.7487 -26.7293 52.1818
v 11.5250 -26.8860 52.1818
v 11.4332 -26.9502 52.1818
v 11.3925 -26.9787 52.1818
v 11.2713 -27.0636 52.1818
v 11.0713 -27.2036 52.1818
v 11.0311 -27.2318 52.1818
v 9.8835 -28.0353 52.1818
v 9.3872 -28.3829 52.1818
v 10.5047 -29.4578 52.1818
v 11.9579 -30.8556 52.1818
v 12.3278 -31.2115 52.1818
v 12.3549 -31.2375 52.1818
v 12.4092 -31.2898 52.1818
v 12.4366 -31.3161 52.1818
v 12.4640 -31.3424 52.1818
v 12.5190 -31.3954 52.1818
v 12.5466 -31.4220 52.1818
v 12.6022 -31.4754 52.1818
v 12.6301 -31.5022 52.1818
v 12.6862 -31.5562 52.1818
v 12.7144 -31.5833 52.1818
v 12.7710 -31.6378 52.1818
v 12.8280 -31.6926 52.1818
v 12.8567 -31.7201 52.1818
v 12.9142 -31.7755 52.1818
v 12.9721 -31.8312 52.1818
v 13.0012 -31.8592 52.1818
v 13.0761 -31.9312 52.1818
v 13.0891 -31.9438 52.1818
v 13.7617 -32.5907 52.1818
v 13.9755 -32.7963 52.1818
v 14.0192 -32.8383 52.1818
v 14.1181 -32.9335 52.1818
v 14.4207 -33.2246 52.1818
v 14.7249 -33.5172 52.1818
v 14.8769 -33.6633 52.1818
v 15.3680 -34.1358 52.1818
v 15.9339 -34.6801 52.1818
v 16.4431 -35.1698 52.1818
v 16.9103 -35.6193 52.1818
v 17.3471 -36.0394 52.1818
v 17.7623 -36.4388 52.1818
v 18.1635 -36.8247 52.1818
v 18.5572 -37.2034 52.1818
v 18.9496 -37.5808 52.1818
v 19.3467 -37.9628 52.1818
v 19.7548 -38.3553 52.1818
v 20.1809 -38.7652 52.1818
v 20.6271 -39.1944 52.1818
v 20.6333 -39.2004 52.1818
v 20.6447 -39.2113 52.1818
v 20.6799 -39.2452 52.1818
v 20.6976 -39.2623 52.1818
v 20.7154 -39.2794 52.1818
v 20.7511 -39.3137 52.1818
v 20.7691 -39.3310 52.1818
v 20.8051 -39.3657 52.1818
v 20.8233 -39.3831 52.1818
v 20.8597 -39.4181 52.1818
v 20.8780 -39.4357 52.1818
v 20.9148 -39.4711 52.1818
v 20.9518 -39.5067 52.1818
v 20.9704 -39.5246 52.1818
v 21.0078 -39.5606 52.1818
v 21.0455 -39.5969 52.1818
v 21.0644 -39.6151 52.1818
v 21.1216 -39.6701 52.1818
v 21.1223 -39.6707 52.1818
v 21.5599 -40.0916 52.1818
v 21.6608 -40.1887 52.1818
v 21.7357 -40.2608 52.1818
v 21.7927 -40.3155 52.1818
v 21.9906 -40.5060 52.1818
v 22.2665 -40.7713 52.1818
v 22.2895 -40.7935 52.1818
v 22.9642 -41.4425 52.1818
v 23.7902 -42.2369 52.1818
v 24.8002 -43.2084 52.1818
v 26.0854 -44.4446 52.1818
v 27.8064 -46.1000 52.1818
v 29.0163 -47.2639 52.1818
v 29.1437 -47.1747 52.1818
v 29.1480 -47.1717 52.1818
v 29.1568 -47.1655 52.1818
v 29.1612 -47.1625 52.1818
v 29.1655 -47.1594 52.1818
v 29.1743 -47.1532 52.1818
v 29.1788 -47.1501 52.1818
v 29.1876 -47.1440 52.1818
v 29.1920 -47.1409 52.1818
v 29.2009 -47.1346 52.1818
v 29.2053 -47.1315 52.1818
v 29.2142 -47.1253 52.1818
v 29.2232 -47.1190 52.1818
v 29.2276 -47.1159 52.1818
v 29.2366 -47.1096 52.1818
v 29.2456 -47.1033 52.1818
v 29.2501 -47.1002 52.1818
v 29.2637 -47.0907 52.1818
v 29.3651 -47.0196 52.1818
v 29.4095 -46.9886 52.1818
v 29.4172 -46.9832 52.1818
v 29.4606 -46.9528 52.1818
v 29.5244 -46.9081 52.1818
v 29.5397 -46.8974 52.1818
v 30.6547 -46.1167 52.1818
v 31.4803 -45.5386 52.1818
v 31.4858 -45.5347 52.1818
v 31.7528 -45.3477 55.9091
v 32.8509 -44.5788 55.9091
v 33.3191 -44.2510 55.9091
v 33.3820 -44.2070 55.9091
v 33.4248 -44.1770 55.9091
v 33.4446 -44.1631 55.9091
v 33.4764 -44.1409 55.9091
v 33.5771 -44.0704 55.9091
v 33.5906 -44.0609 55.9091
v 33.5951 -44.0578 55.9091
v 33.6041 -44.0515 55.9091
v 33.6130 -44.0452 55.9091
v 33.6175 -44.0421 55.9091
v 33.6264 -44.0359 55.9091
v 33.6353 -44.0296 55.9091
v 33.6397 -44.0265 55.9091
v 33.6486 -44.0203 55.9091
v 33.6530 -44.0172 55.9091
v 33.6618 -44.0111 55.9091
v 33.6662 -44.0080 55.9091
v 33.6750 -44.0018 55.9091
v 33.6794 -43.9987 55.9091
v 33.6838 -43.9957 55.9091
v 33.6926 -43.9895 55.9091
v 33.6969 -43.9865 55.9091
v 33.9660 -43.7981 55.9091
v 34.4893 -43.4316 55.9091
v 33.8095 -41.8966 55.9091
v 32.8426 -39.7132 55.9091
v 32.1205 -38.0827 55.9091
v 32.1100 -38.0591 55.9091
v 31.9434 -37.6830 55.9091
v 31.8336 -37.4349 55.9091
v 31.7950 -37.3477 55.9091
v 31.7049 -37.1443 55.9091
v 31.5530 -36.8013 55.9091
v 31.4640 -36.6004 55.9091
v 31.4327 -36.5298 55.9091
v 31.4224 -36.5064 55.9091
v 31.4018 -36.4599 55.9091
v 31.3814 -36.4138 55.9091
v 31.3712 -36.3908 55.9091
v 31.3510 -36.3452 55.9091
v 31.3309 -36.2999 55.9091
v 31.3210 -36.2774 55.9091
v 31.3011 -36.2326 55.9091
v 31.2912 -36.2103 55.9091
v 31.2716 -36.1659 55.9091
v 31.2618 -36.1439 55.9091
v 31.2424 -36.1000 55.9091
v 31.2328 -36.0782 55.9091
v 31.2231 -36.0565 55.9091
v 31.2040 -36.0132 55.9091
v 31.1945 -35.9917 55.9091
v 31.0889 -35.7535 55.9091
v 30.6969 -34.8683 55.9091
v 30.3566 -34.0998 55.9091
v 30.0540 -33.4166 55.9091
v 29.7793 -32.7963 55.9091
v 29.5251 -32.2223 55.9091
v 29.2857 -31.6817 55.9091
v 29.0564 -31.1639 55.9091
v 28.8333 -30.6602 55.9091
v 28.6128 -30.1624 55.9091
v 28.3916 -29.6628 55.9091
v 28.1662 -29.1539 55.9091
v 27.9329 -28.6271 55.9091
v 27.6875 -28.0730 55.9091
v 27.4906 -27.6283 55.9091
v 27.4250 -27.4802 55.9091
v 27.2627 -27.1137 55.9091
v 27.1389 -26.8343 55.9091
v 27.1125 -26.7747 55.9091
v 27.0672 -26.6724 55.9091
v 26.9368 -26.3778 55.9091
v 26.8210 -26.1163 55.9091
v 26.6081 -25.6358 55.9091
v 26.5655 -25.5395 55.9091
v 26.5514 -25.5076 55.9091
v 26.5233 -25.4443 55.9091
v 26.4955 -25.3814 55.9091
v 26.4817 -25.3501 55.9091
v 26.4596 -25.3004 55.9091
v 26.4541 -25.2880 55.9091
v 26.4268 -25.2263 55.9091
v 26.4132 -25.1956 55.9091
v 26.3862 -25.1346 55.9091
v 26.3727 -25.1042 55.9091
v 26.3460 -25.0439 55.9091
v 26.3327 -25.0138 55.9091
v 26.3063 -24.9541 55.9091
v 26.2931 -24.9244 55.9091
v 26.2800 -24.8948 55.9091
v 26.2539 -24.8360 55.9091
v 26.2410 -24.8067 55.9091
v 26.0386 -24.3497 55.9091
v 25.5332 -23.2086 55.9091
v 24.9050 -21.7899 55.9091
v 24.0885 -19.9463 55.9091
v 23.4606 -18.5286 55.9091
v 22.9642 -18.8761 55.9091
v 21.9829 -19.5633 55.9091
v 21.8167 -19.6797 55.9091
v 21.7901 -19.6983 55.9091
v 21.6732 -19.7801 55.9091
v 21.6430 -19.8012 55.9091
v 21.5455 -19.8696 55.9091
v 21.3297 -20.0206 55.9091
v 21.3037 -20.0388 55.9091
v 21.2952 -20.0448 55.9091
v 21.2784 -20.0566 55.9091
v 21.2619 -20.0681 55.9091
v 21.2537 -20.0738 55.9091
v 21.2377 -20.0851 55.9091
v 21.2219 -20.0961 55.9091
v 21.2141 -20.1016 55.9091
v 21.1987 -20.1124 55.9091
v 21.1911 -20.1177 55.9091
v 21.1761 -20.1282 55.9091
v 21.1687 -20.1333 55.9091
v 21.1541 -20.1436 55.9091
v 21.1469 -20.1486 55.9091
v 21.1398 -20.1536 55.9091
v 21.1256 -20.1635 55.9091
v 21.1186 -20.1684 55.9091
v 20.7795 -20.4059 55.9091
v 19.8236 -21.0752 55.9091
v 18.9267 -21.7032 55.9091
v 18.0709 -22.3025 55.9091
v 17.2411 -22.8835 55.9091
v 16.4239 -23.4557 55.9091
v 15.6067 -24.0279 55.9091
v 14.7769 -24.6090 55.9091
v 13.9211 -25.2082 55.9091
v 13.0242 -25.8362 55.9091
v 12.0683 -26.5055 55.9091
v 11.9677 -26.5760 55.9091
v 11.9604 -26.5811 55.9091
v 11.9458 -26.5913 55.9091
v 11.9384 -26.5965 55.9091
v 11.9309 -26.6018 55.9091
v 11.9157 -26.6124 55.9091
v 11.9080 -26.6178 55.9091
v 11.8925 -26.6286 55.9091
v 11.8846 -26.6342 55.9091
v 11.8687 -26.6453 55.9091
v 11.8606 -26.6510 55.9091
v 11.8442 -26.6624 55.9091
v 11.8276 -26.6741 55.9091
v 11.8191 -26.6800 55.9091
v 11.8020 -26.6920 55.9091
v 11.7846 -26.7042 55.9091
v 11.7757 -26.7104 55.9091
v 11.7487 -26.7293 55.9091
v 11.5250 -26.8860 55.9091
v 11.4332 -26.9502 55.9091
v 11.3925 -26.9787 55.9091
v 11.2713 -27.0636 55.9091
v 11.0713 -27.2036 55.9091
v 11.0311 -27.2318 55.9091
v 9.8835 -28.0353 55.9091
v 9.3872 -28.3829 55.9091
v 10.5047 -29.4578 55.9091
v 11.9579 -30.8556 55.9091
v 12.3278 -31.2115 55.9091
v 12.3549 -31.2375 55.9091
v 12.4092 -31.2898 55.9091
v 12.4366 -31.3161 55.9091
v 12.4640 -31.3424 55.9091
v 12.5190 -31.3954 55.9091
v 12.5466 -31.4220 55.9091
v 12.6022 -31.4754 55.9091
v 12.6301 -31.5022 55.9091
v 12.6862 -31.5562 55.9091
v 12.7144 -31.5833 55.9091
v 12.7710 -31.6378 55.9091
v 12.8280 -31.6926 55.9091
v 12.8567 -31.7201 55.9091
v 12.9142 -31.7755 55.9091
v 12.9721 -31.8312 55.9091
v 13.0012 -31.8592 55.9091
v 13.0761 -31.9312 55.9091
v 13.0891 -31.9438 55.9091
v 13.7617 -32.5907 55.9091
v 13.9755 -32.7963 55.9091
v 14.0192 -32.8383 55.9091
v 14.1181 -32.9335 55.9091
v 14.4207 -33.2246 55.9091
v 14.7249 -33.5172 55.9091
v 14.8769 -33.6633 55.9091
v 15.3680 -34.1358 55.9091
v 15.9339 -34.6801 55.9091
v 16.4431 -35.1698 55.9091
v 16.9103 -35.6193 55.9091
v 17.3471 -36.0394 55.9091
v 17.7623 -36.4388 55.9091
v 18.1635 -36.8247 55.9091
v 18.5572 -37.2034 55.9091
v 18.9496 -37.5808 55.9091
v 19.3467 -37.9628 55.9091
v 19.7548 -38.3553 55.9091
v 20.1809 -38.7652 55.9091
v 20.6271 -39.1944 55.9091
v 20.6333 -39.2004 55.9091
v 20.6447 -39.2113 55.9091
v 20.6799 -39.2452 55.9091
v 20.6976 -39.2623 55.9091
v 20.7154 -39.2794 55.9091
v 20.7511 -39.3137 55.9091
v 20.7691 -39.3310 55.9091
v 20.8051 -39.3657 55.9091
v 20.8233 -39.3831 55.9091
v 20.8597 -39.4181 55.9091
v 20.8780 -39.4357 55.9091
v 20.9148 -39.4711 55.9091
v 20.9518 -39.5067 55.9091
v 20.9704 -39.5246 55.9091
v 21.0078 -39.5606 55.9091
v 21.0455 -39.5969 55.9091
v 21.0644 -39.6151 55.9091
v 21.1216 -39.6701 55.9091
v 21.1223 -39.6707 55.9091
v 21.5599 -40.0916 55.9091
v 21.6608 -40.1887 55.9091
v 21.7357 -40.2608 55.9091
v 21.7927 -40.3155 55.9091
v 21.9906 -40.5060 55.9091
v 22.2665 -40.7713 55.9091
v 22.2895 -40.7935 55.9091
v 22.9642 -41.4425 55.9091
v 23.7902 -42.2369 55.9091
v 24.8002 -43.2084 55.9091
v 26.0854 -44.4446 55.9091
v 27.8064 -46.1000 55.9091
v 29.0163 -47.2639 55.9091
v 29.1437 -47.1747 55.9091
v 29.1480 -47.1717 55.9091
v 29.1568 -47.1655 55.9091
v 29.1612 -47.1625 55.9091
v 29.1655 -47.1594 55.9091
v 29.1743 -47.1532 55.9091
v 29.1788 -47.1501 55.9091
v 29.1876 -47.1440 55.9091
v 29.1920 -47.1409 55.9091
v 29.2009 -47.1346 55.9091
v 29.2053 -47.1315 55.9091
v 29.2142 -47.1253 55.9091
v 29.2232 -47.1190 55.9091
v 29.2276 -47.1159 55.9091
v 29.2366 -47.1096 55.9091
v 29.2456 -47.1033 55.9091
v 29.2501 -47.1002 55.9091
v 29.2637 -47.0907 55.9091
v 29.3651 -47.0196 55.9091
v 29.4095 -46.9886 55.9091
v 29.4172 -46.9832 55.9091
v 29.4606 -46.9528 55.9091
v 29.5244 -46.9081 55.9091
v 29.5397 -46.8974 55.9091
v 30.6547 -46.1167 55.9091
v 31.4803 -45.5386 55.9091
v 31.4858 -45.5347 55.9091
v 31.7528 -45.3477 59.6364
v 32.8509 -44.5788 59.6364
v 33.3191 -44.2510 59.6364
v 33.3820 -44.2070 59.6364
v 33.4248 -44.1770 59.6364
v 33.4446 -44.1631 59.6364
v 33.4764 -44.1409 59.6364
v 33.5771 -44.0704 59.6364
v 33.5906 -44.0609 59.6364
v 33.5951 -44.0578 59.6364
v 33.6041 -44.0515 59.6364
v 33.6130 -44.0452 59.6364
v 33.6175 -44.0421 59.6364
v 33.6264 -44.0359 59.6364
v 33.6353 -44.0296 59.6364
v 33.6397 -44.0265 59.6364
v 33.6486 -44.0203 59.6364
v 33.6530 -44.0172 59.6364
v 33.6618 -44.0111 59.6364
v 33.6662 -44.0080 59.6364
v 33.6750 -44.0018 59.6364
v 33.6794 -43.9987 59.6364
v 33.6838 -43.9957 59.6364
v 33.6926 -43.9895 59.6364
v 33.6969 -43.9865 59.6364
v 33.9660 -43.7981 59.6364
v 34.4893 -43.4316 59.6364
v 33.8095 -41.8966 59.6364
v 32.8426 -39.7132 59.6364
v 32.1205 -38.0827 59.6364
v 32.1100 -38.0591 59.6364
v 31.9434 -37.6830 59.6364
v 31.8336 -37.4349 59.6364
v 31.7950 -37.3477 59.6364
v 31.7049 -37.1443 59.6364
v 31.5530 -36.8013 59.6364
v 31.4640 -36.6004 59.6364
v 31.4327 -36.5298 59.6364
v 31.4224 -36.5064 59.6364
v 31.4018 -36.4599 59.6364
v 31.3814 -36.4138 59.6364
v 31.3712 -36.3908 59.6364
v 31.3510 -36.3452 59.6364
v 31.3309 -36.2999 59.6364
v 31.3210 -36.2774 59.6364
v 31.3011 -36.2326 59.6364
v 31.2912 -36.2103 59.6364
v 31.2716 -36.1659 59.6364
v 31.2618 -36.1439 59.6364
v 31.2424 -36.1000 59.6364
v 31.2328 -36.0782 59.6364
v 31.2231 -36.0565 59.6364
v 31.2040 -36.0132 59.6364
v 31.1945 -35.9917 59.6364
v 31.0889 -35.7535 59.6364
v 30.6969 -34.8683 59.6364
v 30.3566 -34.0998 59.6364
v 30.0540 -33.4166 59.6364
v 29.7793 -32.7963 59.6364
v 29.5251 -32.2223 59.6364
v 29.2857 -31.6817 59.6364
v 29.0564 -31.1639 59.6364
v 28.8333 -30.6602 59.6364
v 28.6128 -30.1624 59.6364
v 28.3916 -29.6628 59.6364
v 28.1662 -29.1539 59.6364
v 27.9329 -28.6271 59.6364
v 27.6875 -28.0730 59.6364
v 27.4906 -27.6283 59.6364
v 27.4250 -27.4802 59.6364
v 27.2627 -27.1137 59.6364
v 27.1389 -26.8343 59.6364
v 27.1125 -26.7747 59.6364
v 27.0672 -26.6724 59.6364
v 26.9368 -26.3778 59.6364
v 26.8210 -26.1163 59.6364
v 26.6081 -25.6358 59.6364
v 26.5655 -25.5395 59.6364
v 26.5514 -25.5076 59.6364
v 26.5233 -25.4443 59.6364
v 26.4955 -25.3814 59.6364
v 26.4817 -25.3501 59.6364
v 26.4596 -25.3004 59.6364
v 26.4541 -25.2880 59.6364
v 26.4268 -25.2263 59.6364
v 26.4132 -25.1956 59.6364
v 26.3862 -25.1346 59.6364
v 26.3727 -25.1042 59.6364
v 26.3460 -25.0439 59.6364
v 26.3327 -25.0138 59.6364
v 26.3063 -24.9541 59.6364
v 26.2931 -24.9244 59.6364
v 26.2800 -24.8948 59.6364
v 26.2539 -24.8360 59.6364
v 26.2410 -24.8067 59.6364
v 26.0386 -24.3497 59.6364
v 25.5332 -23.2086 59.6364
v 24.9050 -21.7899 59.6364
v 24.0885 -19.9463 59.6364
v 23.4606 -18.5286 59.6364
v 22.9642 -18.8761 59.6364
v 21.9829 -19.5633 59.6364
v 21.8167 -19.6797 59.6364
v 21.7901 -19.6983 59.6364
v 21.6732 -19.7801 59.6364
v 21.6430 -19.8012 59.6364
v 21.5455 -19.8696 59.6364
v 21.3297 -20.0206 59.6364
v 21.3037 -20.0388 59.6364
v 21.2952 -20.0448 59.6364
v 21.2784 -20.0566 59.6364
v 21.2619 -20.0681 59.6364
v 21.2537 -20.0738 59.6364
v 21.2377 -20.0851 59.6364
v 21.2219 -20.0961 59.6364
v 21.2141 -20.1016 59.6364
v 21.1987 -20.1124 59.6364
v 21.1911 -20.1177 59.6364
v 21.1761 -20.1282 59.6364
v 21.1687 -20.1333 59.6364
v 21.1541 -20.1436 59.6364
v 21.1469 -20.1486 59.6364
v 21.1398 -20.1536 59.6364
v 21.1256 -20.1635 59.6364
v 21.1186 -20.1684 59.6364
v 20.7795 -20.4059 59.6364
v 19.8236 -21.0752 59.6364
v 18.9267 -21.7032 59.6364
v 18.0709 -22.3025 59.6364
v 17.2411 -22.8835 59.6364
v 16.4239 -23.4557 59.6364
v 15.6067 -24.0279 59.6364
v 14.7769 -24.6090 59.6364
v 13.9211 -25.2082 59.6364
v 13.0242 -25.8362 59.6364
v 12.0683 -26.5055 59.6364
v 11.9677 -26.5760 59.6364
v 11.9604 -26.5811 59.6364
v 11.9458 -26.5913 59.6364
v 11.9384 -26.5965 59.6364
v 11.9309 -26.6018 59.6364
v 11.9157 -26.6124 59.6364
v 11.9080 -26.6178 59.6364
v 11.8925 -26.6286 59.6364
v 11.8846 -26.6342 59.6364
v 11.8687 -26.6453 59.6364
v 11.8606 -26.6510 59.6364
v 11.8442 -26.6624 59.6364
v 11.8276 -26.6741 59.6364
v 11.8191 -26.6800 59.6364
v 11.8020 -26.6920 59.6364
v 11.7846 -26.7042 59.6364
v 11.7757 -26.7104 59.6364
v 11.7487 -26.7293 59.6364
v 11.5250 -26.8860 59.6364
v 11.4332 -26.9502 59.6364
v 11.3925 -26.9787 59.6364
v 11.2713 -27.0636 59.6364
v 11.0713 -27.2036 59.6364
v 11.0311 -27.2318 59.6364
v 9.8835 -28.0353 59.6364
v 9.3872 -28.3829 59.6364
v 10.5047 -29.4578 59.6364
v 11.9579 -30.8556 59.6364
v 12.3278 -31.2115 59.6364
v 12.3549 -31.2375 59.6364
v 12.4092 -31.2898 59.6364
v 12.4366 -31.3161 59.6364
v 12.4640 -31.3424 59.6364
v 12.5190 -31.3954 59.6364
v 12.5466 -31.4220 59.6364
v 12.6022 -31.4754 59.6364
v 12.6301 -31.5022 59.6364
v 12.6862 -31.5562 59.6364
v 12.7144 -31.5833 59.6364
v 12.7710 -31.6378 59.6364
v 12.8280 -31.6926 59.6364
v 12.8567 -31.7201 59.6364
v 12.9142 -31.7755 59.6364
v 12.9721 -31.8312 59.6364
v 13.0012 -31.8592 59.6364
v 13.0761 -31.9312 59.6364
v 13.0891 -31.9438 59.6364
v 13.7617 -32.5907 59.6364
v 13.9755 -32.7963 59.6364
v 14.0192 -32.8383 59.6364
v 14.1181 -32.9335 59.6364
v 14.4207 -33.2246 59.6364
v 14.7249 -33.5172 59.6364
v 14.8769 -33.6633 59.6364
v 15.3680 -34.1358 59.6364
v 15.9339 -34.6801 59.6364
v 16.4431 -35.1698 59.6364
v 16.9103 -35.6193 59.6364
v 17.3471 -36.0394 59.6364
v 17.7623 -36.4388 59.6364
v 18.1635 -36.8247 59.6364
v 18.5572 -37.2034 59.6364
v 18.9496 -37.5808 59.6364
v 19.3467 -37.9628 59.6364
v 19.7548 -38.3553 59.6364
v 20.1809 -38.7652 59.6364
v 20.6271 -39.1944 59.6364
v 20.6333 -39.2004 59.6364
v 20.6447 -39.2113 59.6364
v 20.6799 -39.2452 59.6364
v 20.6976 -39.2623 59.6364
v 20.7154 -39.2794 59.6364
v 20.7511 -39.3137 59.6364
v 20.7691 -39.3310 59.6364
v 20.8051 -39.3657 59.6364
v 20.8233 -39.3831 59.6364
v 20.8597 -39.4181 59.6364
v 20.8780 -39.4357 59.6364
v 20.9148 -39.4711 59.6364
v 20.9518 -39.5067 59.6364
v 20.9704 -39.5246 59.6364
v 21.0078 -39.5606 59.6364
v 21.0455 -39.5969 59.6364
v 21.0644 -39.6151 59.6364
v 21.1216 -39.6701 59.6364
v 21.1223 -39.6707 59.6364
v 21.5599 -40.0916 59.6364
v 21.6608 -40.1887 59.6364
v 21.7357 -40.2608 59.6364
v 21.7927 -40.3155 59.6364
v 21.9906 -40.5060 59.6364
v 22.2665 -40.7713 59.6364
v 22.2895 -40.7935 59.6364
v 22.9642 -41.4425 59.6364
v 23.7902 -42.2369 59.6364
v 24.8002 -43.2084 59.6364
v 26.0854 -44.4446 59.6364
v 27.8064 -46.1000 59.6364
v 29.0163 -47.2639 59.6364
v 29.1437 -47.1747 59.6364
v 29.1480 -47.1717 59.6364
v 29.1568 -47.1655 59.6364
v 29.1612 -47.1625 59.6364
v 29.1655 -47.1594 59.6364
v 29.1743 -47.1532 59.6364
v 29.1788 -47.1501 59.6364
v 29.1876 -47.1440 59.6364
v 29.1920 -47.1409 59.6364
v 29.2009 -47.1346 59.6364
v 29.2053 -47.1315 59.6364
v 29.2142 -47.1253 59.6364
v 29.2232 -47.1190 59.6364
v 29.2276 -47.1159 59.6364
v 29.2366 -47.1096 59.6364
v 29.2456 -47.1033 59.6364
v 29.2501 -47.1002 59.6364
v 29.2637 -47.0907 59.6364
v 29.3651 -47.0196 59.6364
v 29.4095 -46.9886 59.6364
v 29.4172 -46.9832 59.6364
v 29.4606 -46.9528 59.6364
v 29.5244 -46.9081 59.6364
v 29.5397 -46.8974 59.6364
v 30.6547 -46.1167 59.6364
v 31.4803 -45.5386 59.6364
v 31.4858 -45.5347 59.6364
v 31.7528 -45.3477 63.3636
v 32.8509 -44.5788 63.3636
v 33.3191 -44.2510 63.3636
v 33.3820 -44.2070 63.3636
v 33.4248 -44.1770 63.3636
v 33.4446 -44.1631 63.3636
v 33.4764 -44.1409 63.3636
v 33.5771 -44.0704 63.3636
v 33.5906 -44.0609 63.3636
v 33.5951 -44.0578 63.3636
v 33.6041 -44.0515 63.3636
v 33.6130 -44.0452 63.3636
v 33.6175 -44.0421 63.3636
v 33.6264 -44.0359 63.3636
v 33.6353 -44.0296 63.3636
v 33.6397 -44.0265 63.3636
v 33.6486 -44.0203 63.3636
v 33.6530 -44.0172 63.3636
v 33.6618 -44.0111 63.3636
v 33.6662 -44.0080 63.3636
v 33.6750 -44.0018 63.3636
v 33.6794 -43.9987 63.3636
v 33.6838 -43.9957 63.3636
v 33.6926 -43.9895 63.3636
v 33.6969 -43.9865 63.3636
v 33.9660 -43.7981 63.3636
v 34.4893 -43.4316 63.3636
v 33.8095 -41.8966 63.3636
v 32.8426 -39.7132 63.3636
v 32.1205 -38.0827 63.3636
v 32.1100 -38.0591 63.3636
v 31.9434 -37.6830 63.3636
v 31.8336 -37.4349 63.3636
v 31.7950 -37.3477 63.3636
v 31.7049 -37.1443 63.3636
v 31.5530 -36.8013 63.3636
v 31.4640 -36.6004 63.3636
v 31.4327 -36.5298 63.3636
v 31.4224 -36.5064 63.3636
v 31.4018 -36.4599 63.3636
v 31.3814 -36.4138 63.3636
v 31.3712 -36.3908 63.3636
v 31.3510 -36.3452 63.3636
v 31.3309 -36.2999 63.3636
v 31.3210 -36.2774 63.3636
v 31.3011 -36.2326 63.3636
v 31.2912 -36.2103 63.3636
v 31.2716 -36.1659 63.3636
v 31.2618 -36.1439 63.3636
v 31.2424 -36.1000 63.3636
v 31.2328 -36.0782 63.3636
v 31.2231 -36.0565 63.3636
v 31.2040 -36.0132 63.3636
v 31.1945 -35.9917 63.3636
v 31.0889 -35.7535 63.3636
v 30.6969 -34.8683 63.3636
v 30.3566 -34.0998 63.3636
v 30.0540 -33.4166 63.3636
v 29.7793 -32.7963 63.3636
v 29.5251 -32.2223 63.3636
v 29.2857 -31.6817 63.3636
v 29.0564 -31.1639 63.3636
v 28.8333 -30.6602 63.3636
v 28.6128 -30.1624 63.3636
v 28.3916 -29.6628 63.3636
v 28.1662 -29.1539 63.3636
v 27.9329 -28.6271 63.3636
v 27.6875 -28.0730 63.3636
v 27.4906 -27.6283 63.3636
v 27.4250 -27.4802 63.3636
v 27.2627 -27.1137 63.3636
v 27.1389 -26.8343 63.3636
v 27.1125 -26.7747 63.3636
v 27.0672 -26.6724 63.3636
v 26.9368 -26.3778 63.3636
v 26.8210 -26.1163 63.3636
v 26.6081 -25.6358 63.3636
v 26.5655 -25.5395 63.3636
v 26.5514 -25.5076 63.3636
v 26.5233 -25.4443 63.3636
v 26.4955 -25.3814 63.3636
v 26.4817 -25.3501 63.3636
v 26.4596 -25.3004 63.3636
v 26.4541 -25.2880 63.3636
v 26.4268 -25.2263 63.3636
v 26.4132 -25.1956 63.3636
v 26.3862 -25.1346 63.3636
v 26.3727 -25.1042 63.3636
v 26.3460 -25.0439 63.3636
v 26.3327 -25.0138 63.3636
v 26.3063 -24.9541 63.3636
v 26.2931 -24.9244 63.3636
v 26.2800 -24.8948 63.3636
v 26.2539 -24.8360 63.3636
v 26.2410 -24.8067 63.3636
v 26.0386 -24.3497 63.3636
v 25.5332 -23.2086 63.3636
v 24.9050 -21.7899 63.3636
v 24.0885 -19.9463 63.3636
v 23.4606 -18.5286 63.3636
v 22.9642 -18.8761 63.3636
v 21.9829 -19.5633 63.3636
v 21.8167 -19.6797 63.3636
v 21.7901 -19.6983 63.3636
v 21.6732 -19.7801 63.3636
v 21.6430 -19.8012 63.3636
v 21.5455 -19.8696 63.3636
v 21.3297 -20.0206 63.3636
v 21.3037 -20.0388 63.3636
v 21.2952 -20.0448 63.3636
v 21.2784 -20.0566 63.3636
v 21.2619 -20.0681 63.3636
v 21.2537 -20.0738 63.3636
v 21.2377 -20.0851 63.3636
v 21.2219 -20.0961 63.3636
v 21.2141 -20.1016 63.3636
v 21.1987 -20.1124 63.3636
v 21.1911 -20.1177 63.3636
v 21.1761 -20.1282 63.3636
v 21.1687 -20.1333 63.3636
v 21.1541 -20.1436 63.3636
v 21.1469 -20.1486 63.3636
v 21.1398 -20.1536 63.3636
v 21.1256 -20.1635 63.3636
v 21.1186 -20.1684 63.3636
v 20.7795 -20.4059 63.3636
v 19.8236 -21.0752 63.3636
v 18.9267 -21.7032 63.3636
v 18.0709 -22.3025 63.3636
v 17.2411 -22.8835 63.3636
v 16.4239 -23.4557 63.3636
v 15.6067 -24.0279 63.3636
v 14.7769 -24.6090 63.3636
v 13.9211 -25.2082 63.3636
v 13.0242 -25.8362 63.3636
v 12.0683 -26.5055 63.3636
v 11.9677 -26.5760 63.3636
v 11.9604 -26.5811 63.3636
v 11.9458 -26.5913 63.3636
v 11.9384 -26.5965 63.3636
v 11.9309 -26.6018 63.3636
v 11.9157 -26.6124 63.3636
v 11.9080 -26.6178 63.3636
v 11.8925 -26.6286 63.3636
v 11.8846 -26.6342 63.3636
v 11.8687 -26.6453 63.3636
v 11.8606 -26.6510 63.3636
v 11.8442 -26.6624 63.3636
v 11.8276 -26.6741 63.3636
v 11.8191 -26.6800 63.3636
v 11.8020 -26.6920 63.3636
v 11.7846 -26.7042 63.3636
v 11.7757 -26.7104 63.3636
v 11.7487 -26.7293 63.3636
v 11.5250 -26.8860 63.3636
v 11.4332 -26.9502 63.3636
v 11.3925 -26.9787 63.3636
v 11.2713 -27.0636 63.3636
v 11.0713 -27.2036 63.3636
v 11.0311 -27.2318 63.3636
v 9.8835 -28.0353 63.3636
v 9.3872 -28.3829 63.3636
v 10.5047 -29.4578 63.3636
v 11.9579 -30.8556 63.3636
v 12.3278 -31.2115 63.3636
v 12.3549 -31.2375 63.3636
v 12.4092 -31.2898 63.3636
v 12.4366 -31.3161 63.3636
v 12.4640 -31.3424 63.3636
v 12.5190 -31.3954 63.3636
v 12.5466 -31.4220 63.3636
v 12.6022 -31.4754 63.3636
v 12.6301 -31.5022 63.3636
v 12.6862 -31.5562 63.3636
v 12.7144 -31.5833 63.3636
v 12.7710 -31.6378 63.3636
v 12.8280 -31.6926 63.3636
v 12.8567 -31.7201 63.3636
v 12.9142 -31.7755 63.3636
v 12.9721 -31.8312 63.3636
v 13.0012 -31.8592 63.3636
v 13.0761 -31.9312 63.3636
v 13.0891 -31.9438 63.3636
v 13.7617 -32.5907 63.3636
v 13.9755 -32.7963 63.3636
v 14.0192 -32.8383 63.3636
v 14.1181 -32.9335 63.3636
v 14.4207 -33.2246 63.3636
v 14.7249 -33.5172 63.3636
v 14.8769 -33.6633 63.3636
v 15.3680 -34.1358 63.3636
v 15.9339 -34.6801 63.3636
v 16.4431 -35.1698 63.3636
v 16.9103 -35.6193 63.3636
v 17.3471 -36.0394 63.3636
v 17.7623 -36.4388 63.3636
v 18.1635 -36.8247 63.3636
v 18.5572 -37.2034 63.3636
v 18.9496 -37.5808 63.3636
v 19.3467 -37.9628 63.3636
v 19.7548 -38.3553 63.3636
v 20.1809 -38.7652 63.3636
v 20.6271 -39.1944 63.3636
v 20.6333 -39.2004 63.3636
v 20.6447 -39.2113 63.3636
v 20.6799 -39.2452 63.3636
v 20.6976 -39.2623 63.3636
v 20.7154 -39.2794 63.3636
v 20.7511 -39.3137 63.3636
v 20.7691 -39.3310 63.3636
v 20.8051 -39.3657 63.3636
v 20.8233 -39.3831 63.3636
v 20.8597 -39.4181 63.3636
v 20.8780 -39.4357 63.3636
v 20.9148 -39.4711 63.3636
v 20.9518 -39.5067 63.3636
v 20.9704 -39.5246 63.3636
v 21.0078 -39.5606 63.3636
v 21.0455 -39.5969 63.3636
v 21.0644 -39.6151 63.3636
v 21.1216 -39.6701 63.3636
v 21.1223 -39.6707 63.3636
v 21.5599 -40.0916 63.3636
v 21.6608 -40.1887 63.3636
v 21.7357 -40.2608 63.3636
v 21.7927 -40.3155 63.3636
v 21.9906 -40.5060 63.3636
v 22.2665 -40.7713 63.3636
v 22.2895 -40.7935 63.3636
v 22.9642 -41.4425 63.3636
v 23.7902 -42.2369 63.3636
v 24.8002 -43.2084 63.3636
v 26.0854 -44.4446 63.3636
v 27.8064 -46.1000 63.3636
v 29.0163 -47.2639 63.3636
v 29.1437 -47.1747 63.3636
v 29.1480 -47.1717 63.3636
v 29.1568 -47.1655 63.3636
v 29.1612 -47.1625 63.3636
v 29.1655 -47.1594 63.3636
v 29.1743 -47.1532 63.3636
v 29.1788 -47.1501 63.3636
v 29.1876 -47.1440 63.3636
v 29.1920 -47.1409 63.3636
v 29.2009 -47.1346 63.3636
v 29.2053 -47.1315 63.3636
v 29.2142 -47.1253 63.3636
v 29.2232 -47.1190 63.3636
v 29.2276 -47.1159 63.3636
v 29.2366 -47.1096 63.3636
v 29.2456 -47.1033 63.3636
v 29.2501 -47.1002 63.3636
v 29.2637 -47.0907 63.3636
v 29.3651 -47.0196 63.3636
v 29.4095 -46.9886 63.3636
v 29.4172 -46.9832 63.3636
v 29.4606 -46.9528 63.3636
v 29.5244 -46.9081 63.3636
v 29.5397 -46.8974 63.3636
v 30.6547 -46.1167 63.3636
v 31.4803 -45.5386 63.3636
v 31.4858 -45.5347 63.3636
v 31.7528 -45.3477 67.0909
v 32.8509 -44.5788 67.0909
v 33.3191 -44.2510 67.0909
v 33.3820 -44.2070 67.0909
v 33.4248 -44.1770 67.0909
v 33.4446 -44.1631 67.0909
v 33.4764 -44.1409 67.0909
v 33.5771 -44.0704 67.0909
v 33.5906 -44.0609 67.0909
v 33.5951 -44.0578 67.0909
v 33.6041 -44.0515 67.0909
v 33.6130 -44.0452 67.0909
v 33.6175 -44.0421 67.0909
v 33.6264 -44.0359 67.0909
v 33.6353 -44.0296 67.0909
v 33.6397 -44.0265 67.0909
v 33.6486 -44.0203 67.0909
v 33.6530 -44.0172 67.0909
v 33.6618 -44.0111 67.0909
v 33.6662 -44.0080 67.0909
v 33.6750 -44.0018 67.0909
v 33.6794 -43.9987 67.0909
v 33.6838 -43.9957 67.0909
v 33.6926 -43.9895 67.0909
v 33.6969 -43.9865 67.0909
v 33.9660 -43.7981 67.0909
v 34.4893 -43.4316 67.0909
v 33.8095 -41.8966 67.0909
v 32.8426 -39.7132 67.0909
v 32.1205 -38.0827 67.0909
v 32.1100 -38.0591 67.0909
v 31.9434 -37.6830 67.0909
v 31.8336 -37.4349 67.0909
v 31.7950 -37.3477 67.0909
v 31.7049 -37.1443 67.0909
v 31.5530 -36.8013 67.0909
v 31.4640 -36.6004 67.0909
v 31.4327 -36.5298 67.0909
v 31.4224 -36.5064 67.0909
v 31.4018 -36.4599 67.0909
v 31.3814 -36.4138 67.0909
v 31.3712 -36.3908 67.0909
v 31.3510 -36.3452 67.0909
v 31.3309 -36.2999 67.0909
v 31.3210 -36.2774 67.0909
v 31.3011 -36.2326 67.0909
v 31.2912 -36.2103 67.0909
v 31.2716 -36.1659 67.0909
v 31.2618 -36.1439 67.0909
v 31.2424 -36.1000 67.0909
v 31.2328 -36.0782 67.0909
v 31.2231 -36.0565 67.0909
v 31.2040 -36.0132 67.0909
v 31.1945 -35.9917 67.0909
v 31.0889 -35.7535 67.0909
v 30.6969 -34.8683 67.0909
v 30.3566 -34.0998 67.0909
v 30.0540 -33.4166 67.0909
v 29.7793 -32.7963 67.0909
v 29.5251 -32.2223 67.0909
v 29.2857 -31.6817 67.0909
v 29.0564 -31.1639 67.0909
v 28.8333 -30.6602 67.0909
v 28.6128 -30.1624 67.0909
v 28.3916 -29.6628 67.0909
v 28.1662 -29.1539 67.0909
v 27.9329 -28.6271 67.0909
v 27.6875 -28.0730 67.0909
v 27.4906 -27.6283 67.0909
v 27.4250 -27.4802 67.0909
v 27.2627 -27.1137 67.0909
v 27.1389 -26.8343 67.0909
v 27.1125 -26.7747 67.0909
v 27.0672 -26.6724 67.0909
v 26.9368 -26.3778 67.0909
v 26.8210 -26.1163 67.0909
v 26.6081 -25.6358 67.0909
v 26.5655 -25.5395 67.0909
v 26.5514 -25.5076 67.0909
v 26.5233 -25.4443 67.0909
v 26.4955 -25.3814 67.0909
v 26.4817 -25.3501 67.0909
v 26.4596 -25.3004 67.0909
v 26.4541 -25.2880 67.0909
v 26.4268 -25.2263 67.0909
v 26.4132 -25.1956 67.0909
v 26.3862 -25.1346 67.0909
v 26.3727 -25.1042 67.0909
v 26.3460 -25.0439 67.0909
v 26.3327 -25.0138 67.0909
v 26.3063 -24.9541 67.0909
v 26.2931 -24.9244 67.0909
v 26.2800 -24.8948 67.0909
v 26.2539 -24.8360 67.0909
v 26.2410 -24.8067 67.0909
v 26.0386 -24.3497 67.0909
v 25.5332 -23.2086 67.0909
v 24.9050 -21.7899 67.0909
v 24.0885 -19.9463 67.0909
v 23.4606 -18.5286 67.0909
v 22.9642 -18.8761 67.0909
v 21.9829 -19.5633 67.0909
v 21.8167 -19.6797 67.0909
v 21.7901 -19.6983 67.0909
v 21.6732 -19.7801 67.0909
v 21.6430 -19.8012 67.0909
v 21.5455 -19.8696 67.0909
v 21.3297 -20.0206 67.0909
v 21.3037 -20.0388 67.0909
v 21.2952 -20.0448 67.0909
v 21.2784 -20.0566 67.0909
v 21.2619 -20.0681 67.0909
v 21.2537 -20.0738 67.0909
v 21.2377 -20.0851 67.0909
v 21.2219 -20.0961 67.0909
v 21.2141 -20.1016 67.0909
v 21.1987 -20.1124 67.0909
v 21.1911 -20.1177 67.0909
v 21.1761 -20.1282 67.0909
v 21.1687 -20.1333 67.0909
v 21.1541 -20.1436 67.0909
v 21.1469 -20.1486 67.0909
v 21.1398 -20.1536 67.0909
v 21.1256 -20.1635 67.0909
v 21.1186 -20.1684 67.0909
v 20.7795 -20.4059 67.0909
v 19.8236 -21.0752 67.0909
v 18.9267 -21.7032 67.0909
v 18.0709 -22.3025 67.0909
v 17.2411 -22.8835 67.0909
v 16.4239 -23.4557 67.0909
v 15.6067 -24.0279 67.0909
v 14.7769 -24.6090 67.0909
v 13.9211 -25.2082 67.0909
v 13.0242 -25.8362 67.0909
v 12.0683 -26.5055 67.0909
v 11.9677 -26.5760 67.0909
v 11.9604 -26.5811 67.0909
v 11.9458 -26.5913 67.0909
v 11.9384 -26.5965 67.0909
v 11.9309 -26.6018 67.0909
v 11.9157 -26.6124 67.0909
v 11.9080 -26.6178 67.0909
v 11.8925 -26.6286 67.0909
v 11.8846 -26.6342 67.0909
v 11.8687 -26.6453 67.0909
v 11.8606 -26.6510 67.0909
v 11.8442 -26.6624 67.0909
v 11.8276 -26.6741 67.0909
v 11.8191 -26.6800 67.0909
v 11.8020 -26.6920 67.0909
v 11.7846 -26.7042 67.0909
v 11.7757 -26.7104 67.0909
v 11.7487 -26.7293 67.0909
v 11.5250 -26.8860 67.0909
v 11.4332 -26.9502 67.0909
v 11.3925 -26.9787 67.0909
v 11.2713 -27.0636 67.0909
v 11.0713 -27.2036 67.0909
v 11.0311 -27.2318 67.0909
v 9.8835 -28.0353 67.0909
v 9.3872 -28.3829 67.0909
v 10.5047 -29.4578 67.0909
v 11.9579 -30.8556 67.0909
v 12.3278 -31.2115 67.0909
v 12.3549 -31.2375 67.0909
v 12.4092 -31.2898 67.0909
v 12.4366 -31.3161 67.0909
v 12.4640 -31.3424 67.0909
v 12.5190 -31.3954 67.0909
v 12.5466 -31.4220 67.0909
v 12.6022 -31.4754 67.0909
v 12.6301 -31.5022 67.0909
v 12.6862 -31.5562 67.0909
v 12.7144 -31.5833 67.0909
v 12.7710 -31.6378 67.0909
v 12.8280 -31.6926 67.0909
v 12.8567 -31.7201 67.0909
v 12.9142 -31.7755 67.0909
v 12.9721 -31.8312 67.0909
v 13.0012 -31.8592 67.0909
v 13.0761 -31.9312 67.0909
v 13.0891 -31.9438 67.0909
v 13.7617 -32.5907 67.0909
v 13.9755 -32.7963 67.0909
v 14.0192 -32.8383 67.0909
v 14.1181 -32.9335 67.0909
v 14.4207 -33.2246 67.0909
v 14.7249 -33.5172 67.0909
v 14.8769 -33.6633 67.0909
v 15.3680 -34.1358 67.0909
v 15.9339 -34.6801 67.0909
v 16.4431 -35.1698 67.0909
v 16.9103 -35.6193 67.0909
v 17.3471 -36.0394 67.0909
v 17.7623 -36.4388 67.0909
v 18.1635 -36.8247 67.0909
v 18.5572 -37.2034 67.0909
v 18.9496 -37.5808 67.0909
v 19.3467 -37.9628 67.0909
v 19.7548 -38.3553 67.0909
v 20.1809 -38.7652 67.0909
v 20.6271 -39.1944 67.0909
v 20.6333 -39.2004 67.0909
v 20.6447 -39.2113 67.0909
v 20.6799 -39.2452 67.0909
v 20.6976 -39.2623 67.0909
v 20.7154 -39.2794 67.0909
v 20.7511 -39.3137 67.0909
v 20.7691 -39.3310 67.0909
v 20.8051 -39.3657 67.0909
v 20.8233 -39.3831 67.0909
v 20.8597 -39.4181 67.0909
v 20.8780 -39.4357 67.0909
v 20.9148 -39.4711 67.0909
v 20.9518 -39.5067 67.0909
v 20.9704 -39.5246 67.0909
v 21.0078 -39.5606 67.0909
v 21.0455 -39.5969 67.0909
v 21.0644 -39.6151 67.0909
v 21.1216 -39.6701 67.0909
v 21.1223 -39.6707 67.0909
v 21.5599 -40.0916 67.0909
v 21.6608 -40.1887 67.0909
v 21.7357 -40.2608 67.0909
v 21.7927 -40.3155 67.0909
v 21.9906 -40.5060 67.0909
v 22.2665 -40.7713 67.0909
v 22.2895 -40.7935 67.0909
v 22.9642 -41.4425 67.0909
v 23.7902 -42.2369 67.0909
v 24.8002 -43.2084 67.0909
v 26.0854 -44.4446 67.0909
v 27.8064 -46.1000 67.0909
v 29.0163 -47.2639 67.0909
v 29.1437 -47.1747 67.0909
v 29.1480 -47.1717 67.0909
v 29.1568 -47.1655 67.0909
v 29.1612 -47.1625 67.0909
v 29.1655 -47.1594 67.0909
v 29.1743 -47.1532 67.0909
v 29.1788 -47.1501 67.0909
v 29.1876 -47.1440 67.0909
v 29.1920 -47.1409 67.0909
v 29.2009 -47.1346 67.0909
v 29.2053 -47.1315 67.0909
v 29.2142 -47.1253 67.0909
v 29.2232 -47.1190 67.0909
v 29.2276 -47.1159 67.0909
v 29.2366 -47.1096 67.0909
v 29.2456 -47.1033 67.0909
v 29.2501 -47.1002 67.0909
v 29.2637 -47.0907 67.0909
v 29.3651 -47.0196 67.0909
v 29.4095 -46.9886 67.0909
v 29.4172 -46.9832 67.0909
v 29.4606 -46.9528 67.0909
v 29.5244 -46.9081 67.0909
v 29.5397 -46.8974 67.0909
v 30.6547 -46.1167 67.0909
v 31.4803 -45.5386 67.0909
v 31.4858 -45.5347 67.0909
v 31.7528 -45.3477 70.8182
v 32.8509 -44.5788 70.8182
v 33.3191 -44.2510 70.8182
v 33.3820 -44.2070 70.8182
v 33.4248 -44.1770 70.8182
v 33.4446 -44.1631 70.8182
v 33.4764 -44.1409 70.8182
v 33.5771 -44.0704 70.8182
v 33.5906 -44.0609 70.8182
v 33.5951 -44.0578 70.8182
v 33.6041 -44.0515 70.8182
v 33.6130 -44.0452 70.8182
v 33.6175 -44.0421 70.8182
v 33.6264 -44.0359 70.8182
v 33.6353 -44.0296 70.8182
v 33.6397 -44.0265 70.8182
v 33.6486 -44.0203 70.8182
v 33.6530 -44.0172 70.8182
v 33.6618 -44.0111 70.8182
v 33.6662 -44.0080 70.8182
v 33.6750 -44.0018 70.8182
v 33.6794 -43.9987 70.8182
v 33.6838 -43.9957 70.8182
v 33.6926 -43.9895 70.8182
v 33.6969 -43.9865 70.8182
v 33.9660 -43.7981 70.8182
v 34.4893 -43.4316 70.8182
v 33.8095 -41.8966 70.8182
v 32.8426 -39.7132 70.8182
v 32.1205 -38.0827 70.8182
v 32.1100 -38.0591 70.8182
v 31.9434 -37.6830 70.8182
v 31.8336 -37.4349 70.8182
v 31.7950 -37.3477 70.8182
v 31.7049 -37.1443 70.8182
v 31.5530 -36.8013 70.8182
v 31.4640 -36.6004 70.8182
v 31.4327 -36.5298 70.8182
v 31.4224 -36.5064 70.8182
v 31.4018 -36.4599 70.8182
v 31.3814 -36.4138 70.8182
v 31.3712 -36.3908 70.8182
v 31.3510 -36.3452 70.8182
v 31.3309 -36.2999 70.8182
v 31.3210 -36.2774 70.8182
v 31.3011 -36.2326 70.8182
v 31.2912 -36.2103 70.8182
v 31.2716 -36.1659 70.8182
v 31.2618 -36.1439 70.8182
v 31.2424 -36.1000 70.8182
v 31.2328 -36.0782 70.8182
v 31.2231 -36.0565 70.8182
v 31.2040 -36.0132 70.8182
v 31.1945 -35.9917 70.8182
v 31.0889 -35.7535 70.8182
v 30.6969 -34.8683 70.8182
v 30.3566 -34.0998 70.8182
v 30.0540 -33.4166 70.8182
v 29.7793 -32.7963 70.8182
v 29.5251 -32.2223 70.8182
v 29.2857 -31.6817 70.8182
v 29.0564 -31.1639 70.8182
v 28.8333 -30.6602 70.8182
v 28.6128 -30.1624 70.8182
v 28.3916 -29.6628 70.8182
v 28.1662 -29.1539 70.8182
v 27.9329 -28.6271 70.8182
v 27.6875 -28.0730 70.8182
v 27.4906 -27.6283 70.8182
v 27.4250 -27.4802 70.8182
v 27.2627 -27.1137 70.8182
v 27.1389 -26.8343 70.8182
v 27.1125 -26.7747 70.8182
v 27.0672 -26.6724 70.8182
v 26.9368 -26.3778 70.8182
v 26.8210 -26.1163 70.8182
v 26.6081 -25.6358 70.8182
v 26.5655 -25.5395 70.8182
v 26.5514 -25.5076 70.8182
v 26.5233 -25.4443 70.8182
v 26.4955 -25.3814 70.8182
v 26.4817 -25.3501 70.8182
v 26.4596 -25.3004 70.8182
v 26.4541 -25.2880 70.8182
v 26.4268 -25.2263 70.8182
v 26.4132 -25.1956 70.8182
v 26.3862 -25.1346 70.8182
v 26.3727 -25.1042 70.8182
v 26.3460 -25.0439 70.8182
v 26.3327 -25.0138 70.8182
v 26.3063 -24.9541 70.8182
v 26.2931 -24.9244 70.8182
v 26.2800 -24.8948 70.8182
v 26.2539 -24.8360 70.8182
v 26.2410 -24.8067 70.8182
v 26.0386 -24.3497 70.8182
v 25.5332 -23.2086 70.8182
v 24.9050 -21.7899 70.8182
v 24.0885 -19.9463 70.8182
v 23.4606 -18.5286 70.8182
v 22.9642 -18.8761 70.8182
v 21.9829 -19.5633 70.8182
v 21.8167 -19.6797 70.8182
v 21.7901 -19.6983 70.8182
v 21.6732 -19.7801 70.8182
v 21.6430 -19.8012 70.8182
v 21.5455 -19.8696 70.8182
v 21.3297 -20.0206 70.8182
v 21.3037 -20.0388 70.8182
v 21.2952 -20.0448 70.8182
v 21.2784 -20.0566 70.8182
v 21.2619 -20.0681 70.8182
v 21.2537 -20.0738 70.8182
v 21.2377 -20.0851 70.8182
v 21.2219 -20.0961 70.8182
v 21.2141 -20.1016 70.8182
v 21.1987 -20.1124 70.8182
v 21.1911 -20.1177 70.8182
v 21.1761 -20.1282 70.8182
v 21.1687 -20.1333 70.8182
v 21.1541 -20.1436 70.8182
v 21.1469 -20.1486 70.8182
v 21.1398 -20.1536 70.8182
v 21.1256 -20.1635 70.8182
v 21.1186 -20.1684 70.8182
v 20.7795 -20.4059 70.8182
v 19.8236 -21.0752 70.8182
v 18.9267 -21.7032 70.8182
v 18.0709 -22.3025 70.8182
v 17.2411 -22.8835 70.8182
v 16.4239 -23.4557 70.8182
v 15.6067 -24.0279 70.8182
v 14.7769 -24.6090 70.8182
v 13.9211 -25.2082 70.8182
v 13.0242 -25.8362 70.8182
v 12.0683 -26.5055 70.8182
v 11.9677 -26.5760 70.8182
v 11.9604 -26.5811 70.8182
v 11.9458 -26.5913 70.8182
v 11.9384 -26.5965 70.8182
v 11.9309 -26.6018 70.8182
v 11.9157 -26.6124 70.8182
v 11.9080 -26.6178 70.8182
v 11.8925 -26.6286 70.8182
v 11.8846 -26.6342 70.8182
v 11.8687 -26.6453 70.8182
v 11.8606 -26.6510 70.8182
v 11.8442 -26.6624 70.8182
v 11.8276 -26.6741 70.8182
v 11.8191 -26.6800 70.8182
v 11.8020 -26.6920 70.8182
v 11.7846 -26.7042 70.8182
v 11.7757 -26.7104 70.8182
v 11.7487 -26.7293 70.8182
v 11.5250 -26.8860 70.8182
v 11.4332 -26.9502 70.8182
v 11.3925 -26.9787 70.8182
v 11.2713 -27.0636 70.8182
v 11.0713 -27.2036 70.8182
v 11.0311 -27.2318 70.8182
v 9.8835 -28.0353 70.8182
v 9.3872 -28.3829 70.8182
v 10.5047 -29.4578 70.8182
v 11.9579 -30.8556 70.8182
v 12.3278 -31.2115 70.8182
v 12.3549 -31.2375 70.8182
v 12.4092 -31.2898 70.8182
v 12.4366 -31.3161 70.8182
v 12.4640 -31.3424 70.8182
v 12.5190 -31.3954 70.8182
v 12.5466 -31.4220 70.8182
v 12.6022 -31.4754 70.8182
v 12.6301 -31.5022 70.8182
v 12.6862 -31.5562 70.8182
v 12.7144 -31.5833 70.8182
v 12.7710 -31.6378 70.8182
v 12.8280 -31.6926 70.8182
v 12.8567 -31.7201 70.8182
v 12.9142 -31.7755 70.8182
v 12.9721 -31.8312 70.8182
v 13.0012 -31.8592 70.8182
v 13.0761 -31.9312 70.8182
v 13.0891 -31.9438 70.8182
v 13.7617 -32.5907 70.8182
v 13.9755 -32.7963 70.8182
v 14.0192 -32.8383 70.8182
v 14.1181 -32.9335 70.8182
v 14.4207 -33.2246 70.8182
v 14.7249 -33.5172 70.8182
v 14.8769 -33.6633 70.8182
v 15.3680 -34.1358 70.8182
v 15.9339 -34.6801 70.8182
v 16.4431 -35.1698 70.8182
v 16.9103 -35.6193 70.8182
v 17.3471 -36.0394 70.8182
v 17.7623 -36.4388 70.8182
v 18.1635 -36.8247 70.8182
v 18.5572 -37.2034 70.8182
v 18.9496 -37.5808 70.8182
v 19.3467 -37.9628 70.8182
v 19.7548 -38.3553 70.8182
v 20.1809 -38.7652 70.8182
v 20.6271 -39.1944 70.8182
v 20.6333 -39.2004 70.8182
v 20.6447 -39.2113 70.8182
v 20.6799 -39.2452 70.8182
v 20.6976 -39.2623 70.8182
v 20.7154 -39.2794 70.8182
v 20.7511 -39.3137 70.8182
v 20.7691 -39.3310 70.8182
v 20.8051 -39.3657 70.8182
v 20.8233 -39.3831 70.8182
v 20.8597 -39.4181 70.8182
v 20.8780 -39.4357 70.8182
v 20.9148 -39.4711 70.8182
v 20.9518 -39.5067 70.8182
v 20.9704 -39.5246 70.8182
v 21.0078 -39.5606 70.8182
v 21.0455 -39.5969 70.8182
v 21.0644 -39.6151 70.8182
v 21.1216 -39.6701 70.8182
v 21.1223 -39.6707 70.8182
v 21.5599 -40.0916 70.8182
v 21.6608 -40.1887 70.8182
v 21.7357 -40.2608 70.8182
v 21.7927 -40.3155 70.8182
v 21.9906 -40.5060 70.8182
v 22.2665 -40.7713 70.8182
v 22.2895 -40.7935 70.8182
v 22.9642 -41.4425 70.8182
v 23.7902 -42.2369 70.8182
v 24.8002 -43.2084 70.8182
v 26.0854 -44.4446 70.8182
v 27.8064 -46.1000 70.8182
v 29.0163 -47.2639 70.8182
v 29.1437 -47.1747 70.8182
v 29.1480 -47.1717 70.8182
v 29.1568 -47.1655 70.8182
v 29.1612 -47.1625 70.8182
v 29.1655 -47.1594 70.8182
v 29.1743 -47.1532 70.8182
v 29.1788 -47.1501 70.8182
v 29.1876 -47.1440 70.8182
v 29.1920 -47.1409 70.8182
v 29.2009 -47.1346 70.8182
v 29.2053 -47.1315 70.8182
v 29.2142 -47.1253 70.8182
v 29.2232 -47.1190 70.8182
v 29.2276 -47.1159 70.8182
v 29.2366 -47.1096 70.8182
v 29.2456 -47.1033 70.8182
v 29.2501 -47.1002 70.8182
v 29.2637 -47.0907 70.8182
v 29.3651 -47.0196 70.8182
v 29.4095 -46.9886 70.8182
v 29.4172 -46.9832 70.8182
v 29.4606 -46.9528 70.8182
v 29.5244 -46.9081 70.8182
v 29.5397 -46.8974 70.8182
v 30.6547 -46.1167 70.8182
v 31.4803 -45.5386 70.8182
v 31.4858 -45.5347 70.8182
v 31.7528 -45.3477 74.5455
v 32.8509 -44.5788 74.5455
v 33.3191 -44.2510 74.5455
v 33.3820 -44.2070 74.5455
v 33.4248 -44.1770 74.5455
v 33.4446 -44.1631 74.5455
v 33.4764 -44.1409 74.5455
v 33.5771 -44.0704 74.5455
v 33.5906 -44.0609 74.5455
v 33.5951 -44.0578 74.5455
v 33.6041 -44.0515 74.5455
v 33.6130 -44.0452 74.5455
v 33.6175 -44.0421 74.5455
v 33.6264 -44.0359 74.5455
v 33.6353 -44.0296 74.5455
v 33.6397 -44.0265 74.5455
v 33.6486 -44.0203 74.5455
v 33.6530 -44.0172 74.5455
v 33.6618 -44.0111 74.5455
v 33.6662 -44.0080 74.5455
v 33.6750 -44.0018 74.5455
v 33.6794 -43.9987 74.5455
v 33.6838 -43.9957 74.5455
v 33.6926 -43.9895 74.5455
v 33.6969 -43.9865 74.5455
v 33.9660 -43.7981 74.5455
v 34.4893 -43.4316 74.5455
v 33.8095 -41.8966 74.5455
v 32.8426 -39.7132 74.5455
v 32.1205 -38.0827 74.5455
v 32.1100 -38.0591 74.5455
v 31.9434 -37.6830 74.5455
v 31.8336 -37.4349 74.5455
v 31.7950 -37.3477 74.5455
v 31.7049 -37.1443 74.5455
v 31.5530 -36.8013 74.5455
v 31.4640 -36.6004 74.5455
v 31.4327 -36.5298 74.5455
v 31.4224 -36.5064 74.5455
v 31.4018 -36.4599 74.5455
v 31.3814 -36.4138 74.5455
v 31.3712 -36.3908 74.5455
v 31.3510 -36.3452 74.5455
v 31.3309 -36.2999 74.5455
v 31.3210 -36.2774 74.5455
v 31.3011 -36.2326 74.5455
v 31.2912 -36.2103 74.5455
v 31.2716 -36.1659 74.5455
v 31.2618 -36.1439 74.5455
v 31.2424 -36.1000 74.5455
v 31.2328 -36.0782 74.5455
v 31.2231 -36.0565 74.5455
v 31.2040 -36.0132 74.5455
v 31.1945 -35.9917 74.5455
v 31.0889 -35.7535 74.5455
v 30.6969 -34.8683 74.5455
v 30.3566 -34.0998 74.5455
v 30.0540 -33.4166 74.5455
v 29.7793 -32.7963 74.5455
v 29.5251 -32.2223 74.5455
v 29.2857 -31.6817 74.5455
v 29.0564 -31.1639 74.5455
v 28.8333 -30.6602 74.5455
v 28.6128 -30.1624 74.5455
v 28.3916 -29.6628 74.5455
v 28.1662 -29.1539 74.5455
v 27.9329 -28.6271 74.5455
v 27.6875 -28.0730 74.5455
v 27.4906 -27.6283 74.5455
v 27.4250 -27.4802 74.5455
v 27.2627 -27.1137 74.5455
v 27.1389 -26.8343 74.5455
v 27.1125 -26.7747 74.5455
v 27.0672 -26.6724 74.5455
v 26.9368 -26.3778 74.5455
v 26.8210 -26.1163 74.5455
v 26.6081 -25.6358 74.5455
v 26.5655 -25.5395 74.5455
v 26.5514 -25.5076 74.5455
v 26.5233 -25.4443 74.5455
v 26.4955 -25.3814 74.5455
v 26.4817 -25.3501 74.5455
v 26.4596 -25.3004 74.5455
v 26.4541 -25.2880 74.5455
v 26.4268 -25.2263 74.5455
v 26.4132 -25.1956 74.5455
v 26.3862 -25.1346 74.5455
v 26.3727 -25.1042 74.5455
v 26.3460 -25.0439 74.5455
v 26.3327 -25.0138 74.5455
v 26.3063 -24.9541 74.5455
v 26.2931 -24.9244 74.5455
v 26.2800 -24.8948 74.5455
v 26.2539 -24.8360 74.5455
v 26.2410 -24.8067 74.5455
v 26.0386 -24.3497 74.5455
v 25.5332 -23.2086 74.5455
v 24.9050 -21.7899 74.5455
v 24.0885 -19.9463 74.5455
v 23.4606 -18.5286 74.5455
v 22.9642 -18.8761 74.5455
v 21.9829 -19.5633 74.5455
v 21.8167 -19.6797 74.5455
v 21.7901 -19.6983 74.5455
v 21.6732 -19.7801 74.5455
v 21.6430 -19.8012 74.5455
v 21.5455 -19.8696 74.5455
v 21.3297 -20.0206 74.5455
v 21.3037 -20.0388 74.5455
v 21.2952 -20.0448 74.5455
v 21.2784 -20.0566 74.5455
v 21.2619 -20.0681 74.5455
v 21.2537 -20.0738 74.5455
v 21.2377 -20.0851 74.5455
v 21.2219 -20.0961 74.5455
v 21.2141 -20.1016 74.5455
v 21.1987 -20.1124 74.5455
v 21.1911 -20.1177 74.5455
v 21.1761 -20.1282 74.5455
v 21.1687 -20.1333 74.5455
v 21.1541 -20.1436 74.5455
v 21.1469 -20.1486 74.5455
v 21.1398 -20.1536 74.5455
v 21.1256 -20.1635 74.5455
v 21.1186 -20.1684 74.5455
v 20.7795 -20.4059 74.5455
v 19.8236 -21.0752 74.5455
v 18.9267 -21.7032 74.5455
v 18.0709 -22.3025 74.5455
v 17.2411 -22.8835 74.5455
v 16.4239 -23.4557 74.5455
v 15.6067 -24.0279 74.5455
v 14.7769 -24.6090 74.5455
v 13.9211 -25.2082 74.5455
v 13.0242 -25.8362 74.5455
v 12.0683 -26.5055 74.5455
v 11.9677 -26.5760 74.5455
v 11.9604 -26.5811 74.5455
v 11.9458 -26.5913 74.5455
v 11.9384 -26.5965 74.5455
v 11.9309 -26.6018 74.5455
v 11.9157 -26.6124 74.5455
v 11.9080 -26.6178 74.5455
v 11.8925 -26.6286 74.5455
v 11.8846 -26.6342 74.5455
v 11.8687 -26.6453 74.5455
v 11.8606 -26.6510 74.5455
v 11.8442 -26.6624 74.5455
v 11.8276 -26.6741 74.5455
v 11.8191 -26.6800 74.5455
v 11.8020 -26.6920 74.5455
v 11.7846 -26.7042 74.5455
v 11.7757 -26.7104 74.5455
v 11.7487 -26.7293 74.5455
v 11.5250 -26.8860 74.5455
v 11.4332 -26.9502 74.5455
v 11.3925 -26.9787 74.5455
v 11.2713 -27.0636 74.5455
v 11.0713 -27.2036 74.5455
v 11.0311 -27.2318 74.5455
v 9.8835 -28.0353 74.5455
v 9.3872 -28.3829 74.5455
v 10.5047 -29.4578 74.5455
v 11.9579 -30.8556 74.5455
v 12.3278 -31.2115 74.5455
v 12.3549 -31.2375 74.5455
v 12.4092 -31.2898 74.5455
v 12.4366 -31.3161 74.5455
v 12.4640 -31.3424 74.5455
v 12.5190 -31.3954 74.5455
v 12.5466 -31.4220 74.5455
v 12.6022 -31.4754 74.5455
v 12.6301 -31.5022 74.5455
v 12.6862 -31.5562 74.5455
v 12.7144 -31.5833 74.5455
v 12.7710 -31.6378 74.5455
v 12.8280 -31.6926 74.5455
v 12.8567 -31.7201 74.5455
v 12.9142 -31.7755 74.5455
v 12.9721 -31.8312 74.5455
v 13.0012 -31.8592 74.5455
v 13.0761 -31.9312 74.5455
v 13.0891 -31.9438 74.5455
v 13.7617 -32.5907 74.5455
v 13.9755 -32.7963 74.5455
v 14.0192 -32.8383 74.5455
v 14.1181 -32.9335 74.5455
v 14.4207 -33.2246 74.5455
v 14.7249 -33.5172 74.5455
v 14.8769 -33.6633 74.5455
v 15.3680 -34.1358 74.5455
v 15.9339 -34.6801 74.5455
v 16.4431 -35.1698 74.5455
v 16.9103 -35.6193 74.5455
v 17.3471 -36.0394 74.5455
v 17.7623 -36.4388 74.5455
v 18.1635 -36.8247 74.5455
v 18.5572 -37.2034 74.5455
v 18.9496 -37.5808 74.5455
v 19.3467 -37.9628 74.5455
v 19.7548 -38.3553 74.5455
v 20.1809 -38.7652 74.5455
v 20.6271 -39.1944 74.5455
v 20.6333 -39.2004 74.5455
v 20.6447 -39.2113 74.5455
v 20.6799 -39.2452 74.5455
v 20.6976 -39.2623 74.5455
v 20.7154 -39.2794 74.5455
v 20.7511 -39.3137 74.5455
v 20.7691 -39.3310 74.5455
v 20.8051 -39.3657 74.5455
v 20.8233 -39.3831 74.5455
v 20.8597 -39.4181 74.5455
v 20.8780 -39.4357 74.5455
v 20.9148 -39.4711 74.5455
v 20.9518 -39.5067 74.5455
v 20.9704 -39.5246 74.5455
v 21.0078 -39.5606 74.5455
v 21.0455 -39.5969 74.5455
v 21.0644 -39.6151 74.5455
v 21.1216 -39.6701 74.5455
v 21.1223 -39.6707 74.5455
v 21.5599 -40.0916 74.5455
v 21.6608 -40.1887 74.5455
v 21.7357 -40.2608 74.5455
v 21.7927 -40.3155 74.5455
v 21.9906 -40.5060 74.5455
v 22.2665 -40.7713 74.5455
v 22.2895 -40.7935 74.5455
v 22.9642 -41.4425 74.5455
v 23.7902 -42.2369 74.5455
v 24.8002 -43.2084 74.5455
v 26.0854 -44.4446 74.5455
v 27.8064 -46.1000 74.5455
v 29.0163 -47.2639 74.5455
v 29.1437 -47.1747 74.5455
v 29.1480 -47.1717 74.5455
v 29.1568 -47.1655 74.5455
v 29.1612 -47.1625 74.5455
v 29.1655 -47.1594 74.5455
v 29.1743 -47.1532 74.5455
v 29.1788 -47.1501 74.5455
v 29.1876 -47.1440 74.5455
v 29.1920 -47.1409 74.5455
v 29.2009 -47.1346 74.5455
v 29.2053 -47.1315 74.5455
v 29.2142 -47.1253 74.5455
v 29.2232 -47.1190 74.5455
v 29.2276 -47.1159 74.5455
v 29.2366 -47.1096 74.5455
v 29.2456 -47.1033 74.5455
v 29.2501 -47.1002 74.5455
v 29.2637 -47.0907 74.5455
v 29.3651 -47.0196 74.5455
v 29.4095 -46.9886 74.5455
v 29.4172 -46.9832 74.5455
v 29.4606 -46.9528 74.5455
v 29.5244 -46.9081 74.5455
v 29.5397 -46.8974 74.5455
v 30.6547 -46.1167 74.5455
v 31.4803 -45.5386 74.5455
v 31.4858 -45.5347 74.5455
v 31.7528 -45.3477 78.2727
v 32.8509 -44.5788 78.2727
v 33.3191 -44.2510 78.2727
v 33.3820 -44.2070 78.2727
v 33.4248 -44.1770 78.2727
v 33.4446 -44.1631 78.2727
v 33.4764 -44.1409 78.2727
v 33.5771 -44.0704 78.2727
v 33.5906 -44.0609 78.2727
v 33.5951 -44.0578 78.2727
v 33.6041 -44.0515 78.2727
v 33.6130 -44.0452 78.2727
v 33.6175 -44.0421 78.2727
v 33.6264 -44.0359 78.2727
v 33.6353 -44.0296 78.2727
v 33.6397 -44.0265 78.2727
v 33.6486 -44.0203 78.2727
v 33.6530 -44.0172 78.2727
v 33.6618 -44.0111 78.2727
v 33.6662 -44.0080 78.2727
v 33.6750 -44.0018 78.2727
v 33.6794 -43.9987 78.2727
v 33.6838 -43.9957 78.2727
v 33.6926 -43.9895 78.2727
v 33.6969 -43.9865 78.2727
v 33.9660 -43.7981 78.2727
v 34.4893 -43.4316 78.2727
v 33.8095 -41.8966 78.2727
v 32.8426 -39.7132 78.2727
v 32.1205 -38.0827 78.2727
v 32.1100 -38.0591 78.2727
v 31.9434 -37.6830 78.2727
v 31.8336 -37.4349 78.2727
v 31.7950 -37.3477 78.2727
v 31.7049 -37.1443 78.2727
v 31.5530 -36.8013 78.2727
v 31.4640 -36.6004 78.2727
v 31.4327 -36.5298 78.2727
v 31.4224 -36.5064 78.2727
v 31.4018 -36.4599 78.2727
v 31.3814 -36.4138 78.2727
v 31.3712 -36.3908 78.2727
v 31.3510 -36.3452 78.2727
v 31.3309 -36.2999 78.2727
v 31.3210 -36.2774 78.2727
v 31.3011 -36.2326 78.2727
v 31.2912 -36.2103 78.2727
v 31.2716 -36.1659 78.2727
v 31.2618 -36.1439 78.2727
v 31.2424 -36.1000 78.2727
v 31.2328 -36.0782 78.2727
v 31.2231 -36.0565 78.2727
v 31.2040 -36.0132 78.2727
v 31.1945 -35.9917 78.2727
v 31.0889 -35.7535 78.2727
v 30.6969 -34.8683 78.2727
v 30.3566 -34.0998 78.2727
v 30.0540 -33.4166 78.2727
v 29.7793 -32.7963 78.2727
v 29.5251 -32.2223 78.2727
v 29.2857 -31.6817 78.2727
v 29.0564 -31.1639 78.2727
v 28.8333 -30.6602 78.2727
v 28.6128 -30.1624 78.2727
v 28.3916 -29.6628 78.2727
v 28.1662 -29.1539 78.2727
v 27.9329 -28.6271 78.2727
v 27.6875 -28.0730 78.2727
v 27.4906 -27.6283 78.2727
v 27.4250 -27.4802 78.2727
v 27.2627 -27.1137 78.2727
v 27.1389 -26.8343 78.2727
v 27.1125 -26.7747 78.2727
v 27.0672 -26.6724 78.2727
v 26.9368 -26.3778 78.2727
v 26.8210 -26.1163 78.2727
v 26.6081 -25.6358 78.2727
v 26.5655 -25.5395 78.2727
v 26.5514 -25.5076 78.2727
v 26.5233 -25.4443 78.2727
v 26.4955 -25.3814 78.2727
v 26.4817 -25.3501 78.2727
v 26.4596 -25.3004 78.2727
v 26.4541 -25.2880 78.2727
v 26.4268 -25.2263 78.2727
v 26.4132 -25.1956 78.2727
v 26.3862 -25.1346 78.2727
v 26.3727 -25.1042 78.2727
v 26.3460 -25.0439 78.2727
v 26.3327 -25.0138 78.2727
v 26.3063 -24.9541 78.2727
v 26.2931 -24.9244 78.2727
v 26.2800 -24.8948 78.2727
v 26.2539 -24.8360 78.2727
v 26.2410 -24.8067 78.2727
v 26.0386 -24.3497 78.2727
v 25.5332 -23.2086 78.2727
v 24.9050 -21.7899 78.2727
v 24.0885 -19.9463 78.2727
v 23.4606 -18.5286 78.2727
v 22.9642 -18.8761 78.2727
v 21.9829 -19.5633 78.2727
v 21.8167 -19.6797 78.2727
v 21.7901 -19.6983 78.2727
v 21.6732 -19.7801 78.2727
v 21.6430 -19.8012 78.2727
v 21.5455 -19.8696 78.2727
v 21.3297 -20.0206 78.2727
v 21.3037 -20.0388 78.2727
v 21.2952 -20.0448 78.2727
v 21.2784 -20.0566 78.2727
v 21.2619 -20.0681 78.2727
v 21.2537 -20.0738 78.2727
v 21.2377 -20.0851 78.2727
v 21.2219 -20.0961 78.2727
v 21.2141 -20.1016 78.2727
v 21.1987 -20.1124 78.2727
v 21.1911 -20.1177 78.2727
v 21.1761 -20.1282 78.2727
v 21.1687 -20.1333 78.2727
v 21.1541 -20.1436 78.2727
v 21.1469 -20.1486 78.2727
v 21.1398 -20.1536 78.2727
v 21.1256 -20.1635 78.2727
v 21.1186 -20.1684 78.2727
v 20.7795 -20.4059 78.2727
v 19.8236 -21.0752 78.2727
v 18.9267 -21.7032 78.2727
v 18.0709 -22.3025 78.2727
v 17.2411 -22.8835 78.2727
v 16.4239 -23.4557 78.2727
v 15.6067 -24.0279 78.2727
v 14.7769 -24.6090 78.2727
v 13.9211 -25.2082 78.2727
v 13.0242 -25.8362 78.2727
v 12.0683 -26.5055 78.2727
v 11.9677 -26.5760 78.2727
v 11.9604 -26.5811 78.2727
v 11.9458 -26.5913 78.2727
v 11.9384 -26.5965 78.2727
v 11.9309 -26.6018 78.2727
v 11.9157 -26.6124 78.2727
v 11.9080 -26.6178 78.2727
v 11.8925 -26.6286 78.2727
v 11.8846 -26.6342 78.2727
v 11.8687 -26.6453 78.2727
v 11.8606 -26.6510 78.2727
v 11.8442 -26.6624 78.2727
v 11.8276 -26.6741 78.2727
v 11.8191 -26.6800 78.2727
v 11.8020 -26.6920 78.2727
v 11.7846 -26.7042 78.2727
v 11.7757 -26.7104 78.2727
v 11.7487 -26.7293 78.2727
v 11.5250 -26.8860 78.2727
v 11.4332 -26.9502 78.2727
v 11.3925 -26.9787 78.2727
v 11.2713 -27.0636 78.2727
v 11.0713 -27.2036 78.2727
v 11.0311 -27.2318 78.2727
v 9.8835 -28.0353 78.2727
v 9.3872 -28.3829 78.2727
v 10.5047 -29.4578 78.2727
v 11.9579 -30.8556 78.2727
v 12.3278 -31.2115 78.2727
v 12.3549 -31.2375 78.2727
v 12.4092 -31.2898 78.2727
v 12.4366 -31.3161 78.2727
v 12.4640 -31.3424 78.2727
v 12.5190 -31.3954 78.2727
v 12.5466 -31.4220 78.2727
v 12.6022 -31.4754 78.2727
v 12.6301 -31.5022 78.2727
v 12.6862 -31.5562 78.2727
v 12.7144 -31.5833 78.2727
v 12.7710 -31.6378 78.2727
v 12.8280 -31.6926 78.2727
v 12.8567 -31.7201 78.2727
v 12.9142 -31.7755 78.2727
v 12.9721 -31.8312 78.2727
v 13.0012 -31.8592 78.2727
v 13.0761 -31.9312 78.2727
v 13.0891 -31.9438 78.2727
v 13.7617 -32.5907 78.2727
v 13.9755 -32.7963 78.2727
v 14.0192 -32.8383 78.2727
v 14.1181 -32.9335 78.2727
v 14.4207 -33.2246 78.2727
v 14.7249 -33.5172 78.2727
v 14.8769 -33.6633 78.2727
v 15.3680 -34.1358 78.2727
v 15.9339 -34.6801 78.2727
v 16.4431 -35.1698 78.2727
v 16.9103 -35.6193 78.2727
v 17.3471 -36.0394 78.2727
v 17.7623 -36.4388 78.2727
v 18.1635 -36.8247 78.2727
v 18.5572 -37.2034 78.2727
v 18.9496 -37.5808 78.2727
v 19.3467 -37.9628 78.2727
v 19.7548 -38.3553 78.2727
v 20.1809 -38.7652 78.2727
v 20.6271 -39.1944 78.2727
v 20.6333 -39.2004 78.2727
v 20.6447 -39.2113 78.2727
v 20.6799 -39.2452 78.2727
v 20.6976 -39.2623 78.2727
v 20.7154 -39.2794 78.2727
v 20.7511 -39.3137 78.2727
v 20.7691 -39.3310 78.2727
v 20.8051 -39.3657 78.2727
v 20.8233 -39.3831 78.2727
v 20.8597 -39.4181 78.2727
v 20.8780 -39.4357 78.2727
v 20.9148 -39.4711 78.2727
v 20.9518 -39.5067 78.2727
v 20.9704 -39.5246 78.2727
v 21.0078 -39.5606 78.2727
v 21.0455 -39.5969 78.2727
v 21.0644 -39.6151 78.2727
v 21.1216 -39.6701 78.2727
v 21.1223 -39.6707 78.2727
v 21.5599 -40.0916 78.2727
v 21.6608 -40.1887 78.2727
v 21.7357 -40.2608 78.2727
v 21.7927 -40.3155 78.2727
v 21.9906 -40.5060 78.2727
v 22.2665 -40.7713 78.2727
v 22.2895 -40.7935 78.2727
v 22.9642 -41.4425 78.2727
v 23.7902 -42.2369 78.2727
v 24.8002 -43.2084 78.2727
v 26.0854 -44.4446 78.2727
v 27.8064 -46.1000 78.2727
v 29.0163 -47.2639 78.2727
v 29.1437 -47.1747 78.2727
v 29.1480 -47.1717 78.2727
v 29.1568 -47.1655 78.2727
v 29.1612 -47.1625 78.2727
v 29.1655 -47.1594 78.2727
v 29.1743 -47.1532 78.2727
v 29.1788 -47.1501 78.2727
v 29.1876 -47.1440 78.2727
v 29.1920 -47.1409 78.2727
v 29.2009 -47.1346 78.2727
v 29.2053 -47.1315 78.2727
v 29.2142 -47.1253 78.2727
v 29.2232 -47.1190 78.2727
v 29.2276 -47.1159 78.2727
v 29.2366 -47.1096 78.2727
v 29.2456 -47.1033 78.2727
v 29.2501 -47.1002 78.2727
v 29.2637 -47.0907 78.2727
v 29.3651 -47.0196 78.2727
v 29.4095 -46.9886 78.2727
v 29.4172 -46.9832 78.2727
v 29.4606 -46.9528 78.2727
v 29.5244 -46.9081 78.2727
v 29.5397 -46.8974 78.2727
v 30.6547 -46.1167 78.2727
v 31.4803 -45.5386 78.2727
v 31.4858 -45.5347 78.2727
v 31.7528 -45.3477 82.0000
v 32.8509 -44.5788 82.0000
v 33.3191 -44.2510 82.0000
v 33.3820 -44.2070 82.0000
v 33.4248 -44.1770 82.0000
v 33.4446 -44.1631 82.0000
v 33.4764 -44.1409 82.0000
v 33.5771 -44.0704 82.0000
v 33.5906 -44.0609 82.0000
v 33.5951 -44.0578 82.0000
v 33.6041 -44.0515 82.0000
v 33.6130 -44.0452 82.0000
v 33.6175 -44.0421 82.0000
v 33.6264 -44.0359 82.0000
v 33.6353 -44.0296 82.0000
v 33.6397 -44.0265 82.0000
v 33.6486 -44.0203 82.0000
v 33.6530 -44.0172 82.0000
v 33.6618 -44.0111 82.0000
v 33.6662 -44.0080 82.0000
v 33.6750 -44.0018 82.0000
v 33.6794 -43.9987 82.0000
v 33.6838 -43.9957 82.0000
v 33.6926 -43.9895 82.0000
v 33.6969 -43.9865 82.0000
v 33.9660 -43.7981 82.0000
v 34.4893 -43.4316 82.0000
v 33.8095 -41.8966 82.0000
v 32.8426 -39.7132 82.0000
v 32.1205 -38.0827 82.0000
v 32.1100 -38.0591 82.0000
v 31.9434 -37.6830 82.0000
v 31.8336 -37.4349 82.0000
v 31.7950 -37.3477 82.0000
v 31.7049 -37.1443 82.0000
v 31.5530 -36.8013 82.0000
v 31.4640 -36.6004 82.0000
v 31.4327 -36.5298 82.0000
v 31.4224 -36.5064 82.0000
v 31.4018 -36.4599 82.0000
v 31.3814 -36.4138 82.0000
v 31.3712 -36.3908 82.0000
v 31.3510 -36.3452 82.0000
v 31.3309 -36.2999 82.0000
v 31.3210 -36.2774 82.0000
v 31.3011 -36.2326 82.0000
v 31.2912 -36.2103 82.0000
v 31.2716 -36.1659 82.0000
v 31.2618 -36.1439 82.0000
v 31.2424 -36.1000 82.0000
v 31.2328 -36.0782 82.0000
v 31.2231 -36.0565 82.0000
v 31.2040 -36.0132 82.0000
v 31.1945 -35.9917 82.0000
v 31.0889 -35.7535 82.0000
v 30.6969 -34.8683 82.0000
v 30.3566 -34.0998 82.0000
v 30.0540 -33.4166 82.0000
v 29.7793 -32.7963 82.0000
v 29.5251 -32.2223 82.0000
v 29.2857 -31.6817 82.0000
v 29.0564 -31.1639 82.0000
v 28.8333 -30.6602 82.0000
v 28.6128 -30.1624 82.0000
v 28.3916 -29.6628 82.0000
v 28.1662 -29.1539 82.0000
v 27.9329 -28.6271 82.0000
v 27.6875 -28.0730 82.0000
v 27.4906 -27.6283 82.0000
v 27.4250 -27.4802 82.0000
v 27.2627 -27.1137 82.0000
v 27.1389 -26.8343 82.0000
v 27.1125 -26.7747 82.0000
v 27.0672 -26.6724 82.0000
v 26.9368 -26.3778 82.0000
v 26.8210 -26.1163 82.0000
v 26.6081 -25.6358 82.0000
v 26.5655 -25.5395 82.0000
v 26.5514 -25.5076 82.0000
v 26.5233 -25.4443 82.0000
v 26.4955 -25.3814 82.0000
v 26.4817 -25.3501 82.0000
v 26.4596 -25.3004 82.0000
v 26.4541 -25.2880 82.0000
v 26.4268 -25.2263 82.0000
v 26.4132 -25.1956 82.0000
v 26.3862 -25.1346 82.0000
v 26.3727 -25.1042 82.0000
v 26.3460 -25.0439 82.0000
v 26.3327 -25.0138 82.0000
v 26.3063 -24.9541 82.0000
v 26.2931 -24.9244 82.0000
v 26.2800 -24.8948 82.0000
v 26.2539 -24.8360 82.0000
v 26.2410 -24.8067 82.0000
v 26.0386 -24.3497 82.0000
v 25.5332 -23.2086 82.0000
v 24.9050 -21.7899 82.0000
v 24.0885 -19.9463 82.0000
v 23.4606 -18.5286 82.0000
v 22.9642 -18.8761 82.0000
v 21.9829 -19.5633 82.0000
v 21.8167 -19.6797 82.0000
v 21.7901 -19.6983 82.0000
v 21.6732 -19.7801 82.0000
v 21.6430 -19.8012 82.0000
v 21.5455 -19.8696 82.0000
v 21.3297 -20.0206 82.0000
v 21.3037 -20.0388 82.0000
v 21.2952 -20.0448 82.0000
v 21.2784 -20.0566 82.0000
v 21.2619 -20.0681 82.0000
v 21.2537 -20.0738 82.0000
v 21.2377 -20.0851 82.0000
v 21.2219 -20.0961 82.0000
v 21.2141 -20.1016 82.0000
v 21.1987 -20.1124 82.0000
v 21.1911 -20.1177 82.0000
v 21.1761 -20.1282 82.0000
v 21.1687 -20.1333 82.0000
v 21.1541 -20.1436 82.0000
v 21.1469 -20.1486 82.0000
v 21.1398 -20.1536 82.0000
v 21.1256 -20.1635 82.0000
v 21.1186 -20.1684 82.0000
v 20.7795 -20.4059 82.0000
v 19.8236 -21.0752 82.0000
v 18.9267 -21.7032 82.0000
v 18.0709 -22.3025 82.0000
v 17.2411 -22.8835 82.0000
v 16.4239 -23.4557 82.0000
v 15.6067 -24.0279 82.0000
v 14.7769 -24.6090 82.0000
v 13.9211 -25.2082 82.0000
v 13.0242 -25.8362 82.0000
v 12.0683 -26.5055 82.0000
v 11.9677 -26.5760 82.0000
v 11.9604 -26.5811 82.0000
v 11.9458 -26.5913 82.0000
v 11.9384 -26.5965 82.0000
v 11.9309 -26.6018 82.0000
v 11.9157 -26.6124 82.0000
v 11.9080 -26.6178 82.0000
v 11.8925 -26.6286 82.0000
v 11.8846 -26.6342 82.0000
v 11.8687 -26.6453 82.0000
v 11.8606 -26.6510 82.0000
v 11.8442 -26.6624 82.0000
v 11.8276 -26.6741 82.0000
v 11.8191 -26.6800 82.0000
v 11.8020 -26.6920 82.0000
v 11.7846 -26.7042 82.0000
v 11.7757 -26.7104 82.0000
v 11.7487 -26.7293 82.0000
v 11.5250 -26.8860 82.0000
v 11.4332 -26.9502 82.0000
v 11.3925 -26.9787 82.0000
v 11.2713 -27.0636 82.0000
v 11.0713 -27.2036 82.0000
v 11.0311 -27.2318 82.0000
v 9.8835 -28.0353 82.0000
v 9.3872 -28.3829 82.0000
v 10.5047 -29.4578 82.0000
v 11.9579 -30.8556 82.0000
v 12.3278 -31.2115 82.0000
v 12.3549 -31.2375 82.0000
v 12.4092 -31.2898 82.0000
v 12.4366 -31.3161 82.0000
v 12.4640 -31.3424 82.0000
v 12.5190 -31.3954 82.0000
v 12.5466 -31.4220 82.0000
v 12.6022 -31.4754 82.0000
v 12.6301 -31.5022 82.0000
v 12.6862 -31.5562 82.0000
v 12.7144 -31.5833 82.0000
v 12.7710 -31.6378 82.0000
v 12.8280 -31.6926 82.0000
v 12.8567 -31.7201 82.0000
v 12.9142 -31.7755 82.0000
v 12.9721 -31.8312 82.0000
v 13.0012 -31.8592 82.0000
v 13.0761 -31.9312 82.0000
v 13.0891 -31.9438 82.0000
v 13.7617 -32.5907 82.0000
v 13.9755 -32.7963 82.0000
v 14.0192 -32.8383 82.0000
v 14.1181 -32.9335 82.0000
v 14.4207 -33.2246 82.0000
v 14.7249 -33.5172 82.0000
v 14.8769 -33.6633 82.0000
v 15.3680 -34.1358 82.0000
v 15.9339 -34.6801 82.0000
v 16.4431 -35.1698 82.0000
v 16.9103 -35.6193 82.0000
v 17.3471 -36.0394 82.0000
v 17.7623 -36.4388 82.0000
v 18.1635 -36.8247 82.0000
v 18.5572 -37.2034 82.0000
v 18.9496 -37.5808 82.0000
v 19.3467 -37.9628 82.0000
v 19.7548 -38.3553 82.0000
v 20.1809 -38.7652 82.0000
v 20.6271 -39.1944 82.0000
v 20.6333 -39.2004 82.0000
v 20.6447 -39.2113 82.0000
v 20.6799 -39.2452 82.0000
v 20.6976 -39.2623 82.0000
v 20.7154 -39.2794 82.0000
v 20.7511 -39.3137 82.0000
v 20.7691 -39.3310 82.0000
v 20.8051 -39.3657 82.0000
v 20.8233 -39.3831 82.0000
v 20.8597 -39.4181 82.0000
v 20.8780 -39.4357 82.0000
v 20.9148 -39.4711 82.0000
v 20.9518 -39.5067 82.0000
v 20.9704 -39.5246 82.0000
v 21.0078 -39.5606 82.0000
v 21.0455 -39.5969 82.0000
v 21.0644 -39.6151 82.0000
v 21.1216 -39.6701 82.0000
v 21.1223 -39.6707 82.0000
v 21.5599 -40.0916 82.0000
v 21.6608 -40.1887 82.0000
v 21.7357 -40.2608 82.0000
v 21.7927 -40.3155 82.0000
v 21.9906 -40.5060 82.0000
v 22.2665 -40.7713 82.0000
v 22.2895 -40.7935 82.0000
v 22.9642 -41.4425 82.0000
v 23.7902 -42.2369 82.0000
v 24.8002 -43.2084 82.0000
v 26.0854 -44.4446 82.0000
v 27.8064 -46.1000 82.0000
v 29.0163 -47.2639 82.0000
v 29.1437 -47.1747 82.0000
v 29.1480 -47.1717 82.0000
v 29.1568 -47.1655 82.0000
v 29.1612 -47.1625 82.0000
v 29.1655 -47.1594 82.0000
v 29.1743 -47.1532 82.0000
v 29.1788 -47.1501 82.0000
v 29.1876 -47.1440 82.0000
v 29.1920 -47.1409 82.0000
v 29.2009 -47.1346 82.0000
v 29.2053 -47.1315 82.0000
v 29.2142 -47.1253 82.0000
v 29.2232 -47.1190 82.0000
v 29.2276 -47.1159 82.0000
v 29.2366 -47.1096 82.0000
v 29.2456 -47.1033 82.0000
v 29.2501 -47.1002 82.0000
v 29.2637 -47.0907 82.0000
v 29.3651 -47.0196 82.0000
v 29.4095 -46.9886 82.0000
v 29.4172 -46.9832 82.0000
v 29.4606 -46.9528 82.0000
v 29.5244 -46.9081 82.0000
v 29.5397 -46.8974 82.0000
v 30.6547 -46.1167 82.0000
v 31.4803 -45.5386 82.0000
v 31.4858 -45.5347 82.0000
v -41.8874 68.8989 0.0000
v -43.4069 68.6478 0.0000
v -30.8153 50.6650 0.0000
v -40.3549 69.0519 0.0000
v -38.8158 69.1063 0.0000
v -37.2763 69.0619 0.0000
v -35.7429 68.9188 0.0000
v -34.2218 68.6775 0.0000
v -32.7193 68.3392 0.0000
v -31.2416 67.9051 0.0000
v -29.7949 67.3771 0.0000
v -28.3849 66.7574 0.0000
v -27.0177 66.0484 0.0000
v -25.6988 65.2532 0.0000
v -24.4336 64.3750 0.0000
v -23.2274 63.4175 0.0000
v -22.0851 62.3845 0.0000
v -21.0114 61.2803 0.0000
v -20.0108 60.1095 0.0000
v -19.0874 58.8770 0.0000
v -18.2450 57.5877 0.0000
v -17.4870 56.2470 0.0000
v -16.8167 54.8604 0.0000
v -16.2367 53.4337 0.0000
v -15.7494 51.9727 0.0000
v -15.3569 50.4835 0.0000
v -15.0607 48.9721 0.0000
v -14.8622 47.4449 0.0000
v -14.7620 45.9080 0.0000
v -14.7607 44.3679 0.0000
v -14.8582 42.8309 0.0000
v -15.0542 41.3033 0.0000
v -15.3477 39.7914 0.0000
v -15.7377 38.3015 0.0000
v -16.2224 36.8397 0.0000
v -16.8000 35.4120 0.0000
v -17.4680 34.0243 0.0000
v -18.2236 32.6823 0.0000
v -19.7431 32.4312 0.0000
v -21.2756 32.2781 0.0000
v -22.8147 32.2237 0.0000
v -24.3542 32.2682 0.0000
v -25.8876 32.4113 0.0000
v -27.4087 32.6526 0.0000
v -28.9112 32.9909 0.0000
v -30.3889 33.4250 0.0000
v -31.8357 33.9530 0.0000
v -33.2456 34.5727 0.0000
v -34.6128 35.2816 0.0000
v -35.9317 36.0768 0.0000
v -37.1969 36.9550 0.0000
v -38.4032 37.9126 0.0000
v -39.5455 38.9456 0.0000
v -40.6191 40.0497 0.0000
v -41.6197 41.2205 0.0000
v -42.5431 42.4531 0.0000
v -43.3855 43.7424 0.0000
v -44.1435 45.0831 0.0000
v -44.8138 46.4696 0.0000
v -45.3939 47.8963 0.0000
v -45.8811 49.3573 0.0000
v -46.2736 50.8466 0.0000
v -46.5698 52.3579 0.0000
v -46.7683 53.8852 0.0000
v -46.8685 55.4220 0.0000
v -46.8698 56.9621 0.0000
v -46.7723 58.4992 0.0000
v -46.5763 60.0267 0.0000
v -46.2828 61.5386 0.0000
v -45.8928 63.0285 0.0000
v -45.4081 64.4904 0.0000
v -44.8305 65.9181 0.0000
v -44.1625 67.3058 0.0000
v -42.0719 69.2027 3.9000
v -43.6168 68.9475 3.9000
v -40.5139 69.3584 3.9000
v -38.9491 69.4137 3.9000
v -37.3840 69.3685 3.9000
v -35.8250 69.2230 3.9000
v -34.2786 68.9777 3.9000
v -32.7510 68.6337 3.9000
v -31.2487 68.1924 3.9000
v -29.7779 67.6556 3.9000
v -28.3444 67.0256 3.9000
v -26.9544 66.3048 3.9000
v -25.6135 65.4964 3.9000
v -24.3272 64.6035 3.9000
v -23.1009 63.6300 3.9000
v -21.9396 62.5798 3.9000
v -20.8480 61.4572 3.9000
v -19.8307 60.2670 3.9000
v -18.8919 59.0138 3.9000
v -18.0355 57.7031 3.9000
v -17.2649 56.3400 3.9000
v -16.5834 54.9304 3.9000
v -15.9937 53.4799 3.9000
v -15.4983 51.9945 3.9000
v -15.0992 50.4805 3.9000
v -14.7982 48.9439 3.9000
v -14.5963 47.3912 3.9000
v -14.4945 45.8287 3.9000
v -14.4932 44.2630 3.9000
v -14.5923 42.7003 3.9000
v -14.7915 41.1473 3.9000
v -15.0899 39.6102 3.9000
v -15.4864 38.0955 3.9000
v -15.9792 36.6093 3.9000
v -16.5664 35.1578 3.9000
v -17.2455 33.7469 3.9000
v -18.0138 32.3826 3.9000
v -19.5586 32.1273 3.9000
v -21.1166 31.9717 3.9000
v -22.6814 31.9164 3.9000
v -24.2465 31.9616 3.9000
v -25.8055 32.1071 3.9000
v -27.3520 32.3523 3.9000
v -28.8795 32.6963 3.9000
v -30.3818 33.1376 3.9000
v -31.8527 33.6744 3.9000
v -33.2861 34.3045 3.9000
v -34.6761 35.0252 3.9000
v -36.0170 35.8337 3.9000
v -37.3033 36.7265 3.9000
v -38.5296 37.7000 3.9000
v -39.6910 38.7502 3.9000
v -40.7825 39.8728 3.9000
v -41.7998 41.0631 3.9000
v -42.7386 42.3162 3.9000
v -43.5950 43.6270 3.9000
v -44.3656 44.9900 3.9000
v -45.0472 46.3997 3.9000
v -45.6368 47.8502 3.9000
v -46.1322 49.3355 3.9000
v -46.5313 50.8496 3.9000
v -46.8323 52.3862 3.9000
v -47.0342 53.9389 3.9000
v -47.1360 55.5013 3.9000
v -47.1374 57.0671 3.9000
v -47.0382 58.6297 3.9000
v -46.8390 60.1828 3.9000
v -46.5406 61.7198 3.9000
v -46.1441 63.2346 3.9000
v -45.6513 64.7208 3.9000
v -45.0641 66.1723 3.9000
v -44.3850 67.5831 3.9000
v -42.2380 69.4763 7.8000
v -43.8056 69.2172 7.8000
v -40.6570 69.6342 7.8000
v -39.0691 69.6903 7.8000
v -37.4809 69.6445 7.8000
v -35.8989 69.4968 7.8000
v -34.3297 69.2479 7.8000
v -32.7796 68.8988 7.8000
v -31.2551 68.4510 7.8000
v -29.7625 67.9063 7.8000
v -28.3080 67.2670 7.8000
v -26.8975 66.5356 7.8000
v -25.5368 65.7152 7.8000
v -24.2315 64.8092 7.8000
v -22.9871 63.8213 7.8000
v -21.8086 62.7556 7.8000
v -20.7009 61.6165 7.8000
v -19.6687 60.4086 7.8000
v -18.7160 59.1370 7.8000
v -17.8469 57.8069 7.8000
v -17.0650 56.4238 7.8000
v -16.3734 54.9933 7.8000
v -15.7750 53.5214 7.8000
v -15.2723 52.0141 7.8000
v -14.8674 50.4777 7.8000
v -14.5618 48.9185 7.8000
v -14.3570 47.3429 7.8000
v -14.2537 45.7574 7.8000
v -14.2523 44.1685 7.8000
v -14.3529 42.5828 7.8000
v -14.5551 41.0069 7.8000
v -14.8579 39.4471 7.8000
v -15.2602 37.9100 7.8000
v -15.7603 36.4019 7.8000
v -16.3562 34.9290 7.8000
v -17.0453 33.4973 7.8000
v -17.8249 32.1129 7.8000
v -19.3925 31.8538 7.8000
v -20.9735 31.6959 7.8000
v -22.5614 31.6397 7.8000
v -24.1496 31.6856 7.8000
v -25.7316 31.8333 7.8000
v -27.3009 32.0822 7.8000
v -28.8509 32.4312 7.8000
v -30.3754 32.8790 7.8000
v -31.8680 33.4237 7.8000
v -33.3225 34.0631 7.8000
v -34.7331 34.7945 7.8000
v -36.0938 35.6149 7.8000
v -37.3990 36.5209 7.8000
v -38.6434 37.5088 7.8000
v -39.8219 38.5745 7.8000
v -40.9296 39.7136 7.8000
v -41.9619 40.9214 7.8000
v -42.9145 42.1930 7.8000
v -43.7836 43.5232 7.8000
v -44.5655 44.9063 7.8000
v -45.2571 46.3368 7.8000
v -45.8555 47.8087 7.8000
v -46.3582 49.3159 7.8000
v -46.7631 50.8523 7.8000
v -47.0687 52.4115 7.8000
v -47.2735 53.9872 7.8000
v -47.3768 55.5727 7.8000
v -47.3782 57.1616 7.8000
v -47.2776 58.7472 7.8000
v -47.0754 60.3232 7.8000
v -46.7726 61.8829 7.8000
v -46.3703 63.4200 7.8000
v -45.8702 64.9282 7.8000
v -45.2743 66.4011 7.8000
v -44.5852 67.8327 7.8000
v -42.3856 69.7194 11.7000
v -43.9735 69.4570 11.7000
v -40.7842 69.8793 11.7000
v -39.1758 69.9362 11.7000
v -37.5671 69.8898 11.7000
v -35.9646 69.7402 11.7000
v -34.3751 69.4881 11.7000
v -32.8050 69.1345 11.7000
v -31.2608 68.6809 11.7000
v -29.7489 68.1291 11.7000
v -28.2756 67.4815 11.7000
v -26.8468 66.7407 11.7000
v -25.4685 65.9097 11.7000
v -24.1464 64.9920 11.7000
v -22.8859 63.9913 11.7000
v -21.6922 62.9119 11.7000
v -20.5702 61.7580 11.7000
v -19.5246 60.5345 11.7000
v -18.5596 59.2465 11.7000
v -17.6793 57.8992 11.7000
v -16.8873 56.4982 11.7000
v -16.1867 55.0492 11.7000
v -15.5806 53.5583 11.7000
v -15.0714 52.0316 11.7000
v -14.6613 50.4753 11.7000
v -14.3518 48.8959 11.7000
v -14.1443 47.3000 11.7000
v -14.0397 45.6940 11.7000
v -14.0383 44.0846 11.7000
v -14.1402 42.4784 11.7000
v -14.3449 40.8820 11.7000
v -14.6517 39.3021 11.7000
v -15.0592 37.7452 11.7000
v -15.5657 36.2176 11.7000
v -16.1693 34.7256 11.7000
v -16.8673 33.2755 11.7000
v -17.6570 31.8731 11.7000
v -19.2449 31.6107 11.7000
v -20.8463 31.4507 11.7000
v -22.4547 31.3939 11.7000
v -24.0635 31.4403 11.7000
v -25.6659 31.5899 11.7000
v -27.2554 31.8420 11.7000
v -28.8255 32.1956 11.7000
v -30.3697 32.6492 11.7000
v -31.8816 33.2009 11.7000
v -33.3549 33.8485 11.7000
v -34.7837 34.5894 11.7000
v -36.1620 35.4204 11.7000
v -37.4841 36.3381 11.7000
v -38.7446 37.3387 11.7000
v -39.9383 38.4182 11.7000
v -41.0603 39.5720 11.7000
v -42.1059 40.7955 11.7000
v -43.0709 42.0836 11.7000
v -43.9512 43.4309 11.7000
v -44.7433 44.8319 11.7000
v -45.4438 46.2808 11.7000
v -46.0499 47.7717 11.7000
v -46.5591 49.2985 11.7000
v -46.9693 50.8547 11.7000
v -47.2787 52.4341 11.7000
v -47.4862 54.0301 11.7000
v -47.5909 55.6361 11.7000
v -47.5922 57.2455 11.7000
v -47.4903 58.8517 11.7000
v -47.2856 60.4480 11.7000
v -46.9788 62.0279 11.7000
v -46.5713 63.5849 11.7000
v -46.0648 65.1125 11.7000
v -45.4612 66.6045 11.7000
v -44.7632 68.0546 11.7000
v -42.5148 69.9321 15.6000
v -44.1204 69.6668 15.6000
v -40.8955 70.0938 15.6000
v -39.2691 70.1514 15.6000
v -37.6424 70.1044 15.6000
v -36.0221 69.9531 15.6000
v -34.4148 69.6982 15.6000
v -32.8272 69.3407 15.6000
v -31.2658 68.8820 15.6000
v -29.7370 68.3241 15.6000
v -28.2472 67.6693 15.6000
v -26.8025 66.9202 15.6000
v -25.4088 66.0799 15.6000
v -24.0720 65.1520 15.6000
v -22.7974 64.1401 15.6000
v -21.5903 63.0486 15.6000
v -20.4558 61.8819 15.6000
v -19.3985 60.6447 15.6000
v -18.4228 59.3423 15.6000
v -17.5327 57.9800 15.6000
v -16.7318 56.5633 15.6000
v -16.0234 55.0982 15.6000
v -15.4105 53.5906 15.6000
v -14.8957 52.0468 15.6000
v -14.4809 50.4732 15.6000
v -14.1680 48.8762 15.6000
v -13.9582 47.2624 15.6000
v -13.8524 45.6385 15.6000
v -13.8510 44.0111 15.6000
v -13.9540 42.3870 15.6000
v -14.1610 40.7728 15.6000
v -14.4712 39.1753 15.6000
v -14.8833 37.6009 15.6000
v -15.3955 36.0563 15.6000
v -16.0058 34.5477 15.6000
v -16.7116 33.0813 15.6000
v -17.5101 31.6633 15.6000
v -19.1157 31.3980 15.6000
v -20.7350 31.2362 15.6000
v -22.3614 31.1787 15.6000
v -23.9881 31.2257 15.6000
v -25.6084 31.3769 15.6000
v -27.2157 31.6318 15.6000
v -28.8033 31.9894 15.6000
v -30.3647 32.4480 15.6000
v -31.8935 33.0059 15.6000
v -33.3833 33.6608 15.6000
v -34.8280 34.4099 15.6000
v -36.2217 35.2502 15.6000
v -37.5586 36.1781 15.6000
v -38.8331 37.1899 15.6000
v -40.0402 38.2815 15.6000
v -41.1747 39.4482 15.6000
v -42.2320 40.6853 15.6000
v -43.2077 41.9877 15.6000
v -44.0979 43.3501 15.6000
v -44.8988 44.7668 15.6000
v -45.6071 46.2319 15.6000
v -46.2200 47.7394 15.6000
v -46.7348 49.2832 15.6000
v -47.1496 50.8569 15.6000
v -47.4625 52.4539 15.6000
v -47.6723 54.0677 15.6000
v -47.7781 55.6916 15.6000
v -47.7795 57.3190 15.6000
v -47.6765 58.9431 15.6000
v -47.4695 60.5572 15.6000
v -47.1593 62.1548 15.6000
v -46.7472 63.7291 15.6000
v -46.2350 65.2738 15.6000
v -45.6247 66.7824 15.6000
v -44.9189 68.2488 15.6000
v -42.6255 70.1144 19.5000
v -44.2463 69.8466 19.5000
v -40.9909 70.2777 19.5000
v -39.3491 70.3358 19.5000
v -37.7071 70.2884 19.5000
v -36.0714 70.1357 19.5000
v -34.4489 69.8783 19.5000
v -32.8462 69.5174 19.5000
v -31.2701 69.0544 19.5000
v -29.7268 68.4912 19.5000
v -28.2229 67.8302 19.5000
v -26.7645 67.0740 19.5000
v -25.3577 66.2258 19.5000
v -24.0081 65.2891 19.5000
v -22.7215 64.2676 19.5000
v -21.5030 63.1658 19.5000
v -20.3578 61.9880 19.5000
v -19.2905 60.7392 19.5000
v -18.3055 59.4244 19.5000
v -17.4070 58.0492 19.5000
v -16.5985 56.6191 19.5000
v -15.8834 55.1401 19.5000
v -15.2648 53.6183 19.5000
v -14.7450 52.0599 19.5000
v -14.3263 50.4714 19.5000
v -14.0104 48.8593 19.5000
v -13.7987 47.2302 19.5000
v -13.6918 45.5909 19.5000
v -13.6904 43.9481 19.5000
v -13.7944 42.3086 19.5000
v -14.0034 40.6792 19.5000
v -14.3165 39.0665 19.5000
v -14.7325 37.4773 19.5000
v -15.2496 35.9180 19.5000
v -15.8656 34.3951 19.5000
v -16.5781 32.9149 19.5000
v -17.3842 31.4835 19.5000
v -19.0050 31.2156 19.5000
v -20.6396 31.0523 19.5000
v -22.2814 30.9943 19.5000
v -23.9235 31.0417 19.5000
v -25.5591 31.1944 19.5000
v -27.1816 31.4517 19.5000
v -28.7843 31.8126 19.5000
v -30.3605 32.2756 19.5000
v -31.9037 32.8388 19.5000
v -33.4076 33.4999 19.5000
v -34.8660 34.2561 19.5000
v -36.2728 35.1043 19.5000
v -37.6224 36.0410 19.5000
v -38.9090 37.0624 19.5000
v -40.1275 38.1643 19.5000
v -41.2727 39.3420 19.5000
v -42.3400 40.5909 19.5000
v -43.3250 41.9056 19.5000
v -44.2236 43.2809 19.5000
v -45.0320 44.7109 19.5000
v -45.7471 46.1899 19.5000
v -46.3658 47.7118 19.5000
v -46.8855 49.2701 19.5000
v -47.3042 50.8587 19.5000
v -47.6201 52.4708 19.5000
v -47.8319 54.0999 19.5000
v -47.9387 55.7392 19.5000
v -47.9401 57.3819 19.5000
v -47.8361 59.0214 19.5000
v -47.6271 60.6509 19.5000
v -47.3140 62.2635 19.5000
v -46.8980 63.8528 19.5000
v -46.3809 65.4121 19.5000
v -45.7649 66.9349 19.5000
v -45.0524 68.4152 19.5000
v -42.7178 70.2664 23.4000
v -44.3513 69.9965 23.4000
v -41.0704 70.4309 23.4000
v -39.4158 70.4894 23.4000
v -37.7609 70.4417 23.4000
v -36.1124 70.2878 23.4000
v -34.4773 70.0284 23.4000
v -32.8621 69.6647 23.4000
v -31.2736 69.1981 23.4000
v -29.7183 68.6305 23.4000
v -28.2027 67.9643 23.4000
v -26.7329 67.2022 23.4000
v -25.3150 66.3474 23.4000
v -23.9550 65.4033 23.4000
v -22.6583 64.3739 23.4000
v -21.4303 63.2634 23.4000
v -20.2761 62.0765 23.4000
v -19.2005 60.8179 23.4000
v -18.2078 59.4929 23.4000
v -17.3022 58.1069 23.4000
v -16.4874 56.6656 23.4000
v -15.7668 55.1751 23.4000
v -15.1433 53.6414 23.4000
v -14.6195 52.0708 23.4000
v -14.1975 50.4699 23.4000
v -13.8792 48.8452 23.4000
v -13.6657 47.2034 23.4000
v -13.5581 45.5512 23.4000
v -13.5566 43.8956 23.4000
v -13.6615 42.2433 23.4000
v -13.8721 40.6012 23.4000
v -14.1876 38.9759 23.4000
v -14.6069 37.3743 23.4000
v -15.1280 35.8028 23.4000
v -15.7488 34.2680 23.4000
v -16.4669 32.7762 23.4000
v -17.2792 31.3336 23.4000
v -18.9127 31.0637 23.4000
v -20.5601 30.8991 23.4000
v -22.2147 30.8406 23.4000
v -23.8696 30.8884 23.4000
v -25.5181 31.0423 23.4000
v -27.1532 31.3016 23.4000
v -28.7684 31.6653 23.4000
v -30.3569 32.1320 23.4000
v -31.9122 32.6996 23.4000
v -33.4278 33.3658 23.4000
v -34.8976 34.1279 23.4000
v -36.3155 34.9827 23.4000
v -37.6755 35.9268 23.4000
v -38.9722 36.9561 23.4000
v -40.2002 38.0666 23.4000
v -41.3544 39.2536 23.4000
v -42.4300 40.5122 23.4000
v -43.4227 41.8372 23.4000
v -44.3283 43.2232 23.4000
v -45.1431 44.6644 23.4000
v -45.8637 46.1550 23.4000
v -46.4872 47.6887 23.4000
v -47.0111 49.2592 23.4000
v -47.4330 50.8602 23.4000
v -47.7514 52.4849 23.4000
v -47.9648 54.1267 23.4000
v -48.0725 55.7788 23.4000
v -48.0739 57.4344 23.4000
v -47.9691 59.0867 23.4000
v -47.7584 60.7289 23.4000
v -47.4429 62.3541 23.4000
v -47.0237 63.9558 23.4000
v -46.5025 65.5273 23.4000
v -45.8817 67.0620 23.4000
v -45.1636 68.5538 23.4000
v -42.7916 70.3879 27.3000
v -44.4352 70.1163 27.3000
v -41.1340 70.5535 27.3000
v -39.4692 70.6124 27.3000
v -37.8040 70.5643 27.3000
v -36.1453 70.4095 27.3000
v -34.5000 70.1485 27.3000
v -32.8748 69.7825 27.3000
v -31.2765 69.3130 27.3000
v -29.7115 68.7419 27.3000
v -28.1865 68.0716 27.3000
v -26.7076 67.3048 27.3000
v -25.2809 66.4446 27.3000
v -23.9124 65.4947 27.3000
v -22.6077 64.4589 27.3000
v -21.3721 63.3416 27.3000
v -20.2107 62.1472 27.3000
v -19.1284 60.8808 27.3000
v -18.1296 59.5476 27.3000
v -17.2184 58.1530 27.3000
v -16.3986 56.7029 27.3000
v -15.6734 55.2031 27.3000
v -15.0461 53.6598 27.3000
v -14.5190 52.0795 27.3000
v -14.0944 50.4687 27.3000
v -13.7741 48.8339 27.3000
v -13.5594 47.1819 27.3000
v -13.4510 45.5195 27.3000
v -13.4496 43.8537 27.3000
v -13.5551 42.1911 27.3000
v -13.7670 40.5388 27.3000
v -14.0845 38.9034 27.3000
v -14.5063 37.2918 27.3000
v -15.0307 35.7106 27.3000
v -15.6554 34.1663 27.3000
v -16.3779 32.6653 27.3000
v -17.1953 31.2137 27.3000
v -18.8389 30.9421 27.3000
v -20.4965 30.7765 27.3000
v -22.1614 30.7177 27.3000
v -23.8265 30.7658 27.3000
v -25.4852 30.9206 27.3000
v -27.1305 31.1815 27.3000
v -28.7557 31.5475 27.3000
v -30.3541 32.0170 27.3000
v -31.9190 32.5881 27.3000
v -33.4440 33.2585 27.3000
v -34.9229 34.0253 27.3000
v -36.3496 34.8855 27.3000
v -37.7181 35.8354 27.3000
v -39.0228 36.8711 27.3000
v -40.2584 37.9885 27.3000
v -41.4198 39.1828 27.3000
v -42.5021 40.4492 27.3000
v -43.5009 41.7824 27.3000
v -44.4121 43.1770 27.3000
v -45.2320 44.6272 27.3000
v -45.9571 46.1270 27.3000
v -46.5844 47.6702 27.3000
v -47.1115 49.2505 27.3000
v -47.5361 50.8614 27.3000
v -47.8564 52.4962 27.3000
v -48.0712 54.1482 27.3000
v -48.1795 55.8105 27.3000
v -48.1809 57.4764 27.3000
v -48.0754 59.1389 27.3000
v -47.8635 60.7913 27.3000
v -47.5460 62.4266 27.3000
v -47.1242 64.0382 27.3000
v -46.5998 65.6194 27.3000
v -45.9751 67.1637 27.3000
v -45.2526 68.6648 27.3000
v -42.8470 70.4791 31.2000
v -44.4982 70.2063 31.2000
v -41.1817 70.6455 31.2000
v -39.5092 70.7046 31.2000
v -37.8363 70.6563 31.2000
v -36.1699 70.5007 31.2000
v -34.5170 70.2386 31.2000
v -32.8843 69.8709 31.2000
v -31.2786 69.3992 31.2000
v -29.7064 68.8255 31.2000
v -28.1743 68.1520 31.2000
v -26.6886 67.3817 31.2000
v -25.2553 66.5176 31.2000
v -23.8805 65.5633 31.2000
v -22.5697 64.5227 31.2000
v -21.3284 63.4002 31.2000
v -20.1617 62.2003 31.2000
v -19.0744 60.9281 31.2000
v -18.0710 59.5887 31.2000
v -17.1555 58.1876 31.2000
v -16.3319 56.7308 31.2000
v -15.6035 55.2240 31.2000
v -14.9732 53.6737 31.2000
v -14.4437 52.0861 31.2000
v -14.0172 50.4678 31.2000
v -13.6954 48.8254 31.2000
v -13.4796 47.1658 31.2000
v -13.3708 45.4958 31.2000
v -13.3693 43.8222 31.2000
v -13.4753 42.1519 31.2000
v -13.6882 40.4920 31.2000
v -14.0072 38.8491 31.2000
v -14.4309 37.2300 31.2000
v -14.9577 35.6415 31.2000
v -15.5853 34.0901 31.2000
v -16.3112 32.5821 31.2000
v -17.1323 31.1238 31.2000
v -18.7835 30.8509 31.2000
v -20.4488 30.6846 31.2000
v -22.1214 30.6255 31.2000
v -23.7942 30.6738 31.2000
v -25.4606 30.8293 31.2000
v -27.1135 31.0915 31.2000
v -28.7462 31.4591 31.2000
v -30.3519 31.9308 31.2000
v -31.9241 32.5046 31.2000
v -33.4562 33.1780 31.2000
v -34.9419 33.9484 31.2000
v -36.3752 34.8125 31.2000
v -37.7500 35.7668 31.2000
v -39.0608 36.8074 31.2000
v -40.3021 37.9299 31.2000
v -41.4688 39.1297 31.2000
v -42.5561 40.4020 31.2000
v -43.5595 41.7414 31.2000
v -44.4750 43.1424 31.2000
v -45.2986 44.5993 31.2000
v -46.0271 46.1060 31.2000
v -46.6573 47.6564 31.2000
v -47.1868 49.2440 31.2000
v -47.6134 50.8623 31.2000
v -47.9352 52.5047 31.2000
v -48.1509 54.1643 31.2000
v -48.2597 55.8343 31.2000
v -48.2612 57.5079 31.2000
v -48.1552 59.1781 31.2000
v -47.9423 60.8381 31.2000
v -47.6233 62.4810 31.2000
v -47.1996 64.1000 31.2000
v -46.6728 65.6886 31.2000
v -46.0452 67.2400 31.2000
v -45.3193 68.7480 31.2000
v -42.8839 70.5399 35.1000
v -44.5401 70.2662 35.1000
v -41.2135 70.7067 35.1000
v -39.5358 70.7661 35.1000
v -37.8578 70.7176 35.1000
v -36.1864 70.5616 35.1000
v -34.5284 70.2986 35.1000
v -32.8907 69.9298 35.1000
v -31.2800 69.4567 35.1000
v -29.7030 68.8812 35.1000
v -28.1662 68.2057 35.1000
v -26.6759 67.4329 35.1000
v -25.2383 66.5662 35.1000
v -23.8592 65.6090 35.1000
v -22.5444 64.5652 35.1000
v -21.2993 63.4392 35.1000
v -20.1290 62.2357 35.1000
v -19.0384 60.9596 35.1000
v -18.0319 59.6160 35.1000
v -17.1136 58.2107 35.1000
v -16.2875 56.7494 35.1000
v -15.5568 55.2380 35.1000
v -14.9246 53.6829 35.1000
v -14.3935 52.0904 35.1000
v -13.9656 50.4671 35.1000
v -13.6428 48.8198 35.1000
v -13.4264 47.1551 35.1000
v -13.3173 45.4799 35.1000
v -13.3158 43.8012 35.1000
v -13.4221 42.1258 35.1000
v -13.6357 40.4608 35.1000
v -13.9556 38.8128 35.1000
v -14.3807 37.1888 35.1000
v -14.9091 35.5954 35.1000
v -15.5386 34.0392 35.1000
v -16.2667 32.5266 35.1000
v -17.0904 31.0639 35.1000
v -18.7466 30.7902 35.1000
v -20.4170 30.6233 35.1000
v -22.0947 30.5640 35.1000
v -23.7727 30.6124 35.1000
v -25.4442 30.7685 35.1000
v -27.1021 31.0314 35.1000
v -28.7398 31.4002 35.1000
v -30.3505 31.8734 35.1000
v -31.9275 32.4489 35.1000
v -33.4643 33.1244 35.1000
v -34.9546 33.8971 35.1000
v -36.3922 34.7639 35.1000
v -37.7713 35.7211 35.1000
v -39.0861 36.7649 35.1000
v -40.3312 37.8908 35.1000
v -41.5015 39.0944 35.1000
v -42.5921 40.3705 35.1000
v -43.5986 41.7140 35.1000
v -44.5169 43.1193 35.1000
v -45.3430 44.5807 35.1000
v -46.0737 46.0920 35.1000
v -46.7059 47.6472 35.1000
v -47.2370 49.2396 35.1000
v -47.6649 50.8629 35.1000
v -47.9877 52.5103 35.1000
v -48.2041 54.1750 35.1000
v -48.3133 55.8502 35.1000
v -48.3147 57.5289 35.1000
v -48.2084 59.2042 35.1000
v -47.9948 60.8693 35.1000
v -47.6749 62.5172 35.1000
v -47.2498 64.1413 35.1000
v -46.7214 65.7346 35.1000
v -46.0919 67.2908 35.1000
v -45.3638 68.8034 35.1000
v -42.9023 70.5703 39.0000
v -44.5611 70.2962 39.0000
v -41.2294 70.7374 39.0000
v -39.5492 70.7968 39.0000
v -37.8686 70.7483 39.0000
v -36.1946 70.5920 39.0000
v -34.5340 70.3287 39.0000
v -32.8938 69.9593 39.0000
v -31.2807 69.4854 39.0000
v -29.7013 68.9090 39.0000
v -28.1622 68.2325 39.0000
v -26.6696 67.4586 39.0000
v -25.2298 66.5905 39.0000
v -23.8486 65.6318 39.0000
v -22.5318 64.5865 39.0000
v -21.2848 63.4588 39.0000
v -20.1127 62.2534 39.0000
v -19.0204 60.9753 39.0000
v -18.0123 59.6297 39.0000
v -17.0927 58.2223 39.0000
v -16.2653 56.7587 39.0000
v -15.5335 55.2450 39.0000
v -14.9003 53.6875 39.0000
v -14.3684 52.0926 39.0000
v -13.9399 50.4668 39.0000
v -13.6166 48.8169 39.0000
v -13.3998 47.1497 39.0000
v -13.2905 45.4720 39.0000
v -13.2891 43.7907 39.0000
v -13.3955 42.1128 39.0000
v -13.6094 40.4452 39.0000
v -13.9299 38.7947 39.0000
v -14.3556 37.1682 39.0000
v -14.8847 35.5724 39.0000
v -15.5153 34.0138 39.0000
v -16.2445 32.4989 39.0000
v -17.0694 31.0339 39.0000
v -18.7282 30.7598 39.0000
v -20.4011 30.5927 39.0000
v -22.0814 30.5333 39.0000
v -23.7619 30.5818 39.0000
v -25.4359 30.7381 39.0000
v -27.0965 31.0014 39.0000
v -28.7367 31.3708 39.0000
v -30.3498 31.8446 39.0000
v -31.9292 32.4210 39.0000
v -33.4683 33.0976 39.0000
v -34.9609 33.8715 39.0000
v -36.4007 34.7396 39.0000
v -37.7819 35.6983 39.0000
v -39.0987 36.7436 39.0000
v -40.3457 37.8713 39.0000
v -41.5178 39.0767 39.0000
v -42.6101 40.3548 39.0000
v -43.6182 41.7003 39.0000
v -44.5378 43.1078 39.0000
v -45.3652 44.5714 39.0000
v -46.0971 46.0850 39.0000
v -46.7302 47.6425 39.0000
v -47.2622 49.2375 39.0000
v -47.6906 50.8632 39.0000
v -48.0139 52.5131 39.0000
v -48.2307 54.1804 39.0000
v -48.3400 55.8581 39.0000
v -48.3414 57.5394 39.0000
v -48.2350 59.2173 39.0000
v -48.0211 60.8849 39.0000
v -47.7007 62.5354 39.0000
v -47.2750 64.1619 39.0000
v -46.7458 65.7577 39.0000
v -46.1153 67.3163 39.0000
v -45.3860 68.8312 39.0000
v -42.9023 70.5703 42.9000
v -44.5611 70.2962 42.9000
v -41.2294 70.7374 42.9000
v -39.5492 70.7968 42.9000
v -37.8686 70.7483 42.9000
v -36.1946 70.5920 42.9000
v -34.5340 70.3287 42.9000
v -32.8938 69.9593 42.9000
v -31.2807 69.4854 42.9000
v -29.7013 68.9090 42.9000
v -28.1622 68.2325 42.9000
v -26.6696 67.4586 42.9000
v -25.2298 66.5905 42.9000
v -23.8486 65.6318 42.9000
v -22.5318 64.5865 42.9000
v -21.2848 63.4588 42.9000
v -20.1127 62.2534 42.9000
v -19.0204 60.9753 42.9000
v -18.0123 59.6297 42.9000
v -17.0927 58.2223 42.9000
v -16.2653 56.7587 42.9000
v -15.5335 55.2450 42.9000
v -14.9003 53.6875 42.9000
v -14.3684 52.0926 42.9000
v -13.9399 50.4668 42.9000
v -13.6166 48.8169 42.9000
v -13.3998 47.1497 42.9000
v -13.2905 45.4720 42.9000
v -13.2891 43.7907 42.9000
v -13.3955 42.1128 42.9000
v -13.6094 40.4452 42.9000
v -13.9299 38.7947 42.9000
v -14.3556 37.1682 42.9000
v -14.8847 35.5724 42.9000
v -15.5153 34.0138 42.9000
v -16.2445 32.4989 42.9000
v -17.0694 31.0339 42.9000
v -18.7282 30.7598 42.9000
v -20.4011 30.5927 42.9000
v -22.0814 30.5333 42.9000
v -23.7619 30.5818 42.9000
v -25.4359 30.7381 42.9000
v -27.0965 31.0014 42.9000
v -28.7367 31.3708 42.9000
v -30.3498 31.8446 42.9000
v -31.9292 32.4210 42.9000
v -33.4683 33.0976 42.9000
v -34.9609 33.8715 42.9000
v -36.4007 34.7396 42.9000
v -37.7819 35.6983 42.9000
v -39.0987 36.7436 42.9000
v -40.3457 37.8713 42.9000
v -41.5178 39.0767 42.9000
v -42.6101 40.3548 42.9000
v -43.6182 41.7003 42.9000
v -44.5378 43.1078 42.9000
v -45.3652 44.5714 42.9000
v -46.0971 46.0850 42.9000
v -46.7302 47.6425 42.9000
v -47.2622 49.2375 42.9000
v -47.6906 50.8632 42.9000
v -48.0139 52.5131 42.9000
v -48.2307 54.1804 42.9000
v -48.3400 55.8581 42.9000
v -48.3414 57.5394 42.9000
v -48.2350 59.2173 42.9000
v -48.0211 60.8849 42.9000
v -47.7007 62.5354 42.9000
v -47.2750 64.1619 42.9000
v -46.7458 65.7577 42.9000
v -46.1153 67.3163 42.9000
v -45.3860 68.8312 42.9000
v -42.8839 70.5399 46.8000
v -44.5401 70.2662 46.8000
v -41.2135 70.7067 46.8000
v -39.5358 70.7661 46.8000
v -37.8578 70.7176 46.8000
v -36.1864 70.5616 46.8000
v -34.5284 70.2986 46.8000
v -32.8907 69.9298 46.8000
v -31.2800 69.4567 46.8000
v -29.7030 68.8812 46.8000
v -28.1662 68.2057 46.8000
v -26.6759 67.4329 46.8000
v -25.2383 66.5662 46.8000
v -23.8592 65.6090 46.8000
v -22.5444 64.5652 46.8000
v -21.2993 63.4392 46.8000
v -20.1290 62.2357 46.8000
v -19.0384 60.9596 46.8000
v -18.0319 59.6160 46.8000
v -17.1136 58.2107 46.8000
v -16.2875 56.7494 46.8000
v -15.5568 55.2380 46.8000
v -14.9246 53.6829 46.8000
v -14.3935 52.0904 46.8000
v -13.9656 50.4671 46.8000
v -13.6428 48.8198 46.8000
v -13.4264 47.1551 46.8000
v -13.3173 45.4799 46.8000
v -13.3158 43.8012 46.8000
v -13.4221 42.1258 46.8000
v -13.6357 40.4608 46.8000
v -13.9556 38.8128 46.8000
v -14.3807 37.1888 46.8000
v -14.9091 35.5954 46.8000
v -15.5386 34.0392 46.8000
v -16.2667 32.5266 46.8000
v -17.0904 31.0639 46.8000
v -18.7466 30.7902 46.8000
v -20.4170 30.6233 46.8000
v -22.0947 30.5640 46.8000
v -23.7727 30.6124 46.8000
v -25.4442 30.7685 46.8000
v -27.1021 31.0314 46.8000
v -28.7398 31.4002 46.8000
v -30.3505 31.8734 46.8000
v -31.9275 32.4489 46.8000
v -33.4643 33.1244 46.8000
v -34.9546 33.8971 46.8000
v -36.3922 34.7639 46.8000
v -37.7713 35.7211 46.8000
v -39.0861 36.7649 46.8000
v -40.3312 37.8908 46.8000
v -41.5015 39.0944 46.8000
v -42.5921 40.3705 46.8000
v -43.5986 41.7140 46.8000
v -44.5169 43.1193 46.8000
v -45.3430 44.5807 46.8000
v -46.0737 46.0920 46.8000
v -46.7059 47.6472 46.8000
v -47.2370 49.2396 46.8000
v -47.6649 50.8629 46.8000
v -47.9877 52.5103 46.8000
v -48.2041 54.1750 46.8000
v -48.3133 55.8502 46.8000
v -48.3147 57.5289 46.8000
v -48.2084 59.2042 46.8000
v -47.9948 60.8693 46.8000
v -47.6749 62.5172 46.8000
v -47.2498 64.1413 46.8000
v -46.7214 65.7346 46.8000
v -46.0919 67.2908 46.8000
v -45.3638 68.8034 46.8000
v -42.8470 70.4791 50.7000
v -44.4982 70.2063 50.7000
v -41.1817 70.6455 50.7000
v -39.5092 70.7046 50.7000
v -37.8363 70.6563 50.7000
v -36.1699 70.5007 50.7000
v -34.5170 70.2386 50.7000
v -32.8843 69.8709 50.7000
v -31.2786 69.3992 50.7000
v -29.7064 68.8255 50.7000
v -28.1743 68.1520 50.7000
v -26.6886 67.3817 50.7000
v -25.2553 66.5176 50.7000
v -23.8805 65.5633 50.7000
v -22.5697 64.5227 50.7000
v -21.3284 63.4002 50.7000
v -20.1617 62.2003 50.7000
v -19.0744 60.9281 50.7000
v -18.0710 59.5887 50.7000
v -17.1555 58.1876 50.7000
v -16.3319 56.7308 50.7000
v -15.6035 55.2240 50.7000
v -14.9732 53.6737 50.7000
v -14.4437 52.0861 50.7000
v -14.0172 50.4678 50.7000
v -13.6954 48.8254 50.7000
v -13.4796 47.1658 50.7000
v -13.3708 45.4958 50.7000
v -13.3693 43.8222 50.7000
v -13.4753 42.1519 50.7000
v -13.6882 40.4920 50.7000
v -14.0072 38.8491 50.7000
v -14.4309 37.2300 50.7000
v -14.9577 35.6415 50.7000
v -15.5853 34.0901 50.7000
v -16.3112 32.5821 50.7000
v -17.1323 31.1238 50.7000
v -18.7835 30.8509 50.7000
v -20.4488 30.6846 50.7000
v -22.1214 30.6255 50.7000
v -23.7942 30.6738 50.7000
v -25.4606 30.8293 50.7000
v -27.1135 31.0915 50.7000
v -28.7462 31.4591 50.7000
v -30.3519 31.9308 50.7000
v -31.9241 32.5046 50.7000
v -33.4562 33.1780 50.7000
v -34.9419 33.9484 50.7000
v -36.3752 34.8125 50.7000
v -37.7500 35.7668 50.7000
v -39.0608 36.8074 50.7000
v -40.3021 37.9299 50.7000
v -41.4688 39.1297 50.7000
v -42.5561 40.4020 50.7000
v -43.5595 41.7414 50.7000
v -44.4750 43.1424 50.7000
v -45.2986 44.5993 50.7000
v -46.0271 46.1060 50.7000
v -46.6573 47.6564 50.7000
v -47.1868 49.2440 50.7000
v -47.6134 50.8623 50.7000
v -47.9352 52.5047 50.7000
v -48.1509 54.1643 50.7000
v -48.2597 55.8343 50.7000
v -48.2612 57.5079 50.7000
v -48.1552 59.1781 50.7000
v -47.9423 60.8381 50.7000
v -47.6233 62.4810 50.7000
v -47.1996 64.1000 50.7000
v -46.6728 65.6886 50.7000
v -46.0452 67.2400 50.7000
v -45.3193 68.7480 50.7000
v -42.7916 70.3879 54.6000
v -44.4352 70.1163 54.6000
v -41.1340 70.5535 54.6000
v -39.4692 70.6124 54.6000
v -37.8040 70.5643 54.6000
v -36.1453 70.4095 54.6000
v -34.5000 70.1485 54.6000
v -32.8748 69.7825 54.6000
v -31.2765 69.3130 54.6000
v -29.7115 68.7419 54.6000
v -28.1865 68.0716 54.6000
v -26.7076 67.3048 54.6000
v -25.2809 66.4446 54.6000
v -23.9124 65.4947 54.6000
v -22.6077 64.4589 54.6000
v -21.3721 63.3416 54.6000
v -20.2107 62.1472 54.6000
v -19.1284 60.8808 54.6000
v -18.1296 59.5476 54.6000
v -17.2184 58.1530 54.6000
v -16.3986 56.7029 54.6000
v -15.6734 55.2031 54.6000
v -15.0461 53.6598 54.6000
v -14.5190 52.0795 54.6000
v -14.0944 50.4687 54.6000
v -13.7741 48.8339 54.6000
v -13.5594 47.1819 54.6000
v -13.4510 45.5195 54.6000
v -13.4496 43.8537 54.6000
v -13.5551 42.1911 54.6000
v -13.7670 40.5388 54.6000
v -14.0845 38.9034 54.6000
v -14.5063 37.2918 54.6000
v -15.0307 35.7106 54.6000
v -15.6554 34.1663 54.6000
v -16.3779 32.6653 54.6000
v -17.1953 31.2137 54.6000
v -18.8389 30.9421 54.6000
v -20.4965 30.7765 54.6000
v -22.1614 30.7177 54.6000
v -23.8265 30.7658 54.6000
v -25.4852 30.9206 54.6000
v -27.1305 31.1815 54.6000
v -28.7557 31.5475 54.6000
v -30.3541 32.0170 54.6000
v -31.9190 32.5881 54.6000
v -33.4440 33.2585 54.6000
v -34.9229 34.0253 54.6000
v -36.3496 34.8855 54.6000
v -37.7181 35.8354 54.6000
v -39.0228 36.8711 54.6000
v -40.2584 37.9885 54.6000
v -41.4198 39.1828 54.6000
v -42.5021 40.4492 54.6000
v -43.5009 41.7824 54.6000
v -44.4121 43.1770 54.6000
v -45.2320 44.6272 54.6000
v -45.9571 46.1270 54.6000
v -46.5844 47.6702 54.6000
v -47.1115 49.2505 54.6000
v -47.5361 50.8614 54.6000
v -47.8564 52.4962 54.6000
v -48.0712 54.1482 54.6000
v -48.1795 55.8105 54.6000
v -48.1809 57.4764 54.6000
v -48.0754 59.1389 54.6000
v -47.8635 60.7913 54.6000
v -47.5460 62.4266 54.6000
v -47.1242 64.0382 54.6000
v -46.5998 65.6194 54.6000
v -45.9751 67.1637 54.6000
v -45.2526 68.6648 54.6000
v -42.7178 70.2664 58.5000
v -44.3513 69.9965 58.5000
v -41.0704 70.4309 58.5000
v -39.4158 70.4894 58.5000
v -37.7609 70.4417 58.5000
v -36.1124 70.2878 58.5000
v -34.4773 70.0284 58.5000
v -32.8621 69.6647 58.5000
v -31.2736 69.1981 58.5000
v -29.7183 68.6305 58.5000
v -28.2027 67.9643 58.5000
v -26.7329 67.2022 58.5000
v -25.3150 66.3474 58.5000
v -23.9550 65.4033 58.5000
v -22.6583 64.3739 58.5000
v -21.4303 63.2634 58.5000
v -20.2761 62.0765 58.5000
v -19.2005 60.8179 58.5000
v -18.2078 59.4929 58.5000
v -17.3022 58.1069 58.5000
v -16.4874 56.6656 58.5000
v -15.7668 55.1751 58.5000
v -15.1433 53.6414 58.5000
v -14.6195 52.0708 58.5000
v -14.1975 50.4699 58.5000
v -13.8792 48.8452 58.5000
v -13.6657 47.2034 58.5000
v -13.5581 45.5512 58.5000
v -13.5566 43.8956 58.5000
v -13.6615 42.2433 58.5000
v -13.8721 40.6012 58.5000
v -14.1876 38.9759 58.5000
v -14.6069 37.3743 58.5000
v -15.1280 35.8028 58.5000
v -15.7488 34.2680 58.5000
v -16.4669 32.7762 58.5000
v -17.2792 31.3336 58.5000
v -18.9127 31.0637 58.5000
v -20.5601 30.8991 58.5000
v -22.2147 30.8406 58.5000
v -23.8696 30.8884 58.5000
v -25.5181 31.0423 58.5000
v -27.1532 31.3016 58.5000
v -28.7684 31.6653 58.5000
v -30.3569 32.1320 58.5000
v -31.9122 32.6996 58.5000
v -33.4278 33.3658 58.5000
v -34.8976 34.1279 58.5000
v -36.3155 34.9827 58.5000
v -37.6755 35.9268 58.5000
v -38.9722 36.9561 58.5000
v -40.2002 38.0666 58.5000
v -41.3544 39.2536 58.5000
v -42.4300 40.5122 58.5000
v -43.4227 41.8372 58.5000
v -44.3283 43.2232 58.5000
v -45.1431 44.6644 58.5000
v -45.8637 46.1550 58.5000
v -46.4872 47.6887 58.5000
v -47.0111 49.2592 58.5000
v -47.4330 50.8602 58.5000
v -47.7514 52.4849 58.5000
v -47.9648 54.1267 58.5000
v -48.0725 55.7788 58.5000
v -48.0739 57.4344 58.5000
v -47.9691 59.0867 58.5000
v -47.7584 60.7289 58.5000
v -47.4429 62.3541 58.5000
v -47.0237 63.9558 58.5000
v -46.5025 65.5273 58.5000
v -45.8817 67.0620 58.5000
v -45.1636 68.5538 58.5000
v -42.6255 70.1144 62.4000
v -44.2463 69.8466 62.4000
v -40.9909 70.2777 62.4000
v -39.3491 70.3358 62.4000
v -37.7071 70.2884 62.4000
v -36.0714 70.1357 62.4000
v -34.4489 69.8783 62.4000
v -32.8462 69.5174 62.4000
v -31.2701 69.0544 62.4000
v -29.7268 68.4912 62.4000
v -28.2229 67.8302 62.4000
v -26.7645 67.0740 62.4000
v -25.3577 66.2258 62.4000
v -24.0081 65.2891 62.4000
v -22.7215 64.2676 62.4000
v -21.5030 63.1658 62.4000
v -20.3578 61.9880 62.4000
v -19.2905 60.7392 62.4000
v -18.3055 59.4244 62.4000
v -17.4070 58.0492 62.4000
v -16.5985 56.6191 62.4000
v -15.8834 55.1401 62.4000
v -15.2648 53.6183 62.4000
v -14.7450 52.0599 62.4000
v -14.3263 50.4714 62.4000
v -14.0104 48.8593 62.4000
v -13.7987 47.2302 62.4000
v -13.6918 45.5909 62.4000
v -13.6904 43.9481 62.4000
v -13.7944 42.3086 62.4000
v -14.0034 40.6792 62.4000
v -14.3165 39.0665 62.4000
v -14.7325 37.4773 62.4000
v -15.2496 35.9180 62.4000
v -15.8656 34.3951 62.4000
v -16.5781 32.9149 62.4000
v -17.3842 31.4835 62.4000
v -19.0050 31.2156 62.4000
v -20.6396 31.0523 62.4000
v -22.2814 30.9943 62.4000
v -23.9235 31.0417 62.4000
v -25.5591 31.1944 62.4000
v -27.1816 31.4517 62.4000
v -28.7843 31.8126 62.4000
v -30.3605 32.2756 62.4000
v -31.9037 32.8388 62.4000
v -33.4076 33.4999 62.4000
v -34.8660 34.2561 62.4000
v -36.2728 35.1043 62.4000
v -37.6224 36.0410 62.4000
v -38.9090 37.0624 62.4000
v -40.1275 38.1643 62.4000
v -41.2727 39.3420 62.4000
v -42.3400 40.5909 62.4000
v -43.3250 41.9056 62.4000
v -44.2236 43.2809 62.4000
v -45.0320 44.7109 62.4000
v -45.7471 46.1899 62.4000
v -46.3658 47.7118 62.4000
v -46.8855 49.2701 62.4000
v -47.3042 50.8587 62.4000
v -47.6201 52.4708 62.4000
v -47.8319 54.0999 62.4000
v -47.9387 55.7392 62.4000
v -47.9401 57.3819 62.4000
v -47.8361 59.0214 62.4000
v -47.6271 60.6509 62.4000
v -47.3140 62.2635 62.4000
v -46.8980 63.8528 62.4000
v -46.3809 65.4121 62.4000
v -45.7649 66.9349 62.4000
v -45.0524 68.4152 62.4000
v -42.5148 69.9321 66.3000
v -44.1204 69.6668 66.3000
v -40.8955 70.0938 66.3000
v -39.2691 70.1514 66.3000
v -37.6424 70.1044 66.3000
v -36.0221 69.9531 66.3000
v -34.4148 69.6982 66.3000
v -32.8272 69.3407 66.3000
v -31.2658 68.8820 66.3000
v -29.7370 68.3241 66.3000
v -28.2472 67.6693 66.3000
v -26.8025 66.9202 66.3000
v -25.4088 66.0799 66.3000
v -24.0720 65.1520 66.3000
v -22.7974 64.1401 66.3000
v -21.5903 63.0486 66.3000
v -20.4558 61.8819 66.3000
v -19.3985 60.6447 66.3000
v -18.4228 59.3423 66.3000
v -17.5327 57.9800 66.3000
v -16.7318 56.5633 66.3000
v -16.0234 55.0982 66.3000
v -15.4105 53.5906 66.3000
v -14.8957 52.0468 66.3000
v -14.4809 50.4732 66.3000
v -14.1680 48.8762 66.3000
v -13.9582 47.2624 66.3000
v -13.8524 45.6385 66.3000
v -13.8510 44.0111 66.3000
v -13.9540 42.3870 66.3000
v -14.1610 40.7728 66.3000
v -14.4712 39.1753 66.3000
v -14.8833 37.6009 66.3000
v -15.3955 36.0563 66.3000
v -16.0058 34.5477 66.3000
v -16.7116 33.0813 66.3000
v -17.5101 31.6633 66.3000
v -19.1157 31.3980 66.3000
v -20.7350 31.2362 66.3000
v -22.3614 31.1787 66.3000
v -23.9881 31.2257 66.3000
v -25.6084 31.3769 66.3000
v -27.2157 31.6318 66.3000
v -28.8033 31.9894 66.3000
v -30.3647 32.4480 66.3000
v -31.8935 33.0059 66.3000
v -33.3833 33.6608 66.3000
v -34.8280 34.4099 66.3000
v -36.2217 35.2502 66.3000
v -37.5586 36.1781 66.3000
v -38.8331 37.1899 66.3000
v -40.0402 38.2815 66.3000
v -41.1747 39.4482 66.3000
v -42.2320 40.6853 66.3000
v -43.2077 41.9877 66.3000
v -44.0979 43.3501 66.3000
v -44.8988 44.7668 66.3000
v -45.6071 46.2319 66.3000
v -46.2200 47.7394 66.3000
v -46.7348 49.2832 66.3000
v -47.1496 50.8569 66.3000
v -47.4625 52.4539 66.3000
v -47.6723 54.0677 66.3000
v -47.7781 55.6916 66.3000
v -47.7795 57.3190 66.3000
v -47.6765 58.9431 66.3000
v -47.4695 60.5572 66.3000
v -47.1593 62.1548 66.3000
v -46.7472 63.7291 66.3000
v -46.2350 65.2738 66.3000
v -45.6247 66.7824 66.3000
v -44.9189 68.2488 66.3000
v -42.3856 69.7194 70.2000
v -43.9735 69.4570 70.2000
v -40.7842 69.8793 70.2000
v -39.1758 69.9362 70.2000
v -37.5671 69.8898 70.2000
v -35.9646 69.7402 70.2000
v -34.3751 69.4881 70.2000
v -32.8050 69.1345 70.2000
v -31.2608 68.6809 70.2000
v -29.7489 68.1291 70.2000
v -28.2756 67.4815 70.2000
v -26.8468 66.7407 70.2000
v -25.4685 65.9097 70.2000
v -24.1464 64.9920 70.2000
v -22.8859 63.9913 70.2000
v -21.6922 62.9119 70.2000
v -20.5702 61.7580 70.2000
v -19.5246 60.5345 70.2000
v -18.5596 59.2465 70.2000
v -17.6793 57.8992 70.2000
v -16.8873 56.4982 70.2000
v -16.1867 55.0492 70.2000
v -15.5806 53.5583 70.2000
v -15.0714 52.0316 70.2000
v -14.6613 50.4753 70.2000
v -14.3518 48.8959 70.2000
v -14.1443 47.3000 70.2000
v -14.0397 45.6940 70.2000
v -14.0383 44.0846 70.2000
v -14.1402 42.4784 70.2000
v -14.3449 40.8820 70.2000
v -14.6517 39.3021 70.2000
v -15.0592 37.7452 70.2000
v -15.5657 36.2176 70.2000
v -16.1693 34.7256 70.2000
v -16.8673 33.2755 70.2000
v -17.6570 31.8731 70.2000
v -19.2449 31.6107 70.2000
v -20.8463 31.4507 70.2000
v -22.4547 31.3939 70.2000
v -24.0635 31.4403 70.2000
v -25.6659 31.5899 70.2000
v -27.2554 31.8420 70.2000
v -28.8255 32.1956 70.2000
v -30.3697 32.6492 70.2000
v -31.8816 33.2009 70.2000
v -33.3549 33.8485 70.2000
v -34.7837 34.5894 70.2000
v -36.1620 35.4204 70.2000
v -37.4841 36.3381 70.2000
v -38.7446 37.3387 70.2000
v -39.9383 38.4182 70.2000
v -41.0603 39.5720 70.2000
v -42.1059 40.7955 70.2000
v -43.0709 42.0836 70.2000
v -43.9512 43.4309 70.2000
v -44.7433 44.8319 70.2000
v -45.4438 46.2808 70.2000
v -46.0499 47.7717 70.2000
v -46.5591 49.2985 70.2000
v -46.9693 50.8547 70.2000
v -47.2787 52.4341 70.2000
v -47.4862 54.0301 70.2000
v -47.5909 55.6361 70.2000
v -47.5922 57.2455 70.2000
v -47.4903 58.8517 70.2000
v -47.2856 60.4480 70.2000
v -46.9788 62.0279 70.2000
v -46.5713 63.5849 70.2000
v -46.0648 65.1125 70.2000
v -45.4612 66.6045 70.2000
v -44.7632 68.0546 70.2000
v -42.2380 69.4763 74.1000
v -43.8056 69.2172 74.1000
v -40.6570 69.6342 74.1000
v -39.0691 69.6903 74.1000
v -37.4809 69.6445 74.1000
v -35.8989 69.4968 74.1000
v -34.3297 69.2479 74.1000
v -32.7796 68.8988 74.1000
v -31.2551 68.4510 74.1000
v -29.7625 67.9063 74.1000
v -28.3080 67.2670 74.1000
v -26.8975 66.5356 74.1000
v -25.5368 65.7152 74.1000
v -24.2315 64.8092 74.1000
v -22.9871 63.8213 74.1000
v -21.8086 62.7556 74.1000
v -20.7009 61.6165 74.1000
v -19.6687 60.4086 74.1000
v -18.7160 59.1370 74.1000
v -17.8469 57.8069 74.1000
v -17.0650 56.4238 74.1000
v -16.3734 54.9933 74.1000
v -15.7750 53.5214 74.1000
v -15.2723 52.0141 74.1000
v -14.8674 50.4777 74.1000
v -14.5618 48.9185 74.1000
v -14.3570 47.3429 74.1000
v -14.2537 45.7574 74.1000
v -14.2523 44.1685 74.1000
v -14.3529 42.5828 74.1000
v -14.5551 41.0069 74.1000
v -14.8579 39.4471 74.1000
v -15.2602 37.9100 74.1000
v -15.7603 36.4019 74.1000
v -16.3562 34.9290 74.1000
v -17.0453 33.4973 74.1000
v -17.8249 32.1129 74.1000
v -19.3925 31.8538 74.1000
v -20.9735 31.6959 74.1000
v -22.5614 31.6397 74.1000
v -24.1496 31.6856 74.1000
v -25.7316 31.8333 74.1000
v -27.3009 32.0822 74.1000
v -28.8509 32.4312 74.1000
v -30.3754 32.8790 74.1000
v -31.8680 33.4237 74.1000
v -33.3225 34.0631 74.1000
v -34.7331 34.7945 74.1000
v -36.0938 35.6149 74.1000
v -37.3990 36.5209 74.1000
v -38.6434 37.5088 74.1000
v -39.8219 38.5745 74.1000
v -40.9296 39.7136 74.1000
v -41.9619 40.9214 74.1000
v -42.9145 42.1930 74.1000
v -43.7836 43.5232 74.1000
v -44.5655 44.9063 74.1000
v -45.2571 46.3368 74.1000
v -45.8555 47.8087 74.1000
v -46.3582 49.3159 74.1000
v -46.7631 50.8523 74.1000
v -47.0687 52.4115 74.1000
v -47.2735 53.9872 74.1000
v -47.3768 55.5727 74.1000
v -47.3782 57.1616 74.1000
v -47.2776 58.7472 74.1000
v -47.0754 60.3232 74.1000
v -46.7726 61.8829 74.1000
v -46.3703 63.4200 74.1000
v -45.8702 64.9282 74.1000
v -45.2743 66.4011 74.1000
v -44.5852 67.8327 74.1000
v -42.0719 69.2027 78.0000
v -43.6168 68.9475 78.0000
v -40.5139 69.3584 78.0000
v -38.9491 69.4137 78.0000
v -37.3840 69.3685 78.0000
v -35.8250 69.2230 78.0000
v -34.2786 68.9777 78.0000
v -32.7510 68.6337 78.0000
v -31.2487 68.1924 78.0000
v -29.7779 67.6556 78.0000
v -28.3444 67.0256 78.0000
v -26.9544 66.3048 78.0000
v -25.6135 65.4964 78.0000
v -24.3272 64.6035 78.0000
v -23.1009 63.6300 78.0000
v -21.9396 62.5798 78.0000
v -20.8480 61.4572 78.0000
v -19.8307 60.2670 78.0000
v -18.8919 59.0138 78.0000
v -18.0355 57.7031 78.0000
v -17.2649 56.3400 78.0000
v -16.5834 54.9304 78.0000
v -15.9937 53.4799 78.0000
v -15.4983 51.9945 78.0000
v -15.0992 50.4805 78.0000
v -14.7982 48.9439 78.0000
v -14.5963 47.3912 78.0000
v -14.4945 45.8287 78.0000
v -14.4932 44.2630 78.0000
v -14.5923 42.7003 78.0000
v -14.7915 41.1473 78.0000
v -15.0899 39.6102 78.0000
v -15.4864 38.0955 78.0000
v -15.9792 36.6093 78.0000
v -16.5664 35.1578 78.0000
v -17.2455 33.7469 78.0000
v -18.0138 32.3826 78.0000
v -19.5586 32.1273 78.0000
v -21.1166 31.9717 78.0000
v -22.6814 31.9164 78.0000
v -24.2465 31.9616 78.0000
v -25.8055 32.1071 78.0000
v -27.3520 32.3523 78.0000
v -28.8795 32.6963 78.0000
v -30.3818 33.1376 78.0000
v -31.8527 33.6744 78.0000
v -33.2861 34.3045 78.0000
v -34.6761 35.0252 78.0000
v -36.0170 35.8337 78.0000
v -37.3033 36.7265 78.0000
v -38.5296 37.7000 78.0000
v -39.6910 38.7502 78.0000
v -40.7825 39.8728 78.0000
v -41.7998 41.0631 78.0000
v -42.7386 42.3162 78.0000
v -43.5950 43.6270 78.0000
v -44.3656 44.9900 78.0000
v -45.0472 46.3997 78.0000
v -45.6368 47.8502 78.0000
v -46.1322 49.3355 78.0000
v -46.5313 50.8496 78.0000
v -46.8323 52.3862 78.0000
v -47.0342 53.9389 78.0000
v -47.1360 55.5013 78.0000
v -47.1374 57.0671 78.0000
v -47.0382 58.6297 78.0000
v -46.8390 60.1828 78.0000
v -46.5406 61.7198 78.0000
v -46.1441 63.2346 78.0000
v -45.6513 64.7208 78.0000
v -45.0641 66.1723 78.0000
v -44.3850 67.5831 78.0000
v -41.8874 68.8989 81.9000
v -43.4069 68.6478 81.9000
v -40.3549 69.0519 81.9000
v -38.8158 69.1063 81.9000
v -37.2763 69.0619 81.9000
v -35.7429 68.9188 81.9000
v -34.2218 68.6775 81.9000
v -32.7193 68.3392 81.9000
v -31.2416 67.9051 81.9000
v -29.7949 67.3771 81.9000
v -28.3849 66.7574 81.9000
v -27.0177 66.0484 81.9000
v -25.6988 65.2532 81.9000
v -24.4336 64.3750 81.9000
v -23.2274 63.4175 81.9000
v -22.0851 62.3845 81.9000
v -21.0114 61.2803 81.9000
v -20.0108 60.1095 81.9000
v -19.0874 58.8770 81.9000
v -18.2450 57.5877 81.9000
v -17.4870 56.2470 81.9000
v -16.8167 54.8604 81.9000
v -16.2367 53.4337 81.9000
v -15.7494 51.9727 81.9000
v -15.3569 50.4835 81.9000
v -15.0607 48.9721 81.9000
v -14.8622 47.4449 81.9000
v -14.7620 45.9080 81.9000
v -14.7607 44.3679 81.9000
v -14.8582 42.8309 81.9000
v -15.0542 41.3033 81.9000
v -15.3477 39.7914 81.9000
v -15.7377 38.3015 81.9000
v -16.2224 36.8397 81.9000
v -16.8000 35.4120 81.9000
v -17.4680 34.0243 81.9000
v -18.2236 32.6823 81.9000
v -19.7431 32.4312 81.9000
v -21.2756 32.2781 81.9000
v -22.8147 32.2237 81.9000
v -24.3542 32.2682 81.9000
v -25.8876 32.4113 81.9000
v -27.4087 32.6526 81.9000
v -28.9112 32.9909 81.9000
v -30.3889 33.4250 81.9000
v -31.8357 33.9530 81.9000
v -33.2456 34.5727 81.9000
v -34.6128 35.2816 81.9000
v -35.9317 36.0768 81.9000
v -37.1969 36.9550 81.9000
v -38.4032 37.9126 81.9000
v -39.5455 38.9456 81.9000
v -40.6191 40.0497 81.9000
v -41.6197 41.2205 81.9000
v -42.5431 42.4531 81.9000
v -43.3855 43.7424 81.9000
v -44.1435 45.0831 81.9000
v -44.8138 46.4696 81.9000
v -45.3939 47.8963 81.9000
v -45.8811 49.3573 81.9000
v -46.2736 50.8466 81.9000
v -46.5698 52.3579 81.9000
v -46.7683 53.8852 81.9000
v -46.8685 55.4220 81.9000
v -46.8698 56.9621 81.9000
v -46.7723 58.4992 81.9000
v -46.5763 60.0267 81.9000
v -46.2828 61.5386 81.9000
v -45.8928 63.0285 81.9000
v -45.4081 64.4904 81.9000
v -44.8305 65.9181 81.9000
v -44.1625 67.3058 81.9000
v -41.6844 68.5646 85.8000
v -43.1761 68.3181 85.8000
v -40.1800 68.7148 85.8000
v -38.6691 68.7683 85.8000
v -37.1579 68.7246 85.8000
v -35.6525 68.5841 85.8000
v -34.1593 68.3473 85.8000
v -32.6844 68.0151 85.8000
v -31.2338 67.5890 85.8000
v -29.8136 67.0707 85.8000
v -28.4295 66.4623 85.8000
v -27.0873 65.7664 85.8000
v -25.7926 64.9858 85.8000
v -24.5506 64.1237 85.8000
v -23.3665 63.1837 85.8000
v -22.2451 62.1696 85.8000
v -21.1911 61.0857 85.8000
v -20.2089 59.9364 85.8000
v -19.3024 58.7264 85.8000
v -18.4754 57.4608 85.8000
v -17.7314 56.1447 85.8000
v -17.0733 54.7835 85.8000
v -16.5039 53.3830 85.8000
v -16.0256 51.9488 85.8000
v -15.6403 50.4868 85.8000
v -15.3496 49.0032 85.8000
v -15.1547 47.5039 85.8000
v -15.0564 45.9952 85.8000
v -15.0551 44.4834 85.8000
v -15.1508 42.9745 85.8000
v -15.3431 41.4749 85.8000
v -15.6313 39.9908 85.8000
v -16.0141 38.5282 85.8000
v -16.4900 37.0932 85.8000
v -17.0569 35.6916 85.8000
v -17.7127 34.3294 85.8000
v -18.4545 33.0120 85.8000
v -19.9461 32.7655 85.8000
v -21.4505 32.6152 85.8000
v -22.9614 32.5618 85.8000
v -24.4727 32.6054 85.8000
v -25.9780 32.7460 85.8000
v -27.4712 32.9828 85.8000
v -28.9461 33.3149 85.8000
v -30.3967 33.7410 85.8000
v -31.8169 34.2593 85.8000
v -33.2010 34.8677 85.8000
v -34.5432 35.5637 85.8000
v -35.8379 36.3443 85.8000
v -37.0799 37.2064 85.8000
v -38.2640 38.1464 85.8000
v -39.3854 39.1604 85.8000
v -40.4394 40.2444 85.8000
v -41.4216 41.3937 85.8000
v -42.3281 42.6036 85.8000
v -43.1551 43.8693 85.8000
v -43.8991 45.1854 85.8000
v -44.5572 46.5465 85.8000
v -45.1266 47.9471 85.8000
v -45.6049 49.3813 85.8000
v -45.9902 50.8432 85.8000
v -46.2809 52.3269 85.8000
v -46.4758 53.8262 85.8000
v -46.5742 55.3348 85.8000
v -46.5755 56.8467 85.8000
v -46.4797 58.3555 85.8000
v -46.2874 59.8551 85.8000
v -45.9992 61.3393 85.8000
v -45.6164 62.8019 85.8000
v -45.1406 64.2369 85.8000
v -44.5736 65.6384 85.8000
v -43.9178 67.0007 85.8000
v -41.4630 68.1999 89.7000
v -42.9242 67.9584 89.7000
v -39.9892 68.3471 89.7000
v -38.5091 68.3994 89.7000
v -37.0286 68.3567 89.7000
v -35.5540 68.2190 89.7000
v -34.0912 67.9870 89.7000
v -32.6463 67.6616 89.7000
v -31.2253 67.2442 89.7000
v -29.8340 66.7365 89.7000
v -28.4781 66.1405 89.7000
v -27.1633 65.4587 89.7000
v -25.8949 64.6940 89.7000
v -24.6782 63.8495 89.7000
v -23.5182 62.9286 89.7000
v -22.4197 61.9352 89.7000
v -21.3872 60.8734 89.7000
v -20.4250 59.7475 89.7000
v -19.5370 58.5622 89.7000
v -18.7268 57.3223 89.7000
v -17.9979 56.0330 89.7000
v -17.3533 54.6996 89.7000
v -16.7955 53.3276 89.7000
v -16.3269 51.9226 89.7000
v -15.9495 50.4904 89.7000
v -15.6647 49.0370 89.7000
v -15.4737 47.5683 89.7000
v -15.3774 46.0904 89.7000
v -15.3762 44.6093 89.7000
v -15.4699 43.1312 89.7000
v -15.6583 41.6622 89.7000
v -15.9406 40.2083 89.7000
v -16.3156 38.7755 89.7000
v -16.7818 37.3697 89.7000
v -17.3372 35.9967 89.7000
v -17.9796 34.6622 89.7000
v -18.7063 33.3716 89.7000
v -20.1675 33.1302 89.7000
v -21.6413 32.9830 89.7000
v -23.1214 32.9306 89.7000
v -24.6019 32.9734 89.7000
v -26.0765 33.1110 89.7000
v -27.5393 33.3430 89.7000
v -28.9842 33.6684 89.7000
v -30.4052 34.0858 89.7000
v -31.7965 34.5936 89.7000
v -33.1524 35.1896 89.7000
v -34.4672 35.8713 89.7000
v -35.7356 36.6360 89.7000
v -36.9523 37.4806 89.7000
v -38.1123 38.4014 89.7000
v -39.2108 39.3948 89.7000
v -40.2433 40.4567 89.7000
v -41.2055 41.5826 89.7000
v -42.0936 42.7679 89.7000
v -42.9037 44.0077 89.7000
v -43.6326 45.2970 89.7000
v -44.2772 46.6304 89.7000
v -44.8350 48.0025 89.7000
v -45.3036 49.4075 89.7000
v -45.6811 50.8396 89.7000
v -45.9658 52.2930 89.7000
v -46.1568 53.7618 89.7000
v -46.2531 55.2397 89.7000
v -46.2544 56.7208 89.7000
v -46.1606 58.1988 89.7000
v -45.9722 59.6679 89.7000
v -45.6899 61.1218 89.7000
v -45.3149 62.5546 89.7000
v -44.8487 63.9604 89.7000
v -44.2933 65.3334 89.7000
v -43.6509 66.6679 89.7000
v -41.2231 67.8048 93.6000
v -42.6514 67.5688 93.6000
v -39.7825 67.9487 93.6000
v -38.3357 67.9999 93.6000
v -36.8887 67.9581 93.6000
v -35.4472 67.8235 93.6000
v -34.0174 67.5968 93.6000
v -32.6051 67.2787 93.6000
v -31.2160 66.8707 93.6000
v -29.8561 66.3744 93.6000
v -28.5308 65.7918 93.6000
v -27.2456 65.1254 93.6000
v -26.0058 64.3779 93.6000
v -24.8165 63.5524 93.6000
v -23.6826 62.6523 93.6000
v -22.6089 61.6813 93.6000
v -21.5996 60.6434 93.6000
v -20.6591 59.5429 93.6000
v -19.7911 58.3843 93.6000
v -18.9992 57.1723 93.6000
v -18.2867 55.9121 93.6000
v -17.6566 54.6087 93.6000
v -17.1114 53.2676 93.6000
v -16.6533 51.8943 93.6000
v -16.2844 50.4944 93.6000
v -16.0060 49.0737 93.6000
v -15.8194 47.6381 93.6000
v -15.7252 46.1934 93.6000
v -15.7240 44.7457 93.6000
v -15.8157 43.3010 93.6000
v -15.9998 41.8650 93.6000
v -16.2758 40.4439 93.6000
v -16.6423 39.0433 93.6000
v -17.0980 37.6692 93.6000
v -17.6409 36.3272 93.6000
v -18.2688 35.0227 93.6000
v -18.9791 33.7613 93.6000
v -20.4074 33.5252 93.6000
v -21.8480 33.3814 93.6000
v -23.2948 33.3302 93.6000
v -24.7419 33.3720 93.6000
v -26.1833 33.5065 93.6000
v -27.6131 33.7333 93.6000
v -29.0255 34.0514 93.6000
v -30.4145 34.4594 93.6000
v -31.7744 34.9557 93.6000
v -33.0997 35.5382 93.6000
v -34.3850 36.2046 93.6000
v -35.6247 36.9521 93.6000
v -36.8140 37.7776 93.6000
v -37.9479 38.6777 93.6000
v -39.0216 39.6487 93.6000
v -40.0309 40.6867 93.6000
v -40.9714 41.7872 93.6000
v -41.8395 42.9458 93.6000
v -42.6313 44.1577 93.6000
v -43.3438 45.4180 93.6000
v -43.9739 46.7213 93.6000
v -44.5191 48.0625 93.6000
v -44.9772 49.4358 93.6000
v -45.3461 50.8357 93.6000
v -45.6245 52.2564 93.6000
v -45.8111 53.6920 93.6000
v -45.9053 55.1366 93.6000
v -45.9065 56.5843 93.6000
v -45.8149 58.0291 93.6000
v -45.6307 59.4650 93.6000
v -45.3547 60.8862 93.6000
v -44.9882 62.2867 93.6000
v -44.5325 63.6608 93.6000
v -43.9896 65.0029 93.6000
v -43.3617 66.3073 93.6000
v -30.8153 50.6650 93.6000
v -32.0687 50.8860 93.6000
v -31.0363 49.4116 93.6000
v -30.8521 50.4561 121.6000
v -31.0242 50.7019 121.6000
v -29.5618 50.4440 93.6000
v -30.6063 50.6282 121.6000
v -30.5942 51.9185 93.6000
v -30.7784 50.8739 121.6000
v -30.8153 50.6650 121.6000
v -0.1387 11.7854 -9.0000
v -2.3472 10.0084 -9.0000
v -30.8153 50.6650 -9.0000
v 1.8364 13.8583 -9.0000
v 3.5630 16.2114 -9.0000
v 5.0279 18.8266 -9.0000
v 6.2201 21.6841 -9.0000
v 7.1304 24.7622 -9.0000
v 7.7519 28.0375 -9.0000
v 8.0799 31.4849 -9.0000
v 8.1118 35.0784 -9.0000
v 7.8475 38.7904 -9.0000
v 7.2890 42.5928 -9.0000
v 6.4405 46.4567 -9.0000
v 5.3084 50.3526 -9.0000
v 3.9014 54.2508 -9.0000
v 2.2302 58.1218 -9.0000
v 0.3075 61.9360 -9.0000
v -1.8521 65.6645 -9.0000
v -4.2321 69.2788 -9.0000
v -6.8144 72.7514 -9.0000
v -9.5794 76.0559 -9.0000
v -12.5060 79.1672 -9.0000
v -15.5719 82.0616 -9.0000
v -18.7538 84.7170 -9.0000
v -22.0276 87.1133 -9.0000
v -25.3682 89.2322 -9.0000
v -28.7503 91.0575 -9.0000
v -32.1481 92.5755 -9.0000
v -35.5357 93.7745 -9.0000
v -38.8874 94.6454 -9.0000
v -42.1777 95.1815 -9.0000
v -45.3816 95.3789 -9.0000
v -48.4745 95.2360 -9.0000
v -51.4331 94.7539 -9.0000
v -54.2347 93.9362 -9.0000
v -56.8581 92.7892 -9.0000
v -59.2833 91.3216 -9.0000
v -61.4919 89.5446 -9.0000
v -63.4669 87.4717 -9.0000
v -65.1935 85.1187 -9.0000
v -66.6585 82.5035 -9.0000
v -67.8506 79.6459 -9.0000
v -68.7609 76.5678 -9.0000
v -69.3824 73.2926 -9.0000
v -69.7104 69.8451 -9.0000
v -69.7423 66.2517 -9.0000
v -69.4781 62.5396 -9.0000
v -68.9195 58.7372 -9.0000
v -68.0710 54.8734 -9.0000
v -66.9389 50.9775 -9.0000
v -65.5319 47.0792 -9.0000
v -63.8607 43.2083 -9.0000
v -61.9380 39.3940 -9.0000
v -59.7784 35.6656 -9.0000
v -57.3984 32.0513 -9.0000
v -54.8161 28.5787 -9.0000
v -52.0511 25.2741 -9.0000
v -49.1245 22.1628 -9.0000
v -46.0586 19.2685 -9.0000
v -42.8767 16.6130 -9.0000
v -39.6029 14.2168 -9.0000
v -36.2623 12.0979 -9.0000
v -32.8802 10.2725 -9.0000
v -29.4824 8.7546 -9.0000
v -26.0948 7.5556 -9.0000
v -22.7431 6.6847 -9.0000
v -19.4528 6.1485 -9.0000
v -16.2490 5.9511 -9.0000
v -13.1560 6.0941 -9.0000
v -10.1975 6.5762 -9.0000
v -7.3958 7.3939 -9.0000
v -4.7724 8.5408 -9.0000
v -0.1387 11.7854 1.0000
v -2.3472 10.0084 1.0000
v 1.8364 13.8583 1.0000
v 3.5630 16.2114 1.0000
v 5.0279 18.8266 1.0000
v 6.2201 21.6841 1.0000
v 7.1304 24.7622 1.0000
v 7.7519 28.0375 1.0000
v 8.0799 31.4849 1.0000
v 8.1118 35.0784 1.0000
v 7.8475 38.7904 1.0000
v 7.2890 42.5928 1.0000
v 6.4405 46.4567 1.0000
v 5.3084 50.3526 1.0000
v 3.9014 54.2508 1.0000
v 2.2302 58.1218 1.0000
v 0.3075 61.9360 1.0000
v -1.8521 65.6645 1.0000
v -4.2321 69.2788 1.0000
v -6.8144 72.7514 1.0000
v -9.5794 76.0559 1.0000
v -12.5060 79.1672 1.0000
v -15.5719 82.0616 1.0000
v -18.7538 84.7170 1.0000
v -22.0276 87.1133 1.0000
v -25.3682 89.2322 1.0000
v -28.7503 91.0575 1.0000
v -32.1481 92.5755 1.0000
v -35.5357 93.7745 1.0000
v -38.8874 94.6454 1.0000
v -42.1777 95.1815 1.0000
v -45.3816 95.3789 1.0000
v -48.4745 95.2360 1.0000
v -51.4331 94.7539 1.0000
v -54.2347 93.9362 1.0000
v -56.8581 92.7892 1.0000
v -59.2833 91.3216 1.0000
v -61.4919 89.5446 1.0000
v -63.4669 87.4717 1.0000
v -65.1935 85.1187 1.0000
v -66.6585 82.5035 1.0000
v -67.8506 79.6459 1.0000
v -68.7609 76.5678 1.0000
v -69.3824 73.2926 1.0000
v -69.7104 69.8451 1.0000
v -69.7423 66.2517 1.0000
v -69.4781 62.5396 1.0000
v -68.9195 58.7372 1.0000
v -68.0710 54.8734 1.0000
v -66.9389 50.9775 1.0000
v -65.5319 47.0792 1.0000
v -63.8607 43.2083 1.0000
v -61.9380 39.3940 1.0000
v -59.7784 35.6656 1.0000
v -57.3984 32.0513 1.0000
v -54.8161 28.5787 1.0000
v -52.0511 25.2741 1.0000
v -49.1245 22.1628 1.0000
v -46.0586 19.2685 1.0000
v -42.8767 16.6130 1.0000
v -39.6029 14.2168 1.0000
v -36.2623 12.0979 1.0000
v -32.8802 10.2725 1.0000
v -29.4824 8.7546 1.0000
v -26.0948 7.5556 1.0000
v -22.7431 6.6847 1.0000
v -19.4528 6.1485 1.0000
v -16.2490 5.9511 1.0000
v -13.1560 6.0941 1.0000
v -10.1975 6.5762 1.0000
v -7.3958 7.3939 1.0000
v -4.7724 8.5408 1.0000
v -30.8153 50.6650 1.0000
v -83.9126 79.9020 -0.7500
v -70.0752 100.0778 -0.7500
v -15.1115 21.5815 -0.7500
v -89.0710 62.3077 -0.7500
v -85.7846 45.9658 -0.7500
v -69.2820 19.0695 -0.7500
v -42.6924 -8.9200 -0.7500
v -14.5390 -35.8146 -0.7500
v 15.1781 -61.6143 -0.7500
v 38.5600 -76.7024 -0.7500
v 54.7463 -78.1858 -0.7500
v 58.8883 -62.4683 -0.7500
v 52.7073 -35.3361 -0.7500
v 38.6273 1.4129 -0.7500
v 22.9837 37.0669 -0.7500
v 5.7763 71.6260 -0.7500
v -13.8536 96.3323 -0.7500
v -28.0861 105.0098 -0.7500
v -46.3835 106.1802 -0.7500
v -83.9126 79.9020 -0.1500
v -70.0752 100.0778 -0.1500
v -89.0710 62.3077 -0.1500
v -85.7846 45.9658 -0.1500
v -69.2820 19.0695 -0.1500
v -42.6924 -8.9200 -0.1500
v -14.5390 -35.8146 -0.1500
v 15.1781 -61.6143 -0.1500
v 38.5600 -76.7024 -0.1500
v 54.7463 -78.1858 -0.1500
v 58.8883 -62.4683 -0.1500
v 52.7073 -35.3361 -0.1500
v 38.6273 1.4129 -0.1500
v 22.9837 37.0669 -0.1500
v 5.7763 71.6260 -0.1500
v -13.8536 96.3323 -0.1500
v -28.0861 105.0098 -0.1500
v -46.3835 106.1802 -0.1500
v -15.1115 21.5815 -0.1500
o new_tower_basement
usemtl context
f 1 2 3
f 4 1 3
f 5 4 3
f 6 5 3
f 7 6 3
f 8 7 3
f 9 8 3
f 10 9 3
f 11 10 3
f 12 11 3
f 13 12 3
f 14 13 3
f 15 14 3
f 16 15 3
f 17 16 3
f 18 17 3
f 19 18 3
f 20 19 3
f 21 20 3
f 22 21 3
f 23 22 3
f 24 23 3
f 25 24 3
f 26 25 3
f 27 26 3
f 28 27 3
f 29 28 3
f 30 29 3
f 31 30 3
f 32 31 3
f 33 32 3
f 34 33 3
f 35 34 3
f 36 35 3
f 37 36 3
f 38 37 3
f 39 38 3
f 40 39 3
f 41 40 3
f 42 41 3
f 43 42 3
f 44 43 3
f 45 44 3
f 46 45 3
f 47 46 3
f 48 47 3
f 49 48 3
f 50 49 3
f 51 50 3
f 52 51 3
f 53 52 3
f 54 53 3
f 55 54 3
f 56 55 3
f 57 56 3
f 58 57 3
f 59 58 3
f 60 59 3
f 61 60 3
f 62 61 3
f 63 62 3
f 64 63 3
f 65 64 3
f 66 65 3
f 67 66 3
f 68 67 3
f 69 68 3
f 70 69 3
f 71 70 3
f 72 71 3
f 73 72 3
f 74 73 3
f 75 74 3
f 76 75 3
f 77 76 3
f 78 77 3
f 79 78 3
f 80 79 3
f 81 80 3
f 82 81 3
f 83 82 3
f 84 83 3
f 85 84 3
f 86 85 3
f 87 86 3
f 88 87 3
f 89 88 3
f 90 89 3
f 91 90 3
f 92 91 3
f 93 92 3
f 94 93 3
f 95 94 3
f 96 95 3
f 97 96 3
f 98 97 3
f 99 98 3
f 100 99 3
f 101 100 3
f 102 101 3
f 103 102 3
f 104 103 3
f 105 104 3
f 106 105 3
f 107 106 3
f 108 107 3
f 109 108 3
f 110 109 3
f 111 110 3
f 112 111 3
f 113 112 3
f 114 113 3
f 115 114 3
f 116 115 3
f 117 116 3
f 118 117 3
f 119 118 3
f 120 119 3
f 121 120 3
f 122 121 3
f 123 122 3
f 124 123 3
f 125 124 3
f 126 125 3
f 127 126 3
f 128 127 3
f 129 128 3
f 130 129 3
f 131 130 3
f 132 131 3
f 133 132 3
f 134 133 3
f 135 134 3
f 136 135 3
f 137 136 3
f 138 137 3
f 139 138 3
f 140 139 3
f 141 140 3
f 142 141 3
f 143 142 3
f 144 143 3
f 145 144 3
f 146 145 3
f 147 146 3
f 148 147 3
f 149 148 3
f 150 149 3
f 151 150 3
f 152 151 3
f 153 152 3
f 154 153 3
f 155 154 3
f 156 155 3
f 157 156 3
f 158 157 3
f 159 158 3
f 160 159 3
f 161 160 3
f 162 161 3
f 163 162 3
f 164 163 3
f 165 164 3
f 166 165 3
f 167 166 3
f 168 167 3
f 169 168 3
f 170 169 3
f 171 170 3
f 172 171 3
f 173 172 3
f 174 173 3
f 175 174 3
f 176 175 3
f 177 176 3
f 178 177 3
f 179 178 3
f 180 179 3
f 181 180 3
f 182 181 3
f 183 182 3
f 184 183 3
f 185 184 3
f 186 185 3
f 187 186 3
f 188 187 3
f 189 188 3
f 190 189 3
f 191 190 3
f 192 191 3
f 193 192 3
f 194 193 3
f 195 194 3
f 196 195 3
f 197 196 3
f 198 197 3
f 199 198 3
f 200 199 3
f 201 200 3
f 202 201 3
f 203 202 3
f 204 203 3
f 205 204 3
f 206 205 3
f 207 206 3
f 208 207 3
f 209 208 3
f 210 209 3
f 211 210 3
f 212 211 3
f 213 212 3
f 214 213 3
f 215 214 3
f 216 215 3
f 217 216 3
f 218 217 3
f 219 218 3
f 220 219 3
f 221 220 3
f 222 221 3
f 223 222 3
f 224 223 3
f 225 224 3
f 226 225 3
f 227 226 3
f 228 227 3
f 229 228 3
f 230 229 3
f 231 230 3
f 232 231 3
f 233 232 3
f 234 233 3
f 235 234 3
f 236 235 3
f 237 236 3
f 238 237 3
f 239 238 3
f 240 239 3
f 241 240 3
f 242 241 3
f 243 242 3
f 244 243 3
f 245 244 3
f 246 245 3
f 247 246 3
f 248 247 3
f 249 248 3
f 250 249 3
f 251 250 3
f 252 251 3
f 253 252 3
f 254 253 3
f 255 254 3
f 256 255 3
f 257 256 3
f 258 257 3
f 259 258 3
f 260 259 3
f 261 260 3
f 262 261 3
f 263 262 3
f 2 263 3
f 2 1 264 265
f 1 4 266 264
f 4 5 267 266
f 5 6 268 267
f 6 7 269 268
f 7 8 270 269
f 8 9 271 270
f 9 10 272 271
f 10 11 273 272
f 11 12 274 273
f 12 13 275 274
f 13 14 276 275
f 14 15 277 276
f 15 16 278 277
f 16 17 279 278
f 17 18 280 279
f 18 19 281 280
f 19 20 282 281
f 20 21 283 282
f 21 22 284 283
f 22 23 285 284
f 23 24 286 285
f 24 25 287 286
f 25 26 288 287
f 26 27 289 288
f 27 28 290 289
f 28 29 291 290
f 29 30 292 291
f 30 31 293 292
f 31 32 294 293
f 32 33 295 294
f 33 34 296 295
f 34 35 297 296
f 35 36 298 297
f 36 37 299 298
f 37 38 300 299
f 38 39 301 300
f 39 40 302 301
f 40 41 303 302
f 41 42 304 303
f 42 43 305 304
f 43 44 306 305
f 44 45 307 306
f 45 46 308 307
f 46 47 309 308
f 47 48 310 309
f 48 49 311 310
f 49 50 312 311
f 50 51 313 312
f 51 52 314 313
f 52 53 315 314
f 53 54 316 315
f 54 55 317 316
f 55 56 318 317
f 56 57 319 318
f 57 58 320 319
f 58 59 321 320
f 59 60 322 321
f 60 61 323 322
f 61 62 324 323
f 62 63 325 324
f 63 64 326 325
f 64 65 327 326
f 65 66 328 327
f 66 67 329 328
f 67 68 330 329
f 68 69 331 330
f 69 70 332 331
f 70 71 333 332
f 71 72 334 333
f 72 73 335 334
f 73 74 336 335
f 74 75 337 336
f 75 76 338 337
f 76 77 339 338
f 77 78 340 339
f 78 79 341 340
f 79 80 342 341
f 80 81 343 342
f 81 82 344 343
f 82 83 345 344
f 83 84 346 345
f 84 85 347 346
f 85 86 348 347
f 86 87 349 348
f 87 88 350 349
f 88 89 351 350
f 89 90 352 351
f 90 91 353 352
f 91 92 354 353
f 92 93 355 354
f 93 94 356 355
f 94 95 357 356
f 95 96 358 357
f 96 97 359 358
f 97 98 360 359
f 98 99 361 360
f 99 100 362 361
f 100 101 363 362
f 101 102 364 363
f 102 103 365 364
f 103 104 366 365
f 104 105 367 366
f 105 106 368 367
f 106 107 369 368
f 107 108 370 369
f 108 109 371 370
f 109 110 372 371
f 110 111 373 372
f 111 112 374 373
f 112 113 375 374
f 113 114 376 375
f 114 115 377 376
f 115 116 378 377
f 116 117 379 378
f 117 118 380 379
f 118 119 381 380
f 119 120 382 381
f 120 121 383 382
f 121 122 384 383
f 122 123 385 384
f 123 124 386 385
f 124 125 387 386
f 125 126 388 387
f 126 127 389 388
f 127 128 390 389
f 128 129 391 390
f 129 130 392 391
f 130 131 393 392
f 131 132 394 393
f 132 133 395 394
f 133 134 396 395
f 134 135 397 396
f 135 136 398 397
f 136 137 399 398
f 137 138 400 399
f 138 139 401 400
f 139 140 402 401
f 140 141 403 402
f 141 142 404 403
f 142 143 405 404
f 143 144 406 405
f 144 145 407 406
f 145 146 408 407
f 146 147 409 408
f 147 148 410 409
f 148 149 411 410
f 149 150 412 411
f 150 151 413 412
f 151 152 414 413
f 152 153 415 414
f 153 154 416 415
f 154 155 417 416
f 155 156 418 417
f 156 157 419 418
f 157 158 420 419
f 158 159 421 420
f 159 160 422 421
f 160 161 423 422
f 161 162 424 423
f 162 163 425 424
f 163 164 426 425
f 164 165 427 426
f 165 166 428 427
f 166 167 429 428
f 167 168 430 429
f 168 169 431 430
f 169 170 432 431
f 170 171 433 432
f 171 172 434 433
f 172 173 435 434
f 173 174 436 435
f 174 175 437 436
f 175 176 438 437
f 176 177 439 438
f 177 178 440 439
f 178 179 441 440
f 179 180 442 441
f 180 181 443 442
f 181 182 444 443
f 182 183 445 444
f 183 184 446 445
f 184 185 447 446
f 185 186 448 447
f 186 187 449 448
f 187 188 450 449
f 188 189 451 450
f 189 190 452 451
f 190 191 453 452
f 191 192 454 453
f 192 193 455 454
f 193 194 456 455
f 194 195 457 456
f 195 196 458 457
f 196 197 459 458
f 197 198 460 459
f 198 199 461 460
f 199 200 462 461
f 200 201 463 462
f 201 202 464 463
f 202 203 465 464
f 203 204 466 465
f 204 205 467 466
f 205 206 468 467
f 206 207 469 468
f 207 208 470 469
f 208 209 471 470
f 209 210 472 471
f 210 211 473 472
f 211 212 474 473
f 212 213 475 474
f 213 214 476 475
f 214 215 477 476
f 215 216 478 477
f 216 217 479 478
f 217 218 480 479
f 218 219 481 480
f 219 220 482 481
f 220 221 483 482
f 221 222 484 483
f 222 223 485 484
f 223 224 486 485
f 224 225 487 486
f 225 226 488 487
f 226 227 489 488
f 227 228 490 489
f 228 229 491 490
f 229 230 492 491
f 230 231 493 492
f 231 232 494 493
f 232 233 495 494
f 233 234 496 495
f 234 235 497 496
f 235 236 498 497
f 236 237 499 498
f 237 238 500 499
f 238 239 501 500
f 239 240 502 501
f 240 241 503 502
f 241 242 504 503
f 242 243 505 504
f 243 244 506 505
f 244 245 507 506
f 245 246 508 507
f 246 247 509 508
f 247 248 510 509
f 248 249 511 510
f 249 250 512 511
f 250 251 513 512
f 251 252 514 513
f 252 253 515 514
f 253 254 516 515
f 254 255 517 516
f 255 256 518 517
f 256 257 519 518
f 257 258 520 519
f 258 259 521 520
f 259 260 522 521
f 260 261 523 522
f 261 262 524 523
f 262 263 525 524
f 263 2 265 525
f 265 264 526 527
f 264 266 528 526
f 266 267 529 528
f 267 268 530 529
f 268 269 531 530
f 269 270 532 531
f 270 271 533 532
f 271 272 534 533
f 272 273 535 534
f 273 274 536 535
f 274 275 537 536
f 275 276 538 537
f 276 277 539 538
f 277 278 540 539
f 278 279 541 540
f 279 280 542 541
f 280 281 543 542
f 281 282 544 543
f 282 283 545 544
f 283 284 546 545
f 284 285 547 546
f 285 286 548 547
f 286 287 549 548
f 287 288 550 549
f 288 289 551 550
f 289 290 552 551
f 290 291 553 552
f 291 292 554 553
f 292 293 555 554
f 293 294 556 555
f 294 295 557 556
f 295 296 558 557
f 296 297 559 558
f 297 298 560 559
f 298 299 561 560
f 299 300 562 561
f 300 301 563 562
f 301 302 564 563
f 302 303 565 564
f 303 304 566 565
f 304 305 567 566
f 305 306 568 567
f 306 307 569 568
f 307 308 570 569
f 308 309 571 570
f 309 310 572 571
f 310 311 573 572
f 311 312 574 573
f 312 313 575 574
f 313 314 576 575
f 314 315 577 576
f 315 316 578 577
f 316 317 579 578
f 317 318 580 579
f 318 319 581 580
f 319 320 582 581
f 320 321 583 582
f 321 322 584 583
f 322 323 585 584
f 323 324 586 585
f 324 325 587 586
f 325 326 588 587
f 326 327 589 588
f 327 328 590 589
f 328 329 591 590
f 329 330 592 591
f 330 331 593 592
f 331 332 594 593
f 332 333 595 594
f 333 334 596 595
f 334 335 597 596
f 335 336 598 597
f 336 337 599 598
f 337 338 600 599
f 338 339 601 600
f 339 340 602 601
f 340 341 603 602
f 341 342 604 603
f 342 343 605 604
f 343 344 606 605
f 344 345 607 606
f 345 346 608 607
f 346 347 609 608
f 347 348 610 609
f 348 349 611 610
f 349 350 612 611
f 350 351 613 612
f 351 352 614 613
f 352 353 615 614
f 353 354 616 615
f 354 355 617 616
f 355 356 618 617
f 356 357 619 618
f 357 358 620 619
f 358 359 621 620
f 359 360 622 621
f 360 361 623 622
f 361 362 624 623
f 362 363 625 624
f 363 364 626 625
f 364 365 627 626
f 365 366 628 627
f 366 367 629 628
f 367 368 630 629
f 368 369 631 630
f 369 370 632 631
f 370 371 633 632
f 371 372 634 633
f 372 373 635 634
f 373 374 636 635
f 374 375 637 636
f 375 376 638 637
f 376 377 639 638
f 377 378 640 639
f 378 379 641 640
f 379 380 642 641
f 380 381 643 642
f 381 382 644 643
f 382 383 645 644
f 383 384 646 645
f 384 385 647 646
f 385 386 648 647
f 386 387 649 648
f 387 388 650 649
f 388 389 651 650
f 389 390 652 651
f 390 391 653 652
f 391 392 654 653
f 392 393 655 654
f 393 394 656 655
f 394 395 657 656
f 395 396 658 657
f 396 397 659 658
f 397 398 660 659
f 398 399 661 660
f 399 400 662 661
f 400 401 663 662
f 401 402 664 663
f 402 403 665 664
f 403 404 666 665
f 404 405 667 666
f 405 406 668 667
f 406 407 669 668
f 407 408 670 669
f 408 409 671 670
f 409 410 672 671
f 410 411 673 672
f 411 412 674 673
f 412 413 675 674
f 413 414 676 675
f 414 415 677 676
f 415 416 678 677
f 416 417 679 678
f 417 418 680 679
f 418 419 681 680
f 419 420 682 681
f 420 421 683 682
f 421 422 684 683
f 422 423 685 684
f 423 424 686 685
f 424 425 687 686
f 425 426 688 687
f 426 427 689 688
f 427 428 690 689
f 428 429 691 690
f 429 430 692 691
f 430 431 693 692
f 431 432 694 693
f 432 433 695 694
f 433 434 696 695
f 434 435 697 696
f 435 436 698 697
f 436 437 699 698
f 437 438 700 699
f 438 439 701 700
f 439 440 702 701
f 440 441 703 702
f 441 442 704 703
f 442 443 705 704
f 443 444 706 705
f 444 445 707 706
f 445 446 708 707
f 446 447 709 708
f 447 448 710 709
f 448 449 711 710
f 449 450 712 711
f 450 451 713 712
f 451 452 714 713
f 452 453 715 714
f 453 454 716 715
f 454 455 717 716
f 455 456 718 717
f 456 457 719 718
f 457 458 720 719
f 458 459 721 720
f 459 460 722 721
f 460 461 723 722
f 461 462 724 723
f 462 463 725 724
f 463 464 726 725
f 464 465 727 726
f 465 466 728 727
f 466 467 729 728
f 467 468 730 729
f 468 469 731 730
f 469 470 732 731
f 470 471 733 732
f 471 472 734 733
f 472 473 735 734
f 473 474 736 735
f 474 475 737 736
f 475 476 738 737
f 476 477 739 738
f 477 478 740 739
f 478 479 741 740
f 479 480 742 741
f 480 481 743 742
f 481 482 744 743
f 482 483 745 744
f 483 484 746 745
f 484 485 747 746
f 485 486 748 747
f 486 487 749 748
f 487 488 750 749
f 488 489 751 750
f 489 490 752 751
f 490 491 753 752
f 491 492 754 753
f 492 493 755 754
f 493 494 756 755
f 494 495 757 756
f 495 496 758 757
f 496 497 759 758
f 497 498 760 759
f 498 499 761 760
f 499 500 762 761
f 500 501 763 762
f 501 502 764 763
f 502 503 765 764
f 503 504 766 765
f 504 505 767 766
f 505 506 768 767
f 506 507 769 768
f 507 508 770 769
f 508 509 771 770
f 509 510 772 771
f 510 511 773 772
f 511 512 774 773
f 512 513 775 774
f 513 514 776 775
f 514 515 777 776
f 515 516 778 777
f 516 517 779 778
f 517 518 780 779
f 518 519 781 780
f 519 520 782 781
f 520 521 783 782
f 521 522 784 783
f 522 523 785 784
f 523 524 786 785
f 524 525 787 786
f 525 265 527 787
f 527 526 788 789
f 526 528 790 788
f 528 529 791 790
f 529 530 792 791
f 530 531 793 792
f 531 532 794 793
f 532 533 795 794
f 533 534 796 795
f 534 535 797 796
f 535 536 798 797
f 536 537 799 798
f 537 538 800 799
f 538 539 801 800
f 539 540 802 801
f 540 541 803 802
f 541 542 804 803
f 542 543 805 804
f 543 544 806 805
f 544 545 807 806
f 545 546 808 807
f 546 547 809 808
f 547 548 810 809
f 548 549 811 810
f 549 550 812 811
f 550 551 813 812
f 551 552 814 813
f 552 553 815 814
f 553 554 816 815
f 554 555 817 816
f 555 556 818 817
f 556 557 819 818
f 557 558 820 819
f 558 559 821 820
f 559 560 822 821
f 560 561 823 822
f 561 562 824 823
f 562 563 825 824
f 563 564 826 825
f 564 565 827 826
f 565 566 828 827
f 566 567 829 828
f 567 568 830 829
f 568 569 831 830
f 569 570 832 831
f 570 571 833 832
f 571 572 834 833
f 572 573 835 834
f 573 574 836 835
f 574 575 837 836
f 575 576 838 837
f 576 577 839 838
f 577 578 840 839
f 578 579 841 840
f 579 580 842 841
f 580 581 843 842
f 581 582 844 843
f 582 583 845 844
f 583 584 846 845
f 584 585 847 846
f 585 586 848 847
f 586 587 849 848
f 587 588 850 849
f 588 589 851 850
f 589 590 852 851
f 590 591 853 852
f 591 592 854 853
f 592 593 855 854
f 593 594 856 855
f 594 595 857 856
f 595 596 858 857
f 596 597 859 858
f 597 598 860 859
f 598 599 861 860
f 599 600 862 861
f 600 601 863 862
f 601 602 864 863
f 602 603 865 864
f 603 604 866 865
f 604 605 867 866
f 605 606 868 867
f 606 607 869 868
f 607 608 870 869
f 608 609 871 870
f 609 610 872 871
f 610 611 873 872
f 611 612 874 873
f 612 613 875 874
f 613 614 876 875
f 614 615 877 876
f 615 616 878 877
f 616 617 879 878
f 617 618 880 879
f 618 619 881 880
f 619 620 882 881
f 620 621 883 882
f 621 622 884 883
f 622 623 885 884
f 623 624 886 885
f 624 625 887 886
f 625 626 888 887
f 626 627 889 888
f 627 628 890 889
f 628 629 891 890
f 629 630 892 891
f 630 631 893 892
f 631 632 894 893
f 632 633 895 894
f 633 634 896 895
f 634 635 897 896
f 635 636 898 897
f 636 637 899 898
f 637 638 900 899
f 638 639 901 900
f 639 640 902 901
f 640 641 903 902
f 641 642 904 903
f 642 643 905 904
f 643 644 906 905
f 644 645 907 906
f 645 646 908 907
f 646 647 909 908
f 647 648 910 909
f 648 649 911 910
f 649 650 912 911
f 650 651 913 912
f 651 652 914 913
f 652 653 915 914
f 653 654 916 915
f 654 655 917 916
f 655 656 918 917
f 656 657 919 918
f 657 658 920 919
f 658 659 921 920
f 659 660 922 921
f 660 661 923 922
f 661 662 924 923
f 662 663 925 924
f 663 664 926 925
f 664 665 927 926
f 665 666 928 927
f 666 667 929 928
f 667 668 930 929
f 668 669 931 930
f 669 670 932 931
f 670 671 933 932
f 671 672 934 933
f 672 673 935 934
f 673 674 936 935
f 674 675 937 936
f 675 676 938 937
f 676 677 939 938
f 677 678 940 939
f 678 679 941 940
f 679 680 942 941
f 680 681 943 942
f 681 682 944 943
f 682 683 945 944
f 683 684 946 945
f 684 685 947 946
f 685 686 948 947
f 686 687 949 948
f 687 688 950 949
f 688 689 951 950
f 689 690 952 951
f 690 691 953 952
f 691 692 954 953
f 692 693 955 954
f 693 694 956 955
f 694 695 957 956
f 695 696 958 957
f 696 697 959 958
f 697 698 960 959
f 698 699 961 960
f 699 700 962 961
f 700 701 963 962
f 701 702 964 963
f 702 703 965 964
f 703 704 966 965
f 704 705 967 966
f 705 706 968 967
f 706 707 969 968
f 707 708 970 969
f 708 709 971 970
f 709 710 972 971
f 710 711 973 972
f 711 712 974 973
f 712 713 975 974
f 713 714 976 975
f 714 715 977 976
f 715 716 978 977
f 716 717 979 978
f 717 718 980 979
f 718 719 981 980
f 719 720 982 981
f 720 721 983 982
f 721 722 984 983
f 722 723 985 984
f 723 724 986 985
f 724 725 987 986
f 725 726 988 987
f 726 727 989 988
f 727 728 990 989
f 728 729 991 990
f 729 730 992 991
f 730 731 993 992
f 731 732 994 993
f 732 733 995 994
f 733 734 996 995
f 734 735 997 996
f 735 736 998 997
f 736 737 999 998
f 737 738 1000 999
f 738 739 1001 1000
f 739 740 1002 1001
f 740 741 1003 1002
f 741 742 1004 1003
f 742 743 1005 1004
f 743 744 1006 1005
f 744 745 1007 1006
f 745 746 1008 1007
f 746 747 1009 1008
f 747 748 1010 1009
f 748 749 1011 1010
f 749 750 1012 1011
f 750 751 1013 1012
f 751 752 1014 1013
f 752 753 1015 1014
f 753 754 1016 1015
f 754 755 1017 1016
f 755 756 1018 1017
f 756 757 1019 1018
f 757 758 1020 1019
f 758 759 1021 1020
f 759 760 1022 1021
f 760 761 1023 1022
f 761 762 1024 1023
f 762 763 1025 1024
f 763 764 1026 1025
f 764 765 1027 1026
f 765 766 1028 1027
f 766 767 1029 1028
f 767 768 1030 1029
f 768 769 1031 1030
f 769 770 1032 1031
f 770 771 1033 1032
f 771 772 1034 1033
f 772 773 1035 1034
f 773 774 1036 1035
f 774 775 1037 1036
f 775 776 1038 1037
f 776 777 1039 1038
f 777 778 1040 1039
f 778 779 1041 1040
f 779 780 1042 1041
f 780 781 1043 1042
f 781 782 1044 1043
f 782 783 1045 1044
f 783 784 1046 1045
f 784 785 1047 1046
f 785 786 1048 1047
f 786 787 1049 1048
f 787 527 789 1049
f 789 788 1050 1051
f 788 790 1052 1050
f 790 791 1053 1052
f 791 792 1054 1053
f 792 793 1055 1054
f 793 794 1056 1055
f 794 795 1057 1056
f 795 796 1058 1057
f 796 797 1059 1058
f 797 798 1060 1059
f 798 799 1061 1060
f 799 800 1062 1061
f 800 801 1063 1062
f 801 802 1064 1063
f 802 803 1065 1064
f 803 804 1066 1065
f 804 805 1067 1066
f 805 806 1068 1067
f 806 807 1069 1068
f 807 808 1070 1069
f 808 809 1071 1070
f 809 810 1072 1071
f 810 811 1073 1072
f 811 812 1074 1073
f 812 813 1075 1074
f 813 814 1076 1075
f 814 815 1077 1076
f 815 816 1078 1077
f 816 817 1079 1078
f 817 818 1080 1079
f 818 819 1081 1080
f 819 820 1082 1081
f 820 821 1083 1082
f 821 822 1084 1083
f 822 823 1085 1084
f 823 824 1086 1085
f 824 825 1087 1086
f 825 826 1088 1087
f 826 827 1089 1088
f 827 828 1090 1089
f 828 829 1091 1090
f 829 830 1092 1091
f 830 831 1093 1092
f 831 832 1094 1093
f 832 833 1095 1094
f 833 834 1096 1095
f 834 835 1097 1096
f 835 836 1098 1097
f 836 837 1099 1098
f 837 838 1100 1099
f 838 839 1101 1100
f 839 840 1102 1101
f 840 841 1103 1102
f 841 842 1104 1103
f 842 843 1105 1104
f 843 844 1106 1105
f 844 845 1107 1106
f 845 846 1108 1107
f 846 847 1109 1108
f 847 848 1110 1109
f 848 849 1111 1110
f 849 850 1112 1111
f 850 851 1113 1112
f 851 852 1114 1113
f 852 853 1115 1114
f 853 854 1116 1115
f 854 855 1117 1116
f 855 856 1118 1117
f 856 857 1119 1118
f 857 858 1120 1119
f 858 859 1121 1120
f 859 860 1122 1121
f 860 861 1123 1122
f 861 862 1124 1123
f 862 863 1125 1124
f 863 864 1126 1125
f 864 865 1127 1126
f 865 866 1128 1127
f 866 867 1129 1128
f 867 868 1130 1129
f 868 869 1131 1130
f 869 870 1132 1131
f 870 871 1133 1132
f 871 872 1134 1133
f 872 873 1135 1134
f 873 874 1136 1135
f 874 875 1137 1136
f 875 876 1138 1137
f 876 877 1139 1138
f 877 878 1140 1139
f 878 879 1141 1140
f 879 880 1142 1141
f 880 881 1143 1142
f 881 882 1144 1143
f 882 883 1145 1144
f 883 884 1146 1145
f 884 885 1147 1146
f 885 886 1148 1147
f 886 887 1149 1148
f 887 888 1150 1149
f 888 889 1151 1150
f 889 890 1152 1151
f 890 891 1153 1152
f 891 892 1154 1153
f 892 893 1155 1154
f 893 894 1156 1155
f 894 895 1157 1156
f 895 896 1158 1157
f 896 897 1159 1158
f 897 898 1160 1159
f 898 899 1161 1160
f 899 900 1162 1161
f 900 901 1163 1162
f 901 902 1164 1163
f 902 903 1165 1164
f 903 904 1166 1165
f 904 905 1167 1166
f 905 906 1168 1167
f 906 907 1169 1168
f 907 908 1170 1169
f 908 909 1171 1170
f 909 910 1172 1171
f 910 911 1173 1172
f 911 912 1174 1173
f 912 913 1175 1174
f 913 914 1176 1175
f 914 915 1177 1176
f 915 916 1178 1177
f 916 917 1179 1178
f 917 918 1180 1179
f 918 919 1181 1180
f 919 920 1182 1181
f 920 921 1183 1182
f 921 922 1184 1183
f 922 923 1185 1184
f 923 924 1186 1185
f 924 925 1187 1186
f 925 926 1188 1187
f 926 927 1189 1188
f 927 928 1190 1189
f 928 929 1191 1190
f 929 930 1192 1191
f 930 931 1193 1192
f 931 932 1194 1193
f 932 933 1195 1194
f 933 934 1196 1195
f 934 935 1197 1196
f 935 936 1198 1197
f 936 937 1199 1198
f 937 938 1200 1199
f 938 939 1201 1200
f 939 940 1202 1201
f 940 941 1203 1202
f 941 942 1204 1203
f 942 943 1205 1204
f 943 944 1206 1205
f 944 945 1207 1206
f 945 946 1208 1207
f 946 947 1209 1208
f 947 948 1210 1209
f 948 949 1211 1210
f 949 950 1212 1211
f 950 951 1213 1212
f 951 952 1214 1213
f 952 953 1215 1214
f 953 954 1216 1215
f 954 955 1217 1216
f 955 956 1218 1217
f 956 957 1219 1218
f 957 958 1220 1219
f 958 959 1221 1220
f 959 960 1222 1221
f 960 961 1223 1222
f 961 962 1224 1223
f 962 963 1225 1224
f 963 964 1226 1225
f 964 965 1227 1226
f 965 966 1228 1227
f 966 967 1229 1228
f 967 968 1230 1229
f 968 969 1231 1230
f 969 970 1232 1231
f 970 971 1233 1232
f 971 972 1234 1233
f 972 973 1235 1234
f 973 974 1236 1235
f 974 975 1237 1236
f 975 976 1238 1237
f 976 977 1239 1238
f 977 978 1240 1239
f 978 979 1241 1240
f 979 980 1242 1241
f 980 981 1243 1242
f 981 982 1244 1243
f 982 983 1245 1244
f 983 984 1246 1245
f 984 985 1247 1246
f 985 986 1248 1247
f 986 987 1249 1248
f 987 988 1250 1249
f 988 989 1251 1250
f 989 990 1252 1251
f 990 991 1253 1252
f 991 992 1254 1253
f 992 993 1255 1254
f 993 994 1256 1255
f 994 995 1257 1256
f 995 996 1258 1257
f 996 997 1259 1258
f 997 998 1260 1259
f 998 999 1261 1260
f 999 1000 1262 1261
f 1000 1001 1263 1262
f 1001 1002 1264 1263
f 1002 1003 1265 1264
f 1003 1004 1266 1265
f 1004 1005 1267 1266
f 1005 1006 1268 1267
f 1006 1007 1269 1268
f 1007 1008 1270 1269
f 1008 1009 1271 1270
f 1009 1010 1272 1271
f 1010 1011 1273 1272
f 1011 1012 1274 1273
f 1012 1013 1275 1274
f 1013 1014 1276 1275
f 1014 1015 1277 1276
f 1015 1016 1278 1277
f 1016 1017 1279 1278
f 1017 1018 1280 1279
f 1018 1019 1281 1280
f 1019 1020 1282 1281
f 1020 1021 1283 1282
f 1021 1022 1284 1283
f 1022 1023 1285 1284
f 1023 1024 1286 1285
f 1024 1025 1287 1286
f 1025 1026 1288 1287
f 1026 1027 1289 1288
f 1027 1028 1290 1289
f 1028 1029 1291 1290
f 1029 1030 1292 1291
f 1030 1031 1293 1292
f 1031 1032 1294 1293
f 1032 1033 1295 1294
f 1033 1034 1296 1295
f 1034 1035 1297 1296
f 1035 1036 1298 1297
f 1036 1037 1299 1298
f 1037 1038 1300 1299
f 1038 1039 1301 1300
f 1039 1040 1302 1301
f 1040 1041 1303 1302
f 1041 1042 1304 1303
f 1042 1043 1305 1304
f 1043 1044 1306 1305
f 1044 1045 1307 1306
f 1045 1046 1308 1307
f 1046 1047 1309 1308
f 1047 1048 1310 1309
f 1048 1049 1311 1310
f 1049 789 1051 1311
f 1051 1050 1312 1313
f 1050 1052 1314 1312
f 1052 1053 1315 1314
f 1053 1054 1316 1315
f 1054 1055 1317 1316
f 1055 1056 1318 1317
f 1056 1057 1319 1318
f 1057 1058 1320 1319
f 1058 1059 1321 1320
f 1059 1060 1322 1321
f 1060 1061 1323 1322
f 1061 1062 1324 1323
f 1062 1063 1325 1324
f 1063 1064 1326 1325
f 1064 1065 1327 1326
f 1065 1066 1328 1327
f 1066 1067 1329 1328
f 1067 1068 1330 1329
f 1068 1069 1331 1330
f 1069 1070 1332 1331
f 1070 1071 1333 1332
f 1071 1072 1334 1333
f 1072 1073 1335 1334
f 1073 1074 1336 1335
f 1074 1075 1337 1336
f 1075 1076 1338 1337
f 1076 1077 1339 1338
f 1077 1078 1340 1339
f 1078 1079 1341 1340
f 1079 1080 1342 1341
f 1080 1081 1343 1342
f 1081 1082 1344 1343
f 1082 1083 1345 1344
f 1083 1084 1346 1345
f 1084 1085 1347 1346
f 1085 1086 1348 1347
f 1086 1087 1349 1348
f 1087 1088 1350 1349
f 1088 1089 1351 1350
f 1089 1090 1352 1351
f 1090 1091 1353 1352
f 1091 1092 1354 1353
f 1092 1093 1355 1354
f 1093 1094 1356 1355
f 1094 1095 1357 1356
f 1095 1096 1358 1357
f 1096 1097 1359 1358
f 1097 1098 1360 1359
f 1098 1099 1361 1360
f 1099 1100 1362 1361
f 1100 1101 1363 1362
f 1101 1102 1364 1363
f 1102 1103 1365 1364
f 1103 1104 1366 1365
f 1104 1105 1367 1366
f 1105 1106 1368 1367
f 1106 1107 1369 1368
f 1107 1108 1370 1369
f 1108 1109 1371 1370
f 1109 1110 1372 1371
f 1110 1111 1373 1372
f 1111 1112 1374 1373
f 1112 1113 1375 1374
f 1113 1114 1376 1375
f 1114 1115 1377 1376
f 1115 1116 1378 1377
f 1116 1117 1379 1378
f 1117 1118 1380 1379
f 1118 1119 1381 1380
f 1119 1120 1382 1381
f 1120 1121 1383 1382
f 1121 1122 1384 1383
f 1122 1123 1385 1384
f 1123 1124 1386 1385
f 1124 1125 1387 1386
f 1125 1126 1388 1387
f 1126 1127 1389 1388
f 1127 1128 1390 1389
f 1128 1129 1391 1390
f 1129 1130 1392 1391
f 1130 1131 1393 1392
f 1131 1132 1394 1393
f 1132 1133 1395 1394
f 1133 1134 1396 1395
f 1134 1135 1397 1396
f 1135 1136 1398 1397
f 1136 1137 1399 1398
f 1137 1138 1400 1399
f 1138 1139 1401 1400
f 1139 1140 1402 1401
f 1140 1141 1403 1402
f 1141 1142 1404 1403
f 1142 1143 1405 1404
f 1143 1144 1406 1405
f 1144 1145 1407 1406
f 1145 1146 1408 1407
f 1146 1147 1409 1408
f 1147 1148 1410 1409
f 1148 1149 1411 1410
f 1149 1150 1412 1411
f 1150 1151 1413 1412
f 1151 1152 1414 1413
f 1152 1153 1415 1414
f 1153 1154 1416 1415
f 1154 1155 1417 1416
f 1155 1156 1418 1417
f 1156 1157 1419 1418
f 1157 1158 1420 1419
f 1158 1159 1421 1420
f 1159 1160 1422 1421
f 1160 1161 1423 1422
f 1161 1162 1424 1423
f 1162 1163 1425 1424
f 1163 1164 1426 1425
f 1164 1165 1427 1426
f 1165 1166 1428 1427
f 1166 1167 1429 1428
f 1167 1168 1430 1429
f 1168 1169 1431 1430
f 1169 1170 1432 1431
f 1170 1171 1433 1432
f 1171 1172 1434 1433
f 1172 1173 1435 1434
f 1173 1174 1436 1435
f 1174 1175 1437 1436
f 1175 1176 1438 1437
f 1176 1177 1439 1438
f 1177 1178 1440 1439
f 1178 1179 1441 1440
f 1179 1180 1442 1441
f 1180 1181 1443 1442
f 1181 1182 1444 1443
f 1182 1183 1445 1444
f 1183 1184 1446 1445
f 1184 1185 1447 1446
f 1185 1186 1448 1447
f 1186 1187 1449 1448
f 1187 1188 1450 1449
f 1188 1189 1451 1450
f 1189 1190 1452 1451
f 1190 1191 1453 1452
f 1191 1192 1454 1453
f 1192 1193 1455 1454
f 1193 1194 1456 1455
f 1194 1195 1457 1456
f 1195 1196 1458 1457
f 1196 1197 1459 1458
f 1197 1198 1460 1459
f 1198 1199 1461 1460
f 1199 1200 1462 1461
f 1200 1201 1463 1462
f 1201 1202 1464 1463
f 1202 1203 1465 1464
f 1203 1204 1466 1465
f 1204 1205 1467 1466
f 1205 1206 1468 1467
f 1206 1207 1469 1468
f 1207 1208 1470 1469
f 1208 1209 1471 1470
f 1209 1210 1472 1471
f 1210 1211 1473 1472
f 1211 1212 1474 1473
f 1212 1213 1475 1474
f 1213 1214 1476 1475
f 1214 1215 1477 1476
f 1215 1216 1478 1477
f 1216 1217 1479 1478
f 1217 1218 1480 1479
f 1218 1219 1481 1480
f 1219 1220 1482 1481
f 1220 1221 1483 1482
f 1221 1222 1484 1483
f 1222 1223 1485 1484
f 1223 1224 1486 1485
f 1224 1225 1487 1486
f 1225 1226 1488 1487
f 1226 1227 1489 1488
f 1227 1228 1490 1489
f 1228 1229 1491 1490
f 1229 1230 1492 1491
f 1230 1231 1493 1492
f 1231 1232 1494 1493
f 1232 1233 1495 1494
f 1233 1234 1496 1495
f 1234 1235 1497 1496
f 1235 1236 1498 1497
f 1236 1237 1499 1498
f 1237 1238 1500 1499
f 1238 1239 1501 1500
f 1239 1240 1502 1501
f 1240 1241 1503 1502
f 1241 1242 1504 1503
f 1242 1243 1505 1504
f 1243 1244 1506 1505
f 1244 1245 1507 1506
f 1245 1246 1508 1507
f 1246 1247 1509 1508
f 1247 1248 1510 1509
f 1248 1249 1511 1510
f 1249 1250 1512 1511
f 1250 1251 1513 1512
f 1251 1252 1514 1513
f 1252 1253 1515 1514
f 1253 1254 1516 1515
f 1254 1255 1517 1516
f 1255 1256 1518 1517
f 1256 1257 1519 1518
f 1257 1258 1520 1519
f 1258 1259 1521 1520
f 1259 1260 1522 1521
f 1260 1261 1523 1522
f 1261 1262 1524 1523
f 1262 1263 1525 1524
f 1263 1264 1526 1525
f 1264 1265 1527 1526
f 1265 1266 1528 1527
f 1266 1267 1529 1528
f 1267 1268 1530 1529
f 1268 1269 1531 1530
f 1269 1270 1532 1531
f 1270 1271 1533 1532
f 1271 1272 1534 1533
f 1272 1273 1535 1534
f 1273 1274 1536 1535
f 1274 1275 1537 1536
f 1275 1276 1538 1537
f 1276 1277 1539 1538
f 1277 1278 1540 1539
f 1278 1279 1541 1540
f 1279 1280 1542 1541
f 1280 1281 1543 1542
f 1281 1282 1544 1543
f 1282 1283 1545 1544
f 1283 1284 1546 1545
f 1284 1285 1547 1546
f 1285 1286 1548 1547
f 1286 1287 1549 1548
f 1287 1288 1550 1549
f 1288 1289 1551 1550
f 1289 1290 1552 1551
f 1290 1291 1553 1552
f 1291 1292 1554 1553
f 1292 1293 1555 1554
f 1293 1294 1556 1555
f 1294 1295 1557 1556
f 1295 1296 1558 1557
f 1296 1297 1559 1558
f 1297 1298 1560 1559
f 1298 1299 1561 1560
f 1299 1300 1562 1561
f 1300 1301 1563 1562
f 1301 1302 1564 1563
f 1302 1303 1565 1564
f 1303 1304 1566 1565
f 1304 1305 1567 1566
f 1305 1306 1568 1567
f 1306 1307 1569 1568
f 1307 1308 1570 1569
f 1308 1309 1571 1570
f 1309 1310 1572 1571
f 1310 1311 1573 1572
f 1311 1051 1313 1573
f 1313 1312 1574 1575
f 1312 1314 1576 1574
f 1314 1315 1577 1576
f 1315 1316 1578 1577
f 1316 1317 1579 1578
f 1317 1318 1580 1579
f 1318 1319 1581 1580
f 1319 1320 1582 1581
f 1320 1321 1583 1582
f 1321 1322 1584 1583
f 1322 1323 1585 1584
f 1323 1324 1586 1585
f 1324 1325 1587 1586
f 1325 1326 1588 1587
f 1326 1327 1589 1588
f 1327 1328 1590 1589
f 1328 1329 1591 1590
f 1329 1330 1592 1591
f 1330 1331 1593 1592
f 1331 1332 1594 1593
f 1332 1333 1595 1594
f 1333 1334 1596 1595
f 1334 1335 1597 1596
f 1335 1336 1598 1597
f 1336 1337 1599 1598
f 1337 1338 1600 1599
f 1338 1339 1601 1600
f 1339 1340 1602 1601
f 1340 1341 1603 1602
f 1341 1342 1604 1603
f 1342 1343 1605 1604
f 1343 1344 1606 1605
f 1344 1345 1607 1606
f 1345 1346 1608 1607
f 1346 1347 1609 1608
f 1347 1348 1610 1609
f 1348 1349 1611 1610
f 1349 1350 1612 1611
f 1350 1351 1613 1612
f 1351 1352 1614 1613
f 1352 1353 1615 1614
f 1353 1354 1616 1615
f 1354 1355 1617 1616
f 1355 1356 1618 1617
f 1356 1357 1619 1618
f 1357 1358 1620 1619
f 1358 1359 1621 1620
f 1359 1360 1622 1621
f 1360 1361 1623 1622
f 1361 1362 1624 1623
f 1362 1363 1625 1624
f 1363 1364 1626 1625
f 1364 1365 1627 1626
f 1365 1366 1628 1627
f 1366 1367 1629 1628
f 1367 1368 1630 1629
f 1368 1369 1631 1630
f 1369 1370 1632 1631
f 1370 1371 1633 1632
f 1371 1372 1634 1633
f 1372 1373 1635 1634
f 1373 1374 1636 1635
f 1374 1375 1637 1636
f 1375 1376 1638 1637
f 1376 1377 1639 1638
f 1377 1378 1640 1639
f 1378 1379 1641 1640
f 1379 1380 1642 1641
f 1380 1381 1643 1642
f 1381 1382 1644 1643
f 1382 1383 1645 1644
f 1383 1384 1646 1645
f 1384 1385 1647 1646
f 1385 1386 1648 1647
f 1386 1387 1649 1648
f 1387 1388 1650 1649
f 1388 1389 1651 1650
f 1389 1390 1652 1651
f 1390 1391 1653 1652
f 1391 1392 1654 1653
f 1392 1393 1655 1654
f 1393 1394 1656 1655
f 1394 1395 1657 1656
f 1395 1396 1658 1657
f 1396 1397 1659 1658
f 1397 1398 1660 1659
f 1398 1399 1661 1660
f 1399 1400 1662 1661
f 1400 1401 1663 1662
f 1401 1402 1664 1663
f 1402 1403 1665 1664
f 1403 1404 1666 1665
f 1404 1405 1667 1666
f 1405 1406 1668 1667
f 1406 1407 1669 1668
f 1407 1408 1670 1669
f 1408 1409 1671 1670
f 1409 1410 1672 1671
f 1410 1411 1673 1672
f 1411 1412 1674 1673
f 1412 1413 1675 1674
f 1413 1414 1676 1675
f 1414 1415 1677 1676
f 1415 1416 1678 1677
f 1416 1417 1679 1678
f 1417 1418 1680 1679
f 1418 1419 1681 1680
f 1419 1420 1682 1681
f 1420 1421 1683 1682
f 1421 1422 1684 1683
f 1422 1423 1685 1684
f 1423 1424 1686 1685
f 1424 1425 1687 1686
f 1425 1426 1688 1687
f 1426 1427 1689 1688
f 1427 1428 1690 1689
f 1428 1429 1691 1690
f 1429 1430 1692 1691
f 1430 1431 1693 1692
f 1431 1432 1694 1693
f 1432 1433 1695 1694
f 1433 1434 1696 1695
f 1434 1435 1697 1696
f 1435 1436 1698 1697
f 1436 1437 1699 1698
f 1437 1438 1700 1699
f 1438 1439 1701 1700
f 1439 1440 1702 1701
f 1440 1441 1703 1702
f 1441 1442 1704 1703
f 1442 1443 1705 1704
f 1443 1444 1706 1705
f 1444 1445 1707 1706
f 1445 1446 1708 1707
f 1446 1447 1709 1708
f 1447 1448 1710 1709
f 1448 1449 1711 1710
f 1449 1450 1712 1711
f 1450 1451 1713 1712
f 1451 1452 1714 1713
f 1452 1453 1715 1714
f 1453 1454 1716 1715
f 1454 1455 1717 1716
f 1455 1456 1718 1717
f 1456 1457 1719 1718
f 1457 1458 1720 1719
f 1458 1459 1721 1720
f 1459 1460 1722 1721
f 1460 1461 1723 1722
f 1461 1462 1724 1723
f 1462 1463 1725 1724
f 1463 1464 1726 1725
f 1464 1465 1727 1726
f 1465 1466 1728 1727
f 1466 1467 1729 1728
f 1467 1468 1730 1729
f 1468 1469 1731 1730
f 1469 1470 1732 1731
f 1470 1471 1733 1732
f 1471 1472 1734 1733
f 1472 1473 1735 1734
f 1473 1474 1736 1735
f 1474 1475 1737 1736
f 1475 1476 1738 1737
f 1476 1477 1739 1738
f 1477 1478 1740 1739
f 1478 1479 1741 1740
f 1479 1480 1742 1741
f 1480 1481 1743 1742
f 1481 1482 1744 1743
f 1482 1483 1745 1744
f 1483 1484 1746 1745
f 1484 1485 1747 1746
f 1485 1486 1748 1747
f 1486 1487 1749 1748
f 1487 1488 1750 1749
f 1488 1489 1751 1750
f 1489 1490 1752 1751
f 1490 1491 1753 1752
f 1491 1492 1754 1753
f 1492 1493 1755 1754
f 1493 1494 1756 1755
f 1494 1495 1757 1756
f 1495 1496 1758 1757
f 1496 1497 1759 1758
f 1497 1498 1760 1759
f 1498 1499 1761 1760
f 1499 1500 1762 1761
f 1500 1501 1763 1762
f 1501 1502 1764 1763
f 1502 1503 1765 1764
f 1503 1504 1766 1765
f 1504 1505 1767 1766
f 1505 1506 1768 1767
f 1506 1507 1769 1768
f 1507 1508 1770 1769
f 1508 1509 1771 1770
f 1509 1510 1772 1771
f 1510 1511 1773 1772
f 1511 1512 1774 1773
f 1512 1513 1775 1774
f 1513 1514 1776 1775
f 1514 1515 1777 1776
f 1515 1516 1778 1777
f 1516 1517 1779 1778
f 1517 1518 1780 1779
f 1518 1519 1781 1780
f 1519 1520 1782 1781
f 1520 1521 1783 1782
f 1521 1522 1784 1783
f 1522 1523 1785 1784
f 1523 1524 1786 1785
f 1524 1525 1787 1786
f 1525 1526 1788 1787
f 1526 1527 1789 1788
f 1527 1528 1790 1789
f 1528 1529 1791 1790
f 1529 1530 1792 1791
f 1530 1531 1793 1792
f 1531 1532 1794 1793
f 1532 1533 1795 1794
f 1533 1534 1796 1795
f 1534 1535 1797 1796
f 1535 1536 1798 1797
f 1536 1537 1799 1798
f 1537 1538 1800 1799
f 1538 1539 1801 1800
f 1539 1540 1802 1801
f 1540 1541 1803 1802
f 1541 1542 1804 1803
f 1542 1543 1805 1804
f 1543 1544 1806 1805
f 1544 1545 1807 1806
f 1545 1546 1808 1807
f 1546 1547 1809 1808
f 1547 1548 1810 1809
f 1548 1549 1811 1810
f 1549 1550 1812 1811
f 1550 1551 1813 1812
f 1551 1552 1814 1813
f 1552 1553 1815 1814
f 1553 1554 1816 1815
f 1554 1555 1817 1816
f 1555 1556 1818 1817
f 1556 1557 1819 1818
f 1557 1558 1820 1819
f 1558 1559 1821 1820
f 1559 1560 1822 1821
f 1560 1561 1823 1822
f 1561 1562 1824 1823
f 1562 1563 1825 1824
f 1563 1564 1826 1825
f 1564 1565 1827 1826
f 1565 1566 1828 1827
f 1566 1567 1829 1828
f 1567 1568 1830 1829
f 1568 1569 1831 1830
f 1569 1570 1832 1831
f 1570 1571 1833 1832
f 1571 1572 1834 1833
f 1572 1573 1835 1834
f 1573 1313 1575 1835
f 1836 1837 1838
f 1837 1839 1838
f 1839 1840 1838
f 1840 1841 1838
f 1841 1842 1838
f 1842 1843 1838
f 1843 1844 1838
f 1844 1845 1838
f 1845 1846 1838
f 1846 1847 1838
f 1847 1848 1838
f 1848 1849 1838
f 1849 1850 1838
f 1850 1851 1838
f 1851 1852 1838
f 1852 1853 1838
f 1853 1854 1838
f 1854 1855 1838
f 1855 1856 1838
f 1856 1857 1838
f 1857 1858 1838
f 1858 1859 1838
f 1859 1860 1838
f 1860 1861 1838
f 1861 1862 1838
f 1862 1863 1838
f 1863 1864 1838
f 1864 1865 1838
f 1865 1866 1838
f 1866 1867 1838
f 1867 1868 1838
f 1868 1869 1838
f 1869 1870 1838
f 1870 1871 1838
f 1871 1872 1838
f 1872 1873 1838
f 1873 1874 1838
f 1874 1875 1838
f 1875 1876 1838
f 1876 1877 1838
f 1877 1878 1838
f 1878 1879 1838
f 1879 1880 1838
f 1880 1881 1838
f 1881 1882 1838
f 1882 1883 1838
f 1883 1884 1838
f 1884 1885 1838
f 1885 1886 1838
f 1886 1887 1838
f 1887 1888 1838
f 1888 1889 1838
f 1889 1890 1838
f 1890 1891 1838
f 1891 1892 1838
f 1892 1893 1838
f 1893 1894 1838
f 1894 1895 1838
f 1895 1896 1838
f 1896 1897 1838
f 1897 1898 1838
f 1898 1899 1838
f 1899 1900 1838
f 1900 1901 1838
f 1901 1902 1838
f 1902 1903 1838
f 1903 1904 1838
f 1904 1905 1838
f 1905 1906 1838
f 1906 1907 1838
f 1907 1908 1838
f 1908 1909 1838
f 1909 1910 1838
f 1910 1911 1838
f 1911 1912 1838
f 1912 1913 1838
f 1913 1914 1838
f 1914 1915 1838
f 1915 1916 1838
f 1916 1917 1838
f 1917 1918 1838
f 1918 1919 1838
f 1919 1920 1838
f 1920 1921 1838
f 1921 1922 1838
f 1922 1923 1838
f 1923 1924 1838
f 1924 1925 1838
f 1925 1926 1838
f 1926 1927 1838
f 1927 1928 1838
f 1928 1929 1838
f 1929 1930 1838
f 1930 1931 1838
f 1931 1932 1838
f 1932 1933 1838
f 1933 1934 1838
f 1934 1935 1838
f 1935 1936 1838
f 1936 1937 1838
f 1937 1938 1838
f 1938 1939 1838
f 1939 1940 1838
f 1940 1941 1838
f 1941 1942 1838
f 1942 1943 1838
f 1943 1944 1838
f 1944 1945 1838
f 1945 1946 1838
f 1946 1947 1838
f 1947 1948 1838
f 1948 1949 1838
f 1949 1950 1838
f 1950 1951 1838
f 1951 1952 1838
f 1952 1953 1838
f 1953 1954 1838
f 1954 1955 1838
f 1955 1956 1838
f 1956 1957 1838
f 1957 1958 1838
f 1958 1959 1838
f 1959 1960 1838
f 1960 1961 1838
f 1961 1962 1838
f 1962 1963 1838
f 1963 1964 1838
f 1964 1965 1838
f 1965 1966 1838
f 1966 1967 1838
f 1967 1968 1838
f 1968 1969 1838
f 1969 1970 1838
f 1970 1971 1838
f 1971 1972 1838
f 1972 1973 1838
f 1973 1974 1838
f 1974 1975 1838
f 1975 1976 1838
f 1976 1977 1838
f 1977 1978 1838
f 1978 1979 1838
f 1979 1980 1838
f 1980 1981 1838
f 1981 1982 1838
f 1982 1983 1838
f 1983 1984 1838
f 1984 1985 1838
f 1985 1986 1838
f 1986 1987 1838
f 1987 1988 1838
f 1988 1989 1838
f 1989 1990 1838
f 1990 1991 1838
f 1991 1992 1838
f 1992 1993 1838
f 1993 1994 1838
f 1994 1995 1838
f 1995 1996 1838
f 1996 1997 1838
f 1997 1998 1838
f 1998 1999 1838
f 1999 2000 1838
f 2000 2001 1838
f 2001 2002 1838
f 2002 2003 1838
f 2003 2004 1838
f 2004 2005 1838
f 2005 2006 1838
f 2006 2007 1838
f 2007 2008 1838
f 2008 2009 1838
f 2009 2010 1838
f 2010 2011 1838
f 2011 2012 1838
f 2012 2013 1838
f 2013 2014 1838
f 2014 2015 1838
f 2015 2016 1838
f 2016 2017 1838
f 2017 2018 1838
f 2018 2019 1838
f 2019 2020 1838
f 2020 2021 1838
f 2021 2022 1838
f 2022 2023 1838
f 2023 2024 1838
f 2024 2025 1838
f 2025 2026 1838
f 2026 2027 1838
f 2027 2028 1838
f 2028 2029 1838
f 2029 2030 1838
f 2030 2031 1838
f 2031 2032 1838
f 2032 2033 1838
f 2033 2034 1838
f 2034 2035 1838
f 2035 2036 1838
f 2036 2037 1838
f 2037 2038 1838
f 2038 2039 1838
f 2039 2040 1838
f 2040 2041 1838
f 2041 2042 1838
f 2042 2043 1838
f 2043 2044 1838
f 2044 2045 1838
f 2045 2046 1838
f 2046 2047 1838
f 2047 2048 1838
f 2048 2049 1838
f 2049 2050 1838
f 2050 2051 1838
f 2051 2052 1838
f 2052 2053 1838
f 2053 2054 1838
f 2054 2055 1838
f 2055 2056 1838
f 2056 2057 1838
f 2057 2058 1838
f 2058 2059 1838
f 2059 2060 1838
f 2060 2061 1838
f 2061 2062 1838
f 2062 2063 1838
f 2063 2064 1838
f 2064 2065 1838
f 2065 2066 1838
f 2066 2067 1838
f 2067 2068 1838
f 2068 2069 1838
f 2069 2070 1838
f 2070 2071 1838
f 2071 2072 1838
f 2072 2073 1838
f 2073 2074 1838
f 2074 2075 1838
f 2075 2076 1838
f 2076 2077 1838
f 2077 2078 1838
f 2078 2079 1838
f 2079 2080 1838
f 2080 2081 1838
f 2081 2082 1838
f 2082 2083 1838
f 2083 2084 1838
f 2084 2085 1838
f 2085 2086 1838
f 2086 2087 1838
f 2087 2088 1838
f 2088 2089 1838
f 2089 2090 1838
f 2090 2091 1838
f 2091 2092 1838
f 2092 2093 1838
f 2093 2094 1838
f 2094 2095 1838
f 2095 2096 1838
f 2096 2097 1838
f 2097 2098 1838
f 2098 1836 1838
o new_tower
usemtl new_tower
f 1575 1574 2099 2100
f 1574 1576 2101 2099
f 1576 1577 2102 2101
f 1577 1578 2103 2102
f 1578 1579 2104 2103
f 1579 1580 2105 2104
f 1580 1581 2106 2105
f 1581 1582 2107 2106
f 1582 1583 2108 2107
f 1583 1584 2109 2108
f 1584 1585 2110 2109
f 1585 1586 2111 2110
f 1586 1587 2112 2111
f 1587 1588 2113 2112
f 1588 1589 2114 2113
f 1589 1590 2115 2114
f 1590 1591 2116 2115
f 1591 1592 2117 2116
f 1592 1593 2118 2117
f 1593 1594 2119 2118
f 1594 1595 2120 2119
f 1595 1596 2121 2120
f 1596 1597 2122 2121
f 1597 1598 2123 2122
f 1598 1599 2124 2123
f 1599 1600 2125 2124
f 1600 1601 2126 2125
f 1601 1602 2127 2126
f 1602 1603 2128 2127
f 1603 1604 2129 2128
f 1604 1605 2130 2129
f 1605 1606 2131 2130
f 1606 1607 2132 2131
f 1607 1608 2133 2132
f 1608 1609 2134 2133
f 1609 1610 2135 2134
f 1610 1611 2136 2135
f 1611 1612 2137 2136
f 1612 1613 2138 2137
f 1613 1614 2139 2138
f 1614 1615 2140 2139
f 1615 1616 2141 2140
f 1616 1617 2142 2141
f 1617 1618 2143 2142
f 1618 1619 2144 2143
f 1619 1620 2145 2144
f 1620 1621 2146 2145
f 1621 1622 2147 2146
f 1622 1623 2148 2147
f 1623 1624 2149 2148
f 1624 1625 2150 2149
f 1625 1626 2151 2150
f 1626 1627 2152 2151
f 1627 1628 2153 2152
f 1628 1629 2154 2153
f 1629 1630 2155 2154
f 1630 1631 2156 2155
f 1631 1632 2157 2156
f 1632 1633 2158 2157
f 1633 1634 2159 2158
f 1634 1635 2160 2159
f 1635 1636 2161 2160
f 1636 1637 2162 2161
f 1637 1638 2163 2162
f 1638 1639 2164 2163
f 1639 1640 2165 2164
f 1640 1641 2166 2165
f 1641 1642 2167 2166
f 1642 1643 2168 2167
f 1643 1644 2169 2168
f 1644 1645 2170 2169
f 1645 1646 2171 2170
f 1646 1647 2172 2171
f 1647 1648 2173 2172
f 1648 1649 2174 2173
f 1649 1650 2175 2174
f 1650 1651 2176 2175
f 1651 1652 2177 2176
f 1652 1653 2178 2177
f 1653 1654 2179 2178
f 1654 1655 2180 2179
f 1655 1656 2181 2180
f 1656 1657 2182 2181
f 1657 1658 2183 2182
f 1658 1659 2184 2183
f 1659 1660 2185 2184
f 1660 1661 2186 2185
f 1661 1662 2187 2186
f 1662 1663 2188 2187
f 1663 1664 2189 2188
f 1664 1665 2190 2189
f 1665 1666 2191 2190
f 1666 1667 2192 2191
f 1667 1668 2193 2192
f 1668 1669 2194 2193
f 1669 1670 2195 2194
f 1670 1671 2196 2195
f 1671 1672 2197 2196
f 1672 1673 2198 2197
f 1673 1674 2199 2198
f 1674 1675 2200 2199
f 1675 1676 2201 2200
f 1676 1677 2202 2201
f 1677 1678 2203 2202
f 1678 1679 2204 2203
f 1679 1680 2205 2204
f 1680 1681 2206 2205
f 1681 1682 2207 2206
f 1682 1683 2208 2207
f 1683 1684 2209 2208
f 1684 1685 2210 2209
f 1685 1686 2211 2210
f 1686 1687 2212 2211
f 1687 1688 2213 2212
f 1688 1689 2214 2213
f 1689 1690 2215 2214
f 1690 1691 2216 2215
f 1691 1692 2217 2216
f 1692 1693 2218 2217
f 1693 1694 2219 2218
f 1694 1695 2220 2219
f 1695 1696 2221 2220
f 1696 1697 2222 2221
f 1697 1698 2223 2222
f 1698 1699 2224 2223
f 1699 1700 2225 2224
f 1700 1701 2226 2225
f 1701 1702 2227 2226
f 1702 1703 2228 2227
f 1703 1704 2229 2228
f 1704 1705 2230 2229
f 1705 1706 2231 2230
f 1706 1707 2232 2231
f 1707 1708 2233 2232
f 1708 1709 2234 2233
f 1709 1710 2235 2234
f 1710 1711 2236 2235
f 1711 1712 2237 2236
f 1712 1713 2238 2237
f 1713 1714 2239 2238
f 1714 1715 2240 2239
f 1715 1716 2241 2240
f 1716 1717 2242 2241
f 1717 1718 2243 2242
f 1718 1719 2244 2243
f 1719 1720 2245 2244
f 1720 1721 2246 2245
f 1721 1722 2247 2246
f 1722 1723 2248 2247
f 1723 1724 2249 2248
f 1724 1725 2250 2249
f 1725 1726 2251 2250
f 1726 1727 2252 2251
f 1727 1728 2253 2252
f 1728 1729 2254 2253
f 1729 1730 2255 2254
f 1730 1731 2256 2255
f 1731 1732 2257 2256
f 1732 1733 2258 2257
f 1733 1734 2259 2258
f 1734 1735 2260 2259
f 1735 1736 2261 2260
f 1736 1737 2262 2261
f 1737 1738 2263 2262
f 1738 1739 2264 2263
f 1739 1740 2265 2264
f 1740 1741 2266 2265
f 1741 1742 2267 2266
f 1742 1743 2268 2267
f 1743 1744 2269 2268
f 1744 1745 2270 2269
f 1745 1746 2271 2270
f 1746 1747 2272 2271
f 1747 1748 2273 2272
f 1748 1749 2274 2273
f 1749 1750 2275 2274
f 1750 1751 2276 2275
f 1751 1752 2277 2276
f 1752 1753 2278 2277
f 1753 1754 2279 2278
f 1754 1755 2280 2279
f 1755 1756 2281 2280
f 1756 1757 2282 2281
f 1757 1758 2283 2282
f 1758 1759 2284 2283
f 1759 1760 2285 2284
f 1760 1761 2286 2285
f 1761 1762 2287 2286
f 1762 1763 2288 2287
f 1763 1764 2289 2288
f 1764 1765 2290 2289
f 1765 1766 2291 2290
f 1766 1767 2292 2291
f 1767 1768 2293 2292
f 1768 1769 2294 2293
f 1769 1770 2295 2294
f 1770 1771 2296 2295
f 1771 1772 2297 2296
f 1772 1773 2298 2297
f 1773 1774 2299 2298
f 1774 1775 2300 2299
f 1775 1776 2301 2300
f 1776 1777 2302 2301
f 1777 1778 2303 2302
f 1778 1779 2304 2303
f 1779 1780 2305 2304
f 1780 1781 2306 2305
f 1781 1782 2307 2306
f 1782 1783 2308 2307
f 1783 1784 2309 2308
f 1784 1785 2310 2309
f 1785 1786 2311 2310
f 1786 1787 2312 2311
f 1787 1788 2313 2312
f 1788 1789 2314 2313
f 1789 1790 2315 2314
f 1790 1791 2316 2315
f 1791 1792 2317 2316
f 1792 1793 2318 2317
f 1793 1794 2319 2318
f 1794 1795 2320 2319
f 1795 1796 2321 2320
f 1796 1797 2322 2321
f 1797 1798 2323 2322
f 1798 1799 2324 2323
f 1799 1800 2325 2324
f 1800 1801 2326 2325
f 1801 1802 2327 2326
f 1802 1803 2328 2327
f 1803 1804 2329 2328
f 1804 1805 2330 2329
f 1805 1806 2331 2330
f 1806 1807 2332 2331
f 1807 1808 2333 2332
f 1808 1809 2334 2333
f 1809 1810 2335 2334
f 1810 1811 2336 2335
f 1811 1812 2337 2336
f 1812 1813 2338 2337
f 1813 1814 2339 2338
f 1814 1815 2340 2339
f 1815 1816 2341 2340
f 1816 1817 2342 2341
f 1817 1818 2343 2342
f 1818 1819 2344 2343
f 1819 1820 2345 2344
f 1820 1821 2346 2345
f 1821 1822 2347 2346
f 1822 1823 2348 2347
f 1823 1824 2349 2348
f 1824 1825 2350 2349
f 1825 1826 2351 2350
f 1826 1827 2352 2351
f 1827 1828 2353 2352
f 1828 1829 2354 2353
f 1829 1830 2355 2354
f 1830 1831 2356 2355
f 1831 1832 2357 2356
f 1832 1833 2358 2357
f 1833 1834 2359 2358
f 1834 1835 2360 2359
f 1835 1575 2100 2360
f 2100 2099 2361 2362
f 2099 2101 2363 2361
f 2101 2102 2364 2363
f 2102 2103 2365 2364
f 2103 2104 2366 2365
f 2104 2105 2367 2366
f 2105 2106 2368 2367
f 2106 2107 2369 2368
f 2107 2108 2370 2369
f 2108 2109 2371 2370
f 2109 2110 2372 2371
f 2110 2111 2373 2372
f 2111 2112 2374 2373
f 2112 2113 2375 2374
f 2113 2114 2376 2375
f 2114 2115 2377 2376
f 2115 2116 2378 2377
f 2116 2117 2379 2378
f 2117 2118 2380 2379
f 2118 2119 2381 2380
f 2119 2120 2382 2381
f 2120 2121 2383 2382
f 2121 2122 2384 2383
f 2122 2123 2385 2384
f 2123 2124 2386 2385
f 2124 2125 2387 2386
f 2125 2126 2388 2387
f 2126 2127 2389 2388
f 2127 2128 2390 2389
f 2128 2129 2391 2390
f 2129 2130 2392 2391
f 2130 2131 2393 2392
f 2131 2132 2394 2393
f 2132 2133 2395 2394
f 2133 2134 2396 2395
f 2134 2135 2397 2396
f 2135 2136 2398 2397
f 2136 2137 2399 2398
f 2137 2138 2400 2399
f 2138 2139 2401 2400
f 2139 2140 2402 2401
f 2140 2141 2403 2402
f 2141 2142 2404 2403
f 2142 2143 2405 2404
f 2143 2144 2406 2405
f 2144 2145 2407 2406
f 2145 2146 2408 2407
f 2146 2147 2409 2408
f 2147 2148 2410 2409
f 2148 2149 2411 2410
f 2149 2150 2412 2411
f 2150 2151 2413 2412
f 2151 2152 2414 2413
f 2152 2153 2415 2414
f 2153 2154 2416 2415
f 2154 2155 2417 2416
f 2155 2156 2418 2417
f 2156 2157 2419 2418
f 2157 2158 2420 2419
f 2158 2159 2421 2420
f 2159 2160 2422 2421
f 2160 2161 2423 2422
f 2161 2162 2424 2423
f 2162 2163 2425 2424
f 2163 2164 2426 2425
f 2164 2165 2427 2426
f 2165 2166 2428 2427
f 2166 2167 2429 2428
f 2167 2168 2430 2429
f 2168 2169 2431 2430
f 2169 2170 2432 2431
f 2170 2171 2433 2432
f 2171 2172 2434 2433
f 2172 2173 2435 2434
f 2173 2174 2436 2435
f 2174 2175 2437 2436
f 2175 2176 2438 2437
f 2176 2177 2439 2438
f 2177 2178 2440 2439
f 2178 2179 2441 2440
f 2179 2180 2442 2441
f 2180 2181 2443 2442
f 2181 2182 2444 2443
f 2182 2183 2445 2444
f 2183 2184 2446 2445
f 2184 2185 2447 2446
f 2185 2186 2448 2447
f 2186 2187 2449 2448
f 2187 2188 2450 2449
f 2188 2189 2451 2450
f 2189 2190 2452 2451
f 2190 2191 2453 2452
f 2191 2192 2454 2453
f 2192 2193 2455 2454
f 2193 2194 2456 2455
f 2194 2195 2457 2456
f 2195 2196 2458 2457
f 2196 2197 2459 2458
f 2197 2198 2460 2459
f 2198 2199 2461 2460
f 2199 2200 2462 2461
f 2200 2201 2463 2462
f 2201 2202 2464 2463
f 2202 2203 2465 2464
f 2203 2204 2466 2465
f 2204 2205 2467 2466
f 2205 2206 2468 2467
f 2206 2207 2469 2468
f 2207 2208 2470 2469
f 2208 2209 2471 2470
f 2209 2210 2472 2471
f 2210 2211 2473 2472
f 2211 2212 2474 2473
f 2212 2213 2475 2474
f 2213 2214 2476 2475
f 2214 2215 2477 2476
f 2215 2216 2478 2477
f 2216 2217 2479 2478
f 2217 2218 2480 2479
f 2218 2219 2481 2480
f 2219 2220 2482 2481
f 2220 2221 2483 2482
f 2221 2222 2484 2483
f 2222 2223 2485 2484
f 2223 2224 2486 2485
f 2224 2225 2487 2486
f 2225 2226 2488 2487
f 2226 2227 2489 2488
f 2227 2228 2490 2489
f 2228 2229 2491 2490
f 2229 2230 2492 2491
f 2230 2231 2493 2492
f 2231 2232 2494 2493
f 2232 2233 2495 2494
f 2233 2234 2496 2495
f 2234 2235 2497 2496
f 2235 2236 2498 2497
f 2236 2237 2499 2498
f 2237 2238 2500 2499
f 2238 2239 2501 2500
f 2239 2240 2502 2501
f 2240 2241 2503 2502
f 2241 2242 2504 2503
f 2242 2243 2505 2504
f 2243 2244 2506 2505
f 2244 2245 2507 2506
f 2245 2246 2508 2507
f 2246 2247 2509 2508
f 2247 2248 2510 2509
f 2248 2249 2511 2510
f 2249 2250 2512 2511
f 2250 2251 2513 2512
f 2251 2252 2514 2513
f 2252 2253 2515 2514
f 2253 2254 2516 2515
f 2254 2255 2517 2516
f 2255 2256 2518 2517
f 2256 2257 2519 2518
f 2257 2258 2520 2519
f 2258 2259 2521 2520
f 2259 2260 2522 2521
f 2260 2261 2523 2522
f 2261 2262 2524 2523
f 2262 2263 2525 2524
f 2263 2264 2526 2525
f 2264 2265 2527 2526
f 2265 2266 2528 2527
f 2266 2267 2529 2528
f 2267 2268 2530 2529
f 2268 2269 2531 2530
f 2269 2270 2532 2531
f 2270 2271 2533 2532
f 2271 2272 2534 2533
f 2272 2273 2535 2534
f 2273 2274 2536 2535
f 2274 2275 2537 2536
f 2275 2276 2538 2537
f 2276 2277 2539 2538
f 2277 2278 2540 2539
f 2278 2279 2541 2540
f 2279 2280 2542 2541
f 2280 2281 2543 2542
f 2281 2282 2544 2543
f 2282 2283 2545 2544
f 2283 2284 2546 2545
f 2284 2285 2547 2546
f 2285 2286 2548 2547
f 2286 2287 2549 2548
f 2287 2288 2550 2549
f 2288 2289 2551 2550
f 2289 2290 2552 2551
f 2290 2291 2553 2552
f 2291 2292 2554 2553
f 2292 2293 2555 2554
f 2293 2294 2556 2555
f 2294 2295 2557 2556
f 2295 2296 2558 2557
f 2296 2297 2559 2558
f 2297 2298 2560 2559
f 2298 2299 2561 2560
f 2299 2300 2562 2561
f 2300 2301 2563 2562
f 2301 2302 2564 2563
f 2302 2303 2565 2564
f 2303 2304 2566 2565
f 2304 2305 2567 2566
f 2305 2306 2568 2567
f 2306 2307 2569 2568
f 2307 2308 2570 2569
f 2308 2309 2571 2570
f 2309 2310 2572 2571
f 2310 2311 2573 2572
f 2311 2312 2574 2573
f 2312 2313 2575 2574
f 2313 2314 2576 2575
f 2314 2315 2577 2576
f 2315 2316 2578 2577
f 2316 2317 2579 2578
f 2317 2318 2580 2579
f 2318 2319 2581 2580
f 2319 2320 2582 2581
f 2320 2321 2583 2582
f 2321 2322 2584 2583
f 2322 2323 2585 2584
f 2323 2324 2586 2585
f 2324 2325 2587 2586
f 2325 2326 2588 2587
f 2326 2327 2589 2588
f 2327 2328 2590 2589
f 2328 2329 2591 2590
f 2329 2330 2592 2591
f 2330 2331 2593 2592
f 2331 2332 2594 2593
f 2332 2333 2595 2594
f 2333 2334 2596 2595
f 2334 2335 2597 2596
f 2335 2336 2598 2597
f 2336 2337 2599 2598
f 2337 2338 2600 2599
f 2338 2339 2601 2600
f 2339 2340 2602 2601
f 2340 2341 2603 2602
f 2341 2342 2604 2603
f 2342 2343 2605 2604
f 2343 2344 2606 2605
f 2344 2345 2607 2606
f 2345 2346 2608 2607
f 2346 2347 2609 2608
f 2347 2348 2610 2609
f 2348 2349 2611 2610
f 2349 2350 2612 2611
f 2350 2351 2613 2612
f 2351 2352 2614 2613
f 2352 2353 2615 2614
f 2353 2354 2616 2615
f 2354 2355 2617 2616
f 2355 2356 2618 2617
f 2356 2357 2619 2618
f 2357 2358 2620 2619
f 2358 2359 2621 2620
f 2359 2360 2622 2621
f 2360 2100 2362 2622
f 2362 2361 2623 2624
f 2361 2363 2625 2623
f 2363 2364 2626 2625
f 2364 2365 2627 2626
f 2365 2366 2628 2627
f 2366 2367 2629 2628
f 2367 2368 2630 2629
f 2368 2369 2631 2630
f 2369 2370 2632 2631
f 2370 2371 2633 2632
f 2371 2372 2634 2633
f 2372 2373 2635 2634
f 2373 2374 2636 2635
f 2374 2375 2637 2636
f 2375 2376 2638 2637
f 2376 2377 2639 2638
f 2377 2378 2640 2639
f 2378 2379 2641 2640
f 2379 2380 2642 2641
f 2380 2381 2643 2642
f 2381 2382 2644 2643
f 2382 2383 2645 2644
f 2383 2384 2646 2645
f 2384 2385 2647 2646
f 2385 2386 2648 2647
f 2386 2387 2649 2648
f 2387 2388 2650 2649
f 2388 2389 2651 2650
f 2389 2390 2652 2651
f 2390 2391 2653 2652
f 2391 2392 2654 2653
f 2392 2393 2655 2654
f 2393 2394 2656 2655
f 2394 2395 2657 2656
f 2395 2396 2658 2657
f 2396 2397 2659 2658
f 2397 2398 2660 2659
f 2398 2399 2661 2660
f 2399 2400 2662 2661
f 2400 2401 2663 2662
f 2401 2402 2664 2663
f 2402 2403 2665 2664
f 2403 2404 2666 2665
f 2404 2405 2667 2666
f 2405 2406 2668 2667
f 2406 2407 2669 2668
f 2407 2408 2670 2669
f 2408 2409 2671 2670
f 2409 2410 2672 2671
f 2410 2411 2673 2672
f 2411 2412 2674 2673
f 2412 2413 2675 2674
f 2413 2414 2676 2675
f 2414 2415 2677 2676
f 2415 2416 2678 2677
f 2416 2417 2679 2678
f 2417 2418 2680 2679
f 2418 2419 2681 2680
f 2419 2420 2682 2681
f 2420 2421 2683 2682
f 2421 2422 2684 2683
f 2422 2423 2685 2684
f 2423 2424 2686 2685
f 2424 2425 2687 2686
f 2425 2426 2688 2687
f 2426 2427 2689 2688
f 2427 2428 2690 2689
f 2428 2429 2691 2690
f 2429 2430 2692 2691
f 2430 2431 2693 2692
f 2431 2432 2694 2693
f 2432 2433 2695 2694
f 2433 2434 2696 2695
f 2434 2435 2697 2696
f 2435 2436 2698 2697
f 2436 2437 2699 2698
f 2437 2438 2700 2699
f 2438 2439 2701 2700
f 2439 2440 2702 2701
f 2440 2441 2703 2702
f 2441 2442 2704 2703
f 2442 2443 2705 2704
f 2443 2444 2706 2705
f 2444 2445 2707 2706
f 2445 2446 2708 2707
f 2446 2447 2709 2708
f 2447 2448 2710 2709
f 2448 2449 2711 2710
f 2449 2450 2712 2711
f 2450 2451 2713 2712
f 2451 2452 2714 2713
f 2452 2453 2715 2714
f 2453 2454 2716 2715
f 2454 2455 2717 2716
f 2455 2456 2718 2717
f 2456 2457 2719 2718
f 2457 2458 2720 2719
f 2458 2459 2721 2720
f 2459 2460 2722 2721
f 2460 2461 2723 2722
f 2461 2462 2724 2723
f 2462 2463 2725 2724
f 2463 2464 2726 2725
f 2464 2465 2727 2726
f 2465 2466 2728 2727
f 2466 2467 2729 2728
f 2467 2468 2730 2729
f 2468 2469 2731 2730
f 2469 2470 2732 2731
f 2470 2471 2733 2732
f 2471 2472 2734 2733
f 2472 2473 2735 2734
f 2473 2474 2736 2735
f 2474 2475 2737 2736
f 2475 2476 2738 2737
f 2476 2477 2739 2738
f 2477 2478 2740 2739
f 2478 2479 2741 2740
f 2479 2480 2742 2741
f 2480 2481 2743 2742
f 2481 2482 2744 2743
f 2482 2483 2745 2744
f 2483 2484 2746 2745
f 2484 2485 2747 2746
f 2485 2486 2748 2747
f 2486 2487 2749 2748
f 2487 2488 2750 2749
f 2488 2489 2751 2750
f 2489 2490 2752 2751
f 2490 2491 2753 2752
f 2491 2492 2754 2753
f 2492 2493 2755 2754
f 2493 2494 2756 2755
f 2494 2495 2757 2756
f 2495 2496 2758 2757
f 2496 2497 2759 2758
f 2497 2498 2760 2759
f 2498 2499 2761 2760
f 2499 2500 2762 2761
f 2500 2501 2763 2762
f 2501 2502 2764 2763
f 2502 2503 2765 2764
f 2503 2504 2766 2765
f 2504 2505 2767 2766
f 2505 2506 2768 2767
f 2506 2507 2769 2768
f 2507 2508 2770 2769
f 2508 2509 2771 2770
f 2509 2510 2772 2771
f 2510 2511 2773 2772
f 2511 2512 2774 2773
f 2512 2513 2775 2774
f 2513 2514 2776 2775
f 2514 2515 2777 2776
f 2515 2516 2778 2777
f 2516 2517 2779 2778
f 2517 2518 2780 2779
f 2518 2519 2781 2780
f 2519 2520 2782 2781
f 2520 2521 2783 2782
f 2521 2522 2784 2783
f 2522 2523 2785 2784
f 2523 2524 2786 2785
f 2524 2525 2787 2786
f 2525 2526 2788 2787
f 2526 2527 2789 2788
f 2527 2528 2790 2789
f 2528 2529 2791 2790
f 2529 2530 2792 2791
f 2530 2531 2793 2792
f 2531 2532 2794 2793
f 2532 2533 2795 2794
f 2533 2534 2796 2795
f 2534 2535 2797 2796
f 2535 2536 2798 2797
f 2536 2537 2799 2798
f 2537 2538 2800 2799
f 2538 2539 2801 2800
f 2539 2540 2802 2801
f 2540 2541 2803 2802
f 2541 2542 2804 2803
f 2542 2543 2805 2804
f 2543 2544 2806 2805
f 2544 2545 2807 2806
f 2545 2546 2808 2807
f 2546 2547 2809 2808
f 2547 2548 2810 2809
f 2548 2549 2811 2810
f 2549 2550 2812 2811
f 2550 2551 2813 2812
f 2551 2552 2814 2813
f 2552 2553 2815 2814
f 2553 2554 2816 2815
f 2554 2555 2817 2816
f 2555 2556 2818 2817
f 2556 2557 2819 2818
f 2557 2558 2820 2819
f 2558 2559 2821 2820
f 2559 2560 2822 2821
f 2560 2561 2823 2822
f 2561 2562 2824 2823
f 2562 2563 2825 2824
f 2563 2564 2826 2825
f 2564 2565 2827 2826
f 2565 2566 2828 2827
f 2566 2567 2829 2828
f 2567 2568 2830 2829
f 2568 2569 2831 2830
f 2569 2570 2832 2831
f 2570 2571 2833 2832
f 2571 2572 2834 2833
f 2572 2573 2835 2834
f 2573 2574 2836 2835
f 2574 2575 2837 2836
f 2575 2576 2838 2837
f 2576 2577 2839 2838
f 2577 2578 2840 2839
f 2578 2579 2841 2840
f 2579 2580 2842 2841
f 2580 2581 2843 2842
f 2581 2582 2844 2843
f 2582 2583 2845 2844
f 2583 2584 2846 2845
f 2584 2585 2847 2846
f 2585 2586 2848 2847
f 2586 2587 2849 2848
f 2587 2588 2850 2849
f 2588 2589 2851 2850
f 2589 2590 2852 2851
f 2590 2591 2853 2852
f 2591 2592 2854 2853
f 2592 2593 2855 2854
f 2593 2594 2856 2855
f 2594 2595 2857 2856
f 2595 2596 2858 2857
f 2596 2597 2859 2858
f 2597 2598 2860 2859
f 2598 2599 2861 2860
f 2599 2600 2862 2861
f 2600 2601 2863 2862
f 2601 2602 2864 2863
f 2602 2603 2865 2864
f 2603 2604 2866 2865
f 2604 2605 2867 2866
f 2605 2606 2868 2867
f 2606 2607 2869 2868
f 2607 2608 2870 2869
f 2608 2609 2871 2870
f 2609 2610 2872 2871
f 2610 2611 2873 2872
f 2611 2612 2874 2873
f 2612 2613 2875 2874
f 2613 2614 2876 2875
f 2614 2615 2877 2876
f 2615 2616 2878 2877
f 2616 2617 2879 2878
f 2617 2618 2880 2879
f 2618 2619 2881 2880
f 2619 2620 2882 2881
f 2620 2621 2883 2882
f 2621 2622 2884 2883
f 2622 2362 2624 2884
f 2624 2623 2885 2886
f 2623 2625 2887 2885
f 2625 2626 2888 2887
f 2626 2627 2889 2888
f 2627 2628 2890 2889
f 2628 2629 2891 2890
f 2629 2630 2892 2891
f 2630 2631 2893 2892
f 2631 2632 2894 2893
f 2632 2633 2895 2894
f 2633 2634 2896 2895
f 2634 2635 2897 2896
f 2635 2636 2898 2897
f 2636 2637 2899 2898
f 2637 2638 2900 2899
f 2638 2639 2901 2900
f 2639 2640 2902 2901
f 2640 2641 2903 2902
f 2641 2642 2904 2903
f 2642 2643 2905 2904
f 2643 2644 2906 2905
f 2644 2645 2907 2906
f 2645 2646 2908 2907
f 2646 2647 2909 2908
f 2647 2648 2910 2909
f 2648 2649 2911 2910
f 2649 2650 2912 2911
f 2650 2651 2913 2912
f 2651 2652 2914 2913
f 2652 2653 2915 2914
f 2653 2654 2916 2915
f 2654 2655 2917 2916
f 2655 2656 2918 2917
f 2656 2657 2919 2918
f 2657 2658 2920 2919
f 2658 2659 2921 2920
f 2659 2660 2922 2921
f 2660 2661 2923 2922
f 2661 2662 2924 2923
f 2662 2663 2925 2924
f 2663 2664 2926 2925
f 2664 2665 2927 2926
f 2665 2666 2928 2927
f 2666 2667 2929 2928
f 2667 2668 2930 2929
f 2668 2669 2931 2930
f 2669 2670 2932 2931
f 2670 2671 2933 2932
f 2671 2672 2934 2933
f 2672 2673 2935 2934
f 2673 2674 2936 2935
f 2674 2675 2937 2936
f 2675 2676 2938 2937
f 2676 2677 2939 2938
f 2677 2678 2940 2939
f 2678 2679 2941 2940
f 2679 2680 2942 2941
f 2680 2681 2943 2942
f 2681 2682 2944 2943
f 2682 2683 2945 2944
f 2683 2684 2946 2945
f 2684 2685 2947 2946
f 2685 2686 2948 2947
f 2686 2687 2949 2948
f 2687 2688 2950 2949
f 2688 2689 2951 2950
f 2689 2690 2952 2951
f 2690 2691 2953 2952
f 2691 2692 2954 2953
f 2692 2693 2955 2954
f 2693 2694 2956 2955
f 2694 2695 2957 2956
f 2695 2696 2958 2957
f 2696 2697 2959 2958
f 2697 2698 2960 2959
f 2698 2699 2961 2960
f 2699 2700 2962 2961
f 2700 2701 2963 2962
f 2701 2702 2964 2963
f 2702 2703 2965 2964
f 2703 2704 2966 2965
f 2704 2705 2967 2966
f 2705 2706 2968 2967
f 2706 2707 2969 2968
f 2707 2708 2970 2969
f 2708 2709 2971 2970
f 2709 2710 2972 2971
f 2710 2711 2973 2972
f 2711 2712 2974 2973
f 2712 2713 2975 2974
f 2713 2714 2976 2975
f 2714 2715 2977 2976
f 2715 2716 2978 2977
f 2716 2717 2979 2978
f 2717 2718 2980 2979
f 2718 2719 2981 2980
f 2719 2720 2982 2981
f 2720 2721 2983 2982
f 2721 2722 2984 2983
f 2722 2723 2985 2984
f 2723 2724 2986 2985
f 2724 2725 2987 2986
f 2725 2726 2988 2987
f 2726 2727 2989 2988
f 2727 2728 2990 2989
f 2728 2729 2991 2990
f 2729 2730 2992 2991
f 2730 2731 2993 2992
f 2731 2732 2994 2993
f 2732 2733 2995 2994
f 2733 2734 2996 2995
f 2734 2735 2997 2996
f 2735 2736 2998 2997
f 2736 2737 2999 2998
f 2737 2738 3000 2999
f 2738 2739 3001 3000
f 2739 2740 3002 3001
f 2740 2741 3003 3002
f 2741 2742 3004 3003
f 2742 2743 3005 3004
f 2743 2744 3006 3005
f 2744 2745 3007 3006
f 2745 2746 3008 3007
f 2746 2747 3009 3008
f 2747 2748 3010 3009
f 2748 2749 3011 3010
f 2749 2750 3012 3011
f 2750 2751 3013 3012
f 2751 2752 3014 3013
f 2752 2753 3015 3014
f 2753 2754 3016 3015
f 2754 2755 3017 3016
f 2755 2756 3018 3017
f 2756 2757 3019 3018
f 2757 2758 3020 3019
f 2758 2759 3021 3020
f 2759 2760 3022 3021
f 2760 2761 3023 3022
f 2761 2762 3024 3023
f 2762 2763 3025 3024
f 2763 2764 3026 3025
f 2764 2765 3027 3026
f 2765 2766 3028 3027
f 2766 2767 3029 3028
f 2767 2768 3030 3029
f 2768 2769 3031 3030
f 2769 2770 3032 3031
f 2770 2771 3033 3032
f 2771 2772 3034 3033
f 2772 2773 3035 3034
f 2773 2774 3036 3035
f 2774 2775 3037 3036
f 2775 2776 3038 3037
f 2776 2777 3039 3038
f 2777 2778 3040 3039
f 2778 2779 3041 3040
f 2779 2780 3042 3041
f 2780 2781 3043 3042
f 2781 2782 3044 3043
f 2782 2783 3045 3044
f 2783 2784 3046 3045
f 2784 2785 3047 3046
f 2785 2786 3048 3047
f 2786 2787 3049 3048
f 2787 2788 3050 3049
f 2788 2789 3051 3050
f 2789 2790 3052 3051
f 2790 2791 3053 3052
f 2791 2792 3054 3053
f 2792 2793 3055 3054
f 2793 2794 3056 3055
f 2794 2795 3057 3056
f 2795 2796 3058 3057
f 2796 2797 3059 3058
f 2797 2798 3060 3059
f 2798 2799 3061 3060
f 2799 2800 3062 3061
f 2800 2801 3063 3062
f 2801 2802 3064 3063
f 2802 2803 3065 3064
f 2803 2804 3066 3065
f 2804 2805 3067 3066
f 2805 2806 3068 3067
f 2806 2807 3069 3068
f 2807 2808 3070 3069
f 2808 2809 3071 3070
f 2809 2810 3072 3071
f 2810 2811 3073 3072
f 2811 2812 3074 3073
f 2812 2813 3075 3074
f 2813 2814 3076 3075
f 2814 2815 3077 3076
f 2815 2816 3078 3077
f 2816 2817 3079 3078
f 2817 2818 3080 3079
f 2818 2819 3081 3080
f 2819 2820 3082 3081
f 2820 2821 3083 3082
f 2821 2822 3084 3083
f 2822 2823 3085 3084
f 2823 2824 3086 3085
f 2824 2825 3087 3086
f 2825 2826 3088 3087
f 2826 2827 3089 3088
f 2827 2828 3090 3089
f 2828 2829 3091 3090
f 2829 2830 3092 3091
f 2830 2831 3093 3092
f 2831 2832 3094 3093
f 2832 2833 3095 3094
f 2833 2834 3096 3095
f 2834 2835 3097 3096
f 2835 2836 3098 3097
f 2836 2837 3099 3098
f 2837 2838 3100 3099
f 2838 2839 3101 3100
f 2839 2840 3102 3101
f 2840 2841 3103 3102
f 2841 2842 3104 3103
f 2842 2843 3105 3104
f 2843 2844 3106 3105
f 2844 2845 3107 3106
f 2845 2846 3108 3107
f 2846 2847 3109 3108
f 2847 2848 3110 3109
f 2848 2849 3111 3110
f 2849 2850 3112 3111
f 2850 2851 3113 3112
f 2851 2852 3114 3113
f 2852 2853 3115 3114
f 2853 2854 3116 3115
f 2854 2855 3117 3116
f 2855 2856 3118 3117
f 2856 2857 3119 3118
f 2857 2858 3120 3119
f 2858 2859 3121 3120
f 2859 2860 3122 3121
f 2860 2861 3123 3122
f 2861 2862 3124 3123
f 2862 2863 3125 3124
f 2863 2864 3126 3125
f 2864 2865 3127 3126
f 2865 2866 3128 3127
f 2866 2867 3129 3128
f 2867 2868 3130 3129
f 2868 2869 3131 3130
f 2869 2870 3132 3131
f 2870 2871 3133 3132
f 2871 2872 3134 3133
f 2872 2873 3135 3134
f 2873 2874 3136 3135
f 2874 2875 3137 3136
f 2875 2876 3138 3137
f 2876 2877 3139 3138
f 2877 2878 3140 3139
f 2878 2879 3141 3140
f 2879 2880 3142 3141
f 2880 2881 3143 3142
f 2881 2882 3144 3143
f 2882 2883 3145 3144
f 2883 2884 3146 3145
f 2884 2624 2886 3146
f 2886 2885 3147 3148
f 2885 2887 3149 3147
f 2887 2888 3150 3149
f 2888 2889 3151 3150
f 2889 2890 3152 3151
f 2890 2891 3153 3152
f 2891 2892 3154 3153
f 2892 2893 3155 3154
f 2893 2894 3156 3155
f 2894 2895 3157 3156
f 2895 2896 3158 3157
f 2896 2897 3159 3158
f 2897 2898 3160 3159
f 2898 2899 3161 3160
f 2899 2900 3162 3161
f 2900 2901 3163 3162
f 2901 2902 3164 3163
f 2902 2903 3165 3164
f 2903 2904 3166 3165
f 2904 2905 3167 3166
f 2905 2906 3168 3167
f 2906 2907 3169 3168
f 2907 2908 3170 3169
f 2908 2909 3171 3170
f 2909 2910 3172 3171
f 2910 2911 3173 3172
f 2911 2912 3174 3173
f 2912 2913 3175 3174
f 2913 2914 3176 3175
f 2914 2915 3177 3176
f 2915 2916 3178 3177
f 2916 2917 3179 3178
f 2917 2918 3180 3179
f 2918 2919 3181 3180
f 2919 2920 3182 3181
f 2920 2921 3183 3182
f 2921 2922 3184 3183
f 2922 2923 3185 3184
f 2923 2924 3186 3185
f 2924 2925 3187 3186
f 2925 2926 3188 3187
f 2926 2927 3189 3188
f 2927 2928 3190 3189
f 2928 2929 3191 3190
f 2929 2930 3192 3191
f 2930 2931 3193 3192
f 2931 2932 3194 3193
f 2932 2933 3195 3194
f 2933 2934 3196 3195
f 2934 2935 3197 3196
f 2935 2936 3198 3197
f 2936 2937 3199 3198
f 2937 2938 3200 3199
f 2938 2939 3201 3200
f 2939 2940 3202 3201
f 2940 2941 3203 3202
f 2941 2942 3204 3203
f 2942 2943 3205 3204
f 2943 2944 3206 3205
f 2944 2945 3207 3206
f 2945 2946 3208 3207
f 2946 2947 3209 3208
f 2947 2948 3210 3209
f 2948 2949 3211 3210
f 2949 2950 3212 3211
f 2950 2951 3213 3212
f 2951 2952 3214 3213
f 2952 2953 3215 3214
f 2953 2954 3216 3215
f 2954 2955 3217 3216
f 2955 2956 3218 3217
f 2956 2957 3219 3218
f 2957 2958 3220 3219
f 2958 2959 3221 3220
f 2959 2960 3222 3221
f 2960 2961 3223 3222
f 2961 2962 3224 3223
f 2962 2963 3225 3224
f 2963 2964 3226 3225
f 2964 2965 3227 3226
f 2965 2966 3228 3227
f 2966 2967 3229 3228
f 2967 2968 3230 3229
f 2968 2969 3231 3230
f 2969 2970 3232 3231
f 2970 2971 3233 3232
f 2971 2972 3234 3233
f 2972 2973 3235 3234
f 2973 2974 3236 3235
f 2974 2975 3237 3236
f 2975 2976 3238 3237
f 2976 2977 3239 3238
f 2977 2978 3240 3239
f 2978 2979 3241 3240
f 2979 2980 3242 3241
f 2980 2981 3243 3242
f 2981 2982 3244 3243
f 2982 2983 3245 3244
f 2983 2984 3246 3245
f 2984 2985 3247 3246
f 2985 2986 3248 3247
f 2986 2987 3249 3248
f 2987 2988 3250 3249
f 2988 2989 3251 3250
f 2989 2990 3252 3251
f 2990 2991 3253 3252
f 2991 2992 3254 3253
f 2992 2993 3255 3254
f 2993 2994 3256 3255
f 2994 2995 3257 3256
f 2995 2996 3258 3257
f 2996 2997 3259 3258
f 2997 2998 3260 3259
f 2998 2999 3261 3260
f 2999 3000 3262 3261
f 3000 3001 3263 3262
f 3001 3002 3264 3263
f 3002 3003 3265 3264
f 3003 3004 3266 3265
f 3004 3005 3267 3266
f 3005 3006 3268 3267
f 3006 3007 3269 3268
f 3007 3008 3270 3269
f 3008 3009 3271 3270
f 3009 3010 3272 3271
f 3010 3011 3273 3272
f 3011 3012 3274 3273
f 3012 3013 3275 3274
f 3013 3014 3276 3275
f 3014 3015 3277 3276
f 3015 3016 3278 3277
f 3016 3017 3279 3278
f 3017 3018 3280 3279
f 3018 3019 3281 3280
f 3019 3020 3282 3281
f 3020 3021 3283 3282
f 3021 3022 3284 3283
f 3022 3023 3285 3284
f 3023 3024 3286 3285
f 3024 3025 3287 3286
f 3025 3026 3288 3287
f 3026 3027 3289 3288
f 3027 3028 3290 3289
f 3028 3029 3291 3290
f 3029 3030 3292 3291
f 3030 3031 3293 3292
f 3031 3032 3294 3293
f 3032 3033 3295 3294
f 3033 3034 3296 3295
f 3034 3035 3297 3296
f 3035 3036 3298 3297
f 3036 3037 3299 3298
f 3037 3038 3300 3299
f 3038 3039 3301 3300
f 3039 3040 3302 3301
f 3040 3041 3303 3302
f 3041 3042 3304 3303
f 3042 3043 3305 3304
f 3043 3044 3306 3305
f 3044 3045 3307 3306
f 3045 3046 3308 3307
f 3046 3047 3309 3308
f 3047 3048 3310 3309
f 3048 3049 3311 3310
f 3049 3050 3312 3311
f 3050 3051 3313 3312
f 3051 3052 3314 3313
f 3052 3053 3315 3314
f 3053 3054 3316 3315
f 3054 3055 3317 3316
f 3055 3056 3318 3317
f 3056 3057 3319 3318
f 3057 3058 3320 3319
f 3058 3059 3321 3320
f 3059 3060 3322 3321
f 3060 3061 3323 3322
f 3061 3062 3324 3323
f 3062 3063 3325 3324
f 3063 3064 3326 3325
f 3064 3065 3327 3326
f 3065 3066 3328 3327
f 3066 3067 3329 3328
f 3067 3068 3330 3329
f 3068 3069 3331 3330
f 3069 3070 3332 3331
f 3070 3071 3333 3332
f 3071 3072 3334 3333
f 3072 3073 3335 3334
f 3073 3074 3336 3335
f 3074 3075 3337 3336
f 3075 3076 3338 3337
f 3076 3077 3339 3338
f 3077 3078 3340 3339
f 3078 3079 3341 3340
f 3079 3080 3342 3341
f 3080 3081 3343 3342
f 3081 3082 3344 3343
f 3082 3083 3345 3344
f 3083 3084 3346 3345
f 3084 3085 3347 3346
f 3085 3086 3348 3347
f 3086 3087 3349 3348
f 3087 3088 3350 3349
f 3088 3089 3351 3350
f 3089 3090 3352 3351
f 3090 3091 3353 3352
f 3091 3092 3354 3353
f 3092 3093 3355 3354
f 3093 3094 3356 3355
f 3094 3095 3357 3356
f 3095 3096 3358 3357
f 3096 3097 3359 3358
f 3097 3098 3360 3359
f 3098 3099 3361 3360
f 3099 3100 3362 3361
f 3100 3101 3363 3362
f 3101 3102 3364 3363
f 3102 3103 3365 3364
f 3103 3104 3366 3365
f 3104 3105 3367 3366
f 3105 3106 3368 3367
f 3106 3107 3369 3368
f 3107 3108 3370 3369
f 3108 3109 3371 3370
f 3109 3110 3372 3371
f 3110 3111 3373 3372
f 3111 3112 3374 3373
f 3112 3113 3375 3374
f 3113 3114 3376 3375
f 3114 3115 3377 3376
f 3115 3116 3378 3377
f 3116 3117 3379 3378
f 3117 3118 3380 3379
f 3118 3119 3381 3380
f 3119 3120 3382 3381
f 3120 3121 3383 3382
f 3121 3122 3384 3383
f 3122 3123 3385 3384
f 3123 3124 3386 3385
f 3124 3125 3387 3386
f 3125 3126 3388 3387
f 3126 3127 3389 3388
f 3127 3128 3390 3389
f 3128 3129 3391 3390
f 3129 3130 3392 3391
f 3130 3131 3393 3392
f 3131 3132 3394 3393
f 3132 3133 3395 3394
f 3133 3134 3396 3395
f 3134 3135 3397 3396
f 3135 3136 3398 3397
f 3136 3137 3399 3398
f 3137 3138 3400 3399
f 3138 3139 3401 3400
f 3139 3140 3402 3401
f 3140 3141 3403 3402
f 3141 3142 3404 3403
f 3142 3143 3405 3404
f 3143 3144 3406 3405
f 3144 3145 3407 3406
f 3145 3146 3408 3407
f 3146 2886 3148 3408
f 3148 3147 3409 3410
f 3147 3149 3411 3409
f 3149 3150 3412 3411
f 3150 3151 3413 3412
f 3151 3152 3414 3413
f 3152 3153 3415 3414
f 3153 3154 3416 3415
f 3154 3155 3417 3416
f 3155 3156 3418 3417
f 3156 3157 3419 3418
f 3157 3158 3420 3419
f 3158 3159 3421 3420
f 3159 3160 3422 3421
f 3160 3161 3423 3422
f 3161 3162 3424 3423
f 3162 3163 3425 3424
f 3163 3164 3426 3425
f 3164 3165 3427 3426
f 3165 3166 3428 3427
f 3166 3167 3429 3428
f 3167 3168 3430 3429
f 3168 3169 3431 3430
f 3169 3170 3432 3431
f 3170 3171 3433 3432
f 3171 3172 3434 3433
f 3172 3173 3435 3434
f 3173 3174 3436 3435
f 3174 3175 3437 3436
f 3175 3176 3438 3437
f 3176 3177 3439 3438
f 3177 3178 3440 3439
f 3178 3179 3441 3440
f 3179 3180 3442 3441
f 3180 3181 3443 3442
f 3181 3182 3444 3443
f 3182 3183 3445 3444
f 3183 3184 3446 3445
f 3184 3185 3447 3446
f 3185 3186 3448 3447
f 3186 3187 3449 3448
f 3187 3188 3450 3449
f 3188 3189 3451 3450
f 3189 3190 3452 3451
f 3190 3191 3453 3452
f 3191 3192 3454 3453
f 3192 3193 3455 3454
f 3193 3194 3456 3455
f 3194 3195 3457 3456
f 3195 3196 3458 3457
f 3196 3197 3459 3458
f 3197 3198 3460 3459
f 3198 3199 3461 3460
f 3199 3200 3462 3461
f 3200 3201 3463 3462
f 3201 3202 3464 3463
f 3202 3203 3465 3464
f 3203 3204 3466 3465
f 3204 3205 3467 3466
f 3205 3206 3468 3467
f 3206 3207 3469 3468
f 3207 3208 3470 3469
f 3208 3209 3471 3470
f 3209 3210 3472 3471
f 3210 3211 3473 3472
f 3211 3212 3474 3473
f 3212 3213 3475 3474
f 3213 3214 3476 3475
f 3214 3215 3477 3476
f 3215 3216 3478 3477
f 3216 3217 3479 3478
f 3217 3218 3480 3479
f 3218 3219 3481 3480
f 3219 3220 3482 3481
f 3220 3221 3483 3482
f 3221 3222 3484 3483
f 3222 3223 3485 3484
f 3223 3224 3486 3485
f 3224 3225 3487 3486
f 3225 3226 3488 3487
f 3226 3227 3489 3488
f 3227 3228 3490 3489
f 3228 3229 3491 3490
f 3229 3230 3492 3491
f 3230 3231 3493 3492
f 3231 3232 3494 3493
f 3232 3233 3495 3494
f 3233 3234 3496 3495
f 3234 3235 3497 3496
f 3235 3236 3498 3497
f 3236 3237 3499 3498
f 3237 3238 3500 3499
f 3238 3239 3501 3500
f 3239 3240 3502 3501
f 3240 3241 3503 3502
f 3241 3242 3504 3503
f 3242 3243 3505 3504
f 3243 3244 3506 3505
f 3244 3245 3507 3506
f 3245 3246 3508 3507
f 3246 3247 3509 3508
f 3247 3248 3510 3509
f 3248 3249 3511 3510
f 3249 3250 3512 3511
f 3250 3251 3513 3512
f 3251 3252 3514 3513
f 3252 3253 3515 3514
f 3253 3254 3516 3515
f 3254 3255 3517 3516
f 3255 3256 3518 3517
f 3256 3257 3519 3518
f 3257 3258 3520 3519
f 3258 3259 3521 3520
f 3259 3260 3522 3521
f 3260 3261 3523 3522
f 3261 3262 3524 3523
f 3262 3263 3525 3524
f 3263 3264 3526 3525
f 3264 3265 3527 3526
f 3265 3266 3528 3527
f 3266 3267 3529 3528
f 3267 3268 3530 3529
f 3268 3269 3531 3530
f 3269 3270 3532 3531
f 3270 3271 3533 3532
f 3271 3272 3534 3533
f 3272 3273 3535 3534
f 3273 3274 3536 3535
f 3274 3275 3537 3536
f 3275 3276 3538 3537
f 3276 3277 3539 3538
f 3277 3278 3540 3539
f 3278 3279 3541 3540
f 3279 3280 3542 3541
f 3280 3281 3543 3542
f 3281 3282 3544 3543
f 3282 3283 3545 3544
f 3283 3284 3546 3545
f 3284 3285 3547 3546
f 3285 3286 3548 3547
f 3286 3287 3549 3548
f 3287 3288 3550 3549
f 3288 3289 3551 3550
f 3289 3290 3552 3551
f 3290 3291 3553 3552
f 3291 3292 3554 3553
f 3292 3293 3555 3554
f 3293 3294 3556 3555
f 3294 3295 3557 3556
f 3295 3296 3558 3557
f 3296 3297 3559 3558
f 3297 3298 3560 3559
f 3298 3299 3561 3560
f 3299 3300 3562 3561
f 3300 3301 3563 3562
f 3301 3302 3564 3563
f 3302 3303 3565 3564
f 3303 3304 3566 3565
f 3304 3305 3567 3566
f 3305 3306 3568 3567
f 3306 3307 3569 3568
f 3307 3308 3570 3569
f 3308 3309 3571 3570
f 3309 3310 3572 3571
f 3310 3311 3573 3572
f 3311 3312 3574 3573
f 3312 3313 3575 3574
f 3313 3314 3576 3575
f 3314 3315 3577 3576
f 3315 3316 3578 3577
f 3316 3317 3579 3578
f 3317 3318 3580 3579
f 3318 3319 3581 3580
f 3319 3320 3582 3581
f 3320 3321 3583 3582
f 3321 3322 3584 3583
f 3322 3323 3585 3584
f 3323 3324 3586 3585
f 3324 3325 3587 3586
f 3325 3326 3588 3587
f 3326 3327 3589 3588
f 3327 3328 3590 3589
f 3328 3329 3591 3590
f 3329 3330 3592 3591
f 3330 3331 3593 3592
f 3331 3332 3594 3593
f 3332 3333 3595 3594
f 3333 3334 3596 3595
f 3334 3335 3597 3596
f 3335 3336 3598 3597
f 3336 3337 3599 3598
f 3337 3338 3600 3599
f 3338 3339 3601 3600
f 3339 3340 3602 3601
f 3340 3341 3603 3602
f 3341 3342 3604 3603
f 3342 3343 3605 3604
f 3343 3344 3606 3605
f 3344 3345 3607 3606
f 3345 3346 3608 3607
f 3346 3347 3609 3608
f 3347 3348 3610 3609
f 3348 3349 3611 3610
f 3349 3350 3612 3611
f 3350 3351 3613 3612
f 3351 3352 3614 3613
f 3352 3353 3615 3614
f 3353 3354 3616 3615
f 3354 3355 3617 3616
f 3355 3356 3618 3617
f 3356 3357 3619 3618
f 3357 3358 3620 3619
f 3358 3359 3621 3620
f 3359 3360 3622 3621
f 3360 3361 3623 3622
f 3361 3362 3624 3623
f 3362 3363 3625 3624
f 3363 3364 3626 3625
f 3364 3365 3627 3626
f 3365 3366 3628 3627
f 3366 3367 3629 3628
f 3367 3368 3630 3629
f 3368 3369 3631 3630
f 3369 3370 3632 3631
f 3370 3371 3633 3632
f 3371 3372 3634 3633
f 3372 3373 3635 3634
f 3373 3374 3636 3635
f 3374 3375 3637 3636
f 3375 3376 3638 3637
f 3376 3377 3639 3638
f 3377 3378 3640 3639
f 3378 3379 3641 3640
f 3379 3380 3642 3641
f 3380 3381 3643 3642
f 3381 3382 3644 3643
f 3382 3383 3645 3644
f 3383 3384 3646 3645
f 3384 3385 3647 3646
f 3385 3386 3648 3647
f 3386 3387 3649 3648
f 3387 3388 3650 3649
f 3388 3389 3651 3650
f 3389 3390 3652 3651
f 3390 3391 3653 3652
f 3391 3392 3654 3653
f 3392 3393 3655 3654
f 3393 3394 3656 3655
f 3394 3395 3657 3656
f 3395 3396 3658 3657
f 3396 3397 3659 3658
f 3397 3398 3660 3659
f 3398 3399 3661 3660
f 3399 3400 3662 3661
f 3400 3401 3663 3662
f 3401 3402 3664 3663
f 3402 3403 3665 3664
f 3403 3404 3666 3665
f 3404 3405 3667 3666
f 3405 3406 3668 3667
f 3406 3407 3669 3668
f 3407 3408 3670 3669
f 3408 3148 3410 3670
f 3410 3409 3671 3672
f 3409 3411 3673 3671
f 3411 3412 3674 3673
f 3412 3413 3675 3674
f 3413 3414 3676 3675
f 3414 3415 3677 3676
f 3415 3416 3678 3677
f 3416 3417 3679 3678
f 3417 3418 3680 3679
f 3418 3419 3681 3680
f 3419 3420 3682 3681
f 3420 3421 3683 3682
f 3421 3422 3684 3683
f 3422 3423 3685 3684
f 3423 3424 3686 3685
f 3424 3425 3687 3686
f 3425 3426 3688 3687
f 3426 3427 3689 3688
f 3427 3428 3690 3689
f 3428 3429 3691 3690
f 3429 3430 3692 3691
f 3430 3431 3693 3692
f 3431 3432 3694 3693
f 3432 3433 3695 3694
f 3433 3434 3696 3695
f 3434 3435 3697 3696
f 3435 3436 3698 3697
f 3436 3437 3699 3698
f 3437 3438 3700 3699
f 3438 3439 3701 3700
f 3439 3440 3702 3701
f 3440 3441 3703 3702
f 3441 3442 3704 3703
f 3442 3443 3705 3704
f 3443 3444 3706 3705
f 3444 3445 3707 3706
f 3445 3446 3708 3707
f 3446 3447 3709 3708
f 3447 3448 3710 3709
f 3448 3449 3711 3710
f 3449 3450 3712 3711
f 3450 3451 3713 3712
f 3451 3452 3714 3713
f 3452 3453 3715 3714
f 3453 3454 3716 3715
f 3454 3455 3717 3716
f 3455 3456 3718 3717
f 3456 3457 3719 3718
f 3457 3458 3720 3719
f 3458 3459 3721 3720
f 3459 3460 3722 3721
f 3460 3461 3723 3722
f 3461 3462 3724 3723
f 3462 3463 3725 3724
f 3463 3464 3726 3725
f 3464 3465 3727 3726
f 3465 3466 3728 3727
f 3466 3467 3729 3728
f 3467 3468 3730 3729
f 3468 3469 3731 3730
f 3469 3470 3732 3731
f 3470 3471 3733 3732
f 3471 3472 3734 3733
f 3472 3473 3735 3734
f 3473 3474 3736 3735
f 3474 3475 3737 3736
f 3475 3476 3738 3737
f 3476 3477 3739 3738
f 3477 3478 3740 3739
f 3478 3479 3741 3740
f 3479 3480 3742 3741
f 3480 3481 3743 3742
f 3481 3482 3744 3743
f 3482 3483 3745 3744
f 3483 3484 3746 3745
f 3484 3485 3747 3746
f 3485 3486 3748 3747
f 3486 3487 3749 3748
f 3487 3488 3750 3749
f 3488 3489 3751 3750
f 3489 3490 3752 3751
f 3490 3491 3753 3752
f 3491 3492 3754 3753
f 3492 3493 3755 3754
f 3493 3494 3756 3755
f 3494 3495 3757 3756
f 3495 3496 3758 3757
f 3496 3497 3759 3758
f 3497 3498 3760 3759
f 3498 3499 3761 3760
f 3499 3500 3762 3761
f 3500 3501 3763 3762
f 3501 3502 3764 3763
f 3502 3503 3765 3764
f 3503 3504 3766 3765
f 3504 3505 3767 3766
f 3505 3506 3768 3767
f 3506 3507 3769 3768
f 3507 3508 3770 3769
f 3508 3509 3771 3770
f 3509 3510 3772 3771
f 3510 3511 3773 3772
f 3511 3512 3774 3773
f 3512 3513 3775 3774
f 3513 3514 3776 3775
f 3514 3515 3777 3776
f 3515 3516 3778 3777
f 3516 3517 3779 3778
f 3517 3518 3780 3779
f 3518 3519 3781 3780
f 3519 3520 3782 3781
f 3520 3521 3783 3782
f 3521 3522 3784 3783
f 3522 3523 3785 3784
f 3523 3524 3786 3785
f 3524 3525 3787 3786
f 3525 3526 3788 3787
f 3526 3527 3789 3788
f 3527 3528 3790 3789
f 3528 3529 3791 3790
f 3529 3530 3792 3791
f 3530 3531 3793 3792
f 3531 3532 3794 3793
f 3532 3533 3795 3794
f 3533 3534 3796 3795
f 3534 3535 3797 3796
f 3535 3536 3798 3797
f 3536 3537 3799 3798
f 3537 3538 3800 3799
f 3538 3539 3801 3800
f 3539 3540 3802 3801
f 3540 3541 3803 3802
f 3541 3542 3804 3803
f 3542 3543 3805 3804
f 3543 3544 3806 3805
f 3544 3545 3807 3806
f 3545 3546 3808 3807
f 3546 3547 3809 3808
f 3547 3548 3810 3809
f 3548 3549 3811 3810
f 3549 3550 3812 3811
f 3550 3551 3813 3812
f 3551 3552 3814 3813
f 3552 3553 3815 3814
f 3553 3554 3816 3815
f 3554 3555 3817 3816
f 3555 3556 3818 3817
f 3556 3557 3819 3818
f 3557 3558 3820 3819
f 3558 3559 3821 3820
f 3559 3560 3822 3821
f 3560 3561 3823 3822
f 3561 3562 3824 3823
f 3562 3563 3825 3824
f 3563 3564 3826 3825
f 3564 3565 3827 3826
f 3565 3566 3828 3827
f 3566 3567 3829 3828
f 3567 3568 3830 3829
f 3568 3569 3831 3830
f 3569 3570 3832 3831
f 3570 3571 3833 3832
f 3571 3572 3834 3833
f 3572 3573 3835 3834
f 3573 3574 3836 3835
f 3574 3575 3837 3836
f 3575 3576 3838 3837
f 3576 3577 3839 3838
f 3577 3578 3840 3839
f 3578 3579 3841 3840
f 3579 3580 3842 3841
f 3580 3581 3843 3842
f 3581 3582 3844 3843
f 3582 3583 3845 3844
f 3583 3584 3846 3845
f 3584 3585 3847 3846
f 3585 3586 3848 3847
f 3586 3587 3849 3848
f 3587 3588 3850 3849
f 3588 3589 3851 3850
f 3589 3590 3852 3851
f 3590 3591 3853 3852
f 3591 3592 3854 3853
f 3592 3593 3855 3854
f 3593 3594 3856 3855
f 3594 3595 3857 3856
f 3595 3596 3858 3857
f 3596 3597 3859 3858
f 3597 3598 3860 3859
f 3598 3599 3861 3860
f 3599 3600 3862 3861
f 3600 3601 3863 3862
f 3601 3602 3864 3863
f 3602 3603 3865 3864
f 3603 3604 3866 3865
f 3604 3605 3867 3866
f 3605 3606 3868 3867
f 3606 3607 3869 3868
f 3607 3608 3870 3869
f 3608 3609 3871 3870
f 3609 3610 3872 3871
f 3610 3611 3873 3872
f 3611 3612 3874 3873
f 3612 3613 3875 3874
f 3613 3614 3876 3875
f 3614 3615 3877 3876
f 3615 3616 3878 3877
f 3616 3617 3879 3878
f 3617 3618 3880 3879
f 3618 3619 3881 3880
f 3619 3620 3882 3881
f 3620 3621 3883 3882
f 3621 3622 3884 3883
f 3622 3623 3885 3884
f 3623 3624 3886 3885
f 3624 3625 3887 3886
f 3625 3626 3888 3887
f 3626 3627 3889 3888
f 3627 3628 3890 3889
f 3628 3629 3891 3890
f 3629 3630 3892 3891
f 3630 3631 3893 3892
f 3631 3632 3894 3893
f 3632 3633 3895 3894
f 3633 3634 3896 3895
f 3634 3635 3897 3896
f 3635 3636 3898 3897
f 3636 3637 3899 3898
f 3637 3638 3900 3899
f 3638 3639 3901 3900
f 3639 3640 3902 3901
f 3640 3641 3903 3902
f 3641 3642 3904 3903
f 3642 3643 3905 3904
f 3643 3644 3906 3905
f 3644 3645 3907 3906
f 3645 3646 3908 3907
f 3646 3647 3909 3908
f 3647 3648 3910 3909
f 3648 3649 3911 3910
f 3649 3650 3912 3911
f 3650 3651 3913 3912
f 3651 3652 3914 3913
f 3652 3653 3915 3914
f 3653 3654 3916 3915
f 3654 3655 3917 3916
f 3655 3656 3918 3917
f 3656 3657 3919 3918
f 3657 3658 3920 3919
f 3658 3659 3921 3920
f 3659 3660 3922 3921
f 3660 3661 3923 3922
f 3661 3662 3924 3923
f 3662 3663 3925 3924
f 3663 3664 3926 3925
f 3664 3665 3927 3926
f 3665 3666 3928 3927
f 3666 3667 3929 3928
f 3667 3668 3930 3929
f 3668 3669 3931 3930
f 3669 3670 3932 3931
f 3670 3410 3672 3932
f 3672 3671 3933 3934
f 3671 3673 3935 3933
f 3673 3674 3936 3935
f 3674 3675 3937 3936
f 3675 3676 3938 3937
f 3676 3677 3939 3938
f 3677 3678 3940 3939
f 3678 3679 3941 3940
f 3679 3680 3942 3941
f 3680 3681 3943 3942
f 3681 3682 3944 3943
f 3682 3683 3945 3944
f 3683 3684 3946 3945
f 3684 3685 3947 3946
f 3685 3686 3948 3947
f 3686 3687 3949 3948
f 3687 3688 3950 3949
f 3688 3689 3951 3950
f 3689 3690 3952 3951
f 3690 3691 3953 3952
f 3691 3692 3954 3953
f 3692 3693 3955 3954
f 3693 3694 3956 3955
f 3694 3695 3957 3956
f 3695 3696 3958 3957
f 3696 3697 3959 3958
f 3697 3698 3960 3959
f 3698 3699 3961 3960
f 3699 3700 3962 3961
f 3700 3701 3963 3962
f 3701 3702 3964 3963
f 3702 3703 3965 3964
f 3703 3704 3966 3965
f 3704 3705 3967 3966
f 3705 3706 3968 3967
f 3706 3707 3969 3968
f 3707 3708 3970 3969
f 3708 3709 3971 3970
f 3709 3710 3972 3971
f 3710 3711 3973 3972
f 3711 3712 3974 3973
f 3712 3713 3975 3974
f 3713 3714 3976 3975
f 3714 3715 3977 3976
f 3715 3716 3978 3977
f 3716 3717 3979 3978
f 3717 3718 3980 3979
f 3718 3719 3981 3980
f 3719 3720 3982 3981
f 3720 3721 3983 3982
f 3721 3722 3984 3983
f 3722 3723 3985 3984
f 3723 3724 3986 3985
f 3724 3725 3987 3986
f 3725 3726 3988 3987
f 3726 3727 3989 3988
f 3727 3728 3990 3989
f 3728 3729 3991 3990
f 3729 3730 3992 3991
f 3730 3731 3993 3992
f 3731 3732 3994 3993
f 3732 3733 3995 3994
f 3733 3734 3996 3995
f 3734 3735 3997 3996
f 3735 3736 3998 3997
f 3736 3737 3999 3998
f 3737 3738 4000 3999
f 3738 3739 4001 4000
f 3739 3740 4002 4001
f 3740 3741 4003 4002
f 3741 3742 4004 4003
f 3742 3743 4005 4004
f 3743 3744 4006 4005
f 3744 3745 4007 4006
f 3745 3746 4008 4007
f 3746 3747 4009 4008
f 3747 3748 4010 4009
f 3748 3749 4011 4010
f 3749 3750 4012 4011
f 3750 3751 4013 4012
f 3751 3752 4014 4013
f 3752 3753 4015 4014
f 3753 3754 4016 4015
f 3754 3755 4017 4016
f 3755 3756 4018 4017
f 3756 3757 4019 4018
f 3757 3758 4020 4019
f 3758 3759 4021 4020
f 3759 3760 4022 4021
f 3760 3761 4023 4022
f 3761 3762 4024 4023
f 3762 3763 4025 4024
f 3763 3764 4026 4025
f 3764 3765 4027 4026
f 3765 3766 4028 4027
f 3766 3767 4029 4028
f 3767 3768 4030 4029
f 3768 3769 4031 4030
f 3769 3770 4032 4031
f 3770 3771 4033 4032
f 3771 3772 4034 4033
f 3772 3773 4035 4034
f 3773 3774 4036 4035
f 3774 3775 4037 4036
f 3775 3776 4038 4037
f 3776 3777 4039 4038
f 3777 3778 4040 4039
f 3778 3779 4041 4040
f 3779 3780 4042 4041
f 3780 3781 4043 4042
f 3781 3782 4044 4043
f 3782 3783 4045 4044
f 3783 3784 4046 4045
f 3784 3785 4047 4046
f 3785 3786 4048 4047
f 3786 3787 4049 4048
f 3787 3788 4050 4049
f 3788 3789 4051 4050
f 3789 3790 4052 4051
f 3790 3791 4053 4052
f 3791 3792 4054 4053
f 3792 3793 4055 4054
f 3793 3794 4056 4055
f 3794 3795 4057 4056
f 3795 3796 4058 4057
f 3796 3797 4059 4058
f 3797 3798 4060 4059
f 3798 3799 4061 4060
f 3799 3800 4062 4061
f 3800 3801 4063 4062
f 3801 3802 4064 4063
f 3802 3803 4065 4064
f 3803 3804 4066 4065
f 3804 3805 4067 4066
f 3805 3806 4068 4067
f 3806 3807 4069 4068
f 3807 3808 4070 4069
f 3808 3809 4071 4070
f 3809 3810 4072 4071
f 3810 3811 4073 4072
f 3811 3812 4074 4073
f 3812 3813 4075 4074
f 3813 3814 4076 4075
f 3814 3815 4077 4076
f 3815 3816 4078 4077
f 3816 3817 4079 4078
f 3817 3818 4080 4079
f 3818 3819 4081 4080
f 3819 3820 4082 4081
f 3820 3821 4083 4082
f 3821 3822 4084 4083
f 3822 3823 4085 4084
f 3823 3824 4086 4085
f 3824 3825 4087 4086
f 3825 3826 4088 4087
f 3826 3827 4089 4088
f 3827 3828 4090 4089
f 3828 3829 4091 4090
f 3829 3830 4092 4091
f 3830 3831 4093 4092
f 3831 3832 4094 4093
f 3832 3833 4095 4094
f 3833 3834 4096 4095
f 3834 3835 4097 4096
f 3835 3836 4098 4097
f 3836 3837 4099 4098
f 3837 3838 4100 4099
f 3838 3839 4101 4100
f 3839 3840 4102 4101
f 3840 3841 4103 4102
f 3841 3842 4104 4103
f 3842 3843 4105 4104
f 3843 3844 4106 4105
f 3844 3845 4107 4106
f 3845 3846 4108 4107
f 3846 3847 4109 4108
f 3847 3848 4110 4109
f 3848 3849 4111 4110
f 3849 3850 4112 4111
f 3850 3851 4113 4112
f 3851 3852 4114 4113
f 3852 3853 4115 4114
f 3853 3854 4116 4115
f 3854 3855 4117 4116
f 3855 3856 4118 4117
f 3856 3857 4119 4118
f 3857 3858 4120 4119
f 3858 3859 4121 4120
f 3859 3860 4122 4121
f 3860 3861 4123 4122
f 3861 3862 4124 4123
f 3862 3863 4125 4124
f 3863 3864 4126 4125
f 3864 3865 4127 4126
f 3865 3866 4128 4127
f 3866 3867 4129 4128
f 3867 3868 4130 4129
f 3868 3869 4131 4130
f 3869 3870 4132 4131
f 3870 3871 4133 4132
f 3871 3872 4134 4133
f 3872 3873 4135 4134
f 3873 3874 4136 4135
f 3874 3875 4137 4136
f 3875 3876 4138 4137
f 3876 3877 4139 4138
f 3877 3878 4140 4139
f 3878 3879 4141 4140
f 3879 3880 4142 4141
f 3880 3881 4143 4142
f 3881 3882 4144 4143
f 3882 3883 4145 4144
f 3883 3884 4146 4145
f 3884 3885 4147 4146
f 3885 3886 4148 4147
f 3886 3887 4149 4148
f 3887 3888 4150 4149
f 3888 3889 4151 4150
f 3889 3890 4152 4151
f 3890 3891 4153 4152
f 3891 3892 4154 4153
f 3892 3893 4155 4154
f 3893 3894 4156 4155
f 3894 3895 4157 4156
f 3895 3896 4158 4157
f 3896 3897 4159 4158
f 3897 3898 4160 4159
f 3898 3899 4161 4160
f 3899 3900 4162 4161
f 3900 3901 4163 4162
f 3901 3902 4164 4163
f 3902 3903 4165 4164
f 3903 3904 4166 4165
f 3904 3905 4167 4166
f 3905 3906 4168 4167
f 3906 3907 4169 4168
f 3907 3908 4170 4169
f 3908 3909 4171 4170
f 3909 3910 4172 4171
f 3910 3911 4173 4172
f 3911 3912 4174 4173
f 3912 3913 4175 4174
f 3913 3914 4176 4175
f 3914 3915 4177 4176
f 3915 3916 4178 4177
f 3916 3917 4179 4178
f 3917 3918 4180 4179
f 3918 3919 4181 4180
f 3919 3920 4182 4181
f 3920 3921 4183 4182
f 3921 3922 4184 4183
f 3922 3923 4185 4184
f 3923 3924 4186 4185
f 3924 3925 4187 4186
f 3925 3926 4188 4187
f 3926 3927 4189 4188
f 3927 3928 4190 4189
f 3928 3929 4191 4190
f 3929 3930 4192 4191
f 3930 3931 4193 4192
f 3931 3932 4194 4193
f 3932 3672 3934 4194
f 3934 3933 4195 4196
f 3933 3935 4197 4195
f 3935 3936 4198 4197
f 3936 3937 4199 4198
f 3937 3938 4200 4199
f 3938 3939 4201 4200
f 3939 3940 4202 4201
f 3940 3941 4203 4202
f 3941 3942 4204 4203
f 3942 3943 4205 4204
f 3943 3944 4206 4205
f 3944 3945 4207 4206
f 3945 3946 4208 4207
f 3946 3947 4209 4208
f 3947 3948 4210 4209
f 3948 3949 4211 4210
f 3949 3950 4212 4211
f 3950 3951 4213 4212
f 3951 3952 4214 4213
f 3952 3953 4215 4214
f 3953 3954 4216 4215
f 3954 3955 4217 4216
f 3955 3956 4218 4217
f 3956 3957 4219 4218
f 3957 3958 4220 4219
f 3958 3959 4221 4220
f 3959 3960 4222 4221
f 3960 3961 4223 4222
f 3961 3962 4224 4223
f 3962 3963 4225 4224
f 3963 3964 4226 4225
f 3964 3965 4227 4226
f 3965 3966 4228 4227
f 3966 3967 4229 4228
f 3967 3968 4230 4229
f 3968 3969 4231 4230
f 3969 3970 4232 4231
f 3970 3971 4233 4232
f 3971 3972 4234 4233
f 3972 3973 4235 4234
f 3973 3974 4236 4235
f 3974 3975 4237 4236
f 3975 3976 4238 4237
f 3976 3977 4239 4238
f 3977 3978 4240 4239
f 3978 3979 4241 4240
f 3979 3980 4242 4241
f 3980 3981 4243 4242
f 3981 3982 4244 4243
f 3982 3983 4245 4244
f 3983 3984 4246 4245
f 3984 3985 4247 4246
f 3985 3986 4248 4247
f 3986 3987 4249 4248
f 3987 3988 4250 4249
f 3988 3989 4251 4250
f 3989 3990 4252 4251
f 3990 3991 4253 4252
f 3991 3992 4254 4253
f 3992 3993 4255 4254
f 3993 3994 4256 4255
f 3994 3995 4257 4256
f 3995 3996 4258 4257
f 3996 3997 4259 4258
f 3997 3998 4260 4259
f 3998 3999 4261 4260
f 3999 4000 4262 4261
f 4000 4001 4263 4262
f 4001 4002 4264 4263
f 4002 4003 4265 4264
f 4003 4004 4266 4265
f 4004 4005 4267 4266
f 4005 4006 4268 4267
f 4006 4007 4269 4268
f 4007 4008 4270 4269
f 4008 4009 4271 4270
f 4009 4010 4272 4271
f 4010 4011 4273 4272
f 4011 4012 4274 4273
f 4012 4013 4275 4274
f 4013 4014 4276 4275
f 4014 4015 4277 4276
f 4015 4016 4278 4277
f 4016 4017 4279 4278
f 4017 4018 4280 4279
f 4018 4019 4281 4280
f 4019 4020 4282 4281
f 4020 4021 4283 4282
f 4021 4022 4284 4283
f 4022 4023 4285 4284
f 4023 4024 4286 4285
f 4024 4025 4287 4286
f 4025 4026 4288 4287
f 4026 4027 4289 4288
f 4027 4028 4290 4289
f 4028 4029 4291 4290
f 4029 4030 4292 4291
f 4030 4031 4293 4292
f 4031 4032 4294 4293
f 4032 4033 4295 4294
f 4033 4034 4296 4295
f 4034 4035 4297 4296
f 4035 4036 4298 4297
f 4036 4037 4299 4298
f 4037 4038 4300 4299
f 4038 4039 4301 4300
f 4039 4040 4302 4301
f 4040 4041 4303 4302
f 4041 4042 4304 4303
f 4042 4043 4305 4304
f 4043 4044 4306 4305
f 4044 4045 4307 4306
f 4045 4046 4308 4307
f 4046 4047 4309 4308
f 4047 4048 4310 4309
f 4048 4049 4311 4310
f 4049 4050 4312 4311
f 4050 4051 4313 4312
f 4051 4052 4314 4313
f 4052 4053 4315 4314
f 4053 4054 4316 4315
f 4054 4055 4317 4316
f 4055 4056 4318 4317
f 4056 4057 4319 4318
f 4057 4058 4320 4319
f 4058 4059 4321 4320
f 4059 4060 4322 4321
f 4060 4061 4323 4322
f 4061 4062 4324 4323
f 4062 4063 4325 4324
f 4063 4064 4326 4325
f 4064 4065 4327 4326
f 4065 4066 4328 4327
f 4066 4067 4329 4328
f 4067 4068 4330 4329
f 4068 4069 4331 4330
f 4069 4070 4332 4331
f 4070 4071 4333 4332
f 4071 4072 4334 4333
f 4072 4073 4335 4334
f 4073 4074 4336 4335
f 4074 4075 4337 4336
f 4075 4076 4338 4337
f 4076 4077 4339 4338
f 4077 4078 4340 4339
f 4078 4079 4341 4340
f 4079 4080 4342 4341
f 4080 4081 4343 4342
f 4081 4082 4344 4343
f 4082 4083 4345 4344
f 4083 4084 4346 4345
f 4084 4085 4347 4346
f 4085 4086 4348 4347
f 4086 4087 4349 4348
f 4087 4088 4350 4349
f 4088 4089 4351 4350
f 4089 4090 4352 4351
f 4090 4091 4353 4352
f 4091 4092 4354 4353
f 4092 4093 4355 4354
f 4093 4094 4356 4355
f 4094 4095 4357 4356
f 4095 4096 4358 4357
f 4096 4097 4359 4358
f 4097 4098 4360 4359
f 4098 4099 4361 4360
f 4099 4100 4362 4361
f 4100 4101 4363 4362
f 4101 4102 4364 4363
f 4102 4103 4365 4364
f 4103 4104 4366 4365
f 4104 4105 4367 4366
f 4105 4106 4368 4367
f 4106 4107 4369 4368
f 4107 4108 4370 4369
f 4108 4109 4371 4370
f 4109 4110 4372 4371
f 4110 4111 4373 4372
f 4111 4112 4374 4373
f 4112 4113 4375 4374
f 4113 4114 4376 4375
f 4114 4115 4377 4376
f 4115 4116 4378 4377
f 4116 4117 4379 4378
f 4117 4118 4380 4379
f 4118 4119 4381 4380
f 4119 4120 4382 4381
f 4120 4121 4383 4382
f 4121 4122 4384 4383
f 4122 4123 4385 4384
f 4123 4124 4386 4385
f 4124 4125 4387 4386
f 4125 4126 4388 4387
f 4126 4127 4389 4388
f 4127 4128 4390 4389
f 4128 4129 4391 4390
f 4129 4130 4392 4391
f 4130 4131 4393 4392
f 4131 4132 4394 4393
f 4132 4133 4395 4394
f 4133 4134 4396 4395
f 4134 4135 4397 4396
f 4135 4136 4398 4397
f 4136 4137 4399 4398
f 4137 4138 4400 4399
f 4138 4139 4401 4400
f 4139 4140 4402 4401
f 4140 4141 4403 4402
f 4141 4142 4404 4403
f 4142 4143 4405 4404
f 4143 4144 4406 4405
f 4144 4145 4407 4406
f 4145 4146 4408 4407
f 4146 4147 4409 4408
f 4147 4148 4410 4409
f 4148 4149 4411 4410
f 4149 4150 4412 4411
f 4150 4151 4413 4412
f 4151 4152 4414 4413
f 4152 4153 4415 4414
f 4153 4154 4416 4415
f 4154 4155 4417 4416
f 4155 4156 4418 4417
f 4156 4157 4419 4418
f 4157 4158 4420 4419
f 4158 4159 4421 4420
f 4159 4160 4422 4421
f 4160 4161 4423 4422
f 4161 4162 4424 4423
f 4162 4163 4425 4424
f 4163 4164 4426 4425
f 4164 4165 4427 4426
f 4165 4166 4428 4427
f 4166 4167 4429 4428
f 4167 4168 4430 4429
f 4168 4169 4431 4430
f 4169 4170 4432 4431
f 4170 4171 4433 4432
f 4171 4172 4434 4433
f 4172 4173 4435 4434
f 4173 4174 4436 4435
f 4174 4175 4437 4436
f 4175 4176 4438 4437
f 4176 4177 4439 4438
f 4177 4178 4440 4439
f 4178 4179 4441 4440
f 4179 4180 4442 4441
f 4180 4181 4443 4442
f 4181 4182 4444 4443
f 4182 4183 4445 4444
f 4183 4184 4446 4445
f 4184 4185 4447 4446
f 4185 4186 4448 4447
f 4186 4187 4449 4448
f 4187 4188 4450 4449
f 4188 4189 4451 4450
f 4189 4190 4452 4451
f 4190 4191 4453 4452
f 4191 4192 4454 4453
f 4192 4193 4455 4454
f 4193 4194 4456 4455
f 4194 3934 4196 4456
f 4196 4195 4457 4458
f 4195 4197 4459 4457
f 4197 4198 4460 4459
f 4198 4199 4461 4460
f 4199 4200 4462 4461
f 4200 4201 4463 4462
f 4201 4202 4464 4463
f 4202 4203 4465 4464
f 4203 4204 4466 4465
f 4204 4205 4467 4466
f 4205 4206 4468 4467
f 4206 4207 4469 4468
f 4207 4208 4470 4469
f 4208 4209 4471 4470
f 4209 4210 4472 4471
f 4210 4211 4473 4472
f 4211 4212 4474 4473
f 4212 4213 4475 4474
f 4213 4214 4476 4475
f 4214 4215 4477 4476
f 4215 4216 4478 4477
f 4216 4217 4479 4478
f 4217 4218 4480 4479
f 4218 4219 4481 4480
f 4219 4220 4482 4481
f 4220 4221 4483 4482
f 4221 4222 4484 4483
f 4222 4223 4485 4484
f 4223 4224 4486 4485
f 4224 4225 4487 4486
f 4225 4226 4488 4487
f 4226 4227 4489 4488
f 4227 4228 4490 4489
f 4228 4229 4491 4490
f 4229 4230 4492 4491
f 4230 4231 4493 4492
f 4231 4232 4494 4493
f 4232 4233 4495 4494
f 4233 4234 4496 4495
f 4234 4235 4497 4496
f 4235 4236 4498 4497
f 4236 4237 4499 4498
f 4237 4238 4500 4499
f 4238 4239 4501 4500
f 4239 4240 4502 4501
f 4240 4241 4503 4502
f 4241 4242 4504 4503
f 4242 4243 4505 4504
f 4243 4244 4506 4505
f 4244 4245 4507 4506
f 4245 4246 4508 4507
f 4246 4247 4509 4508
f 4247 4248 4510 4509
f 4248 4249 4511 4510
f 4249 4250 4512 4511
f 4250 4251 4513 4512
f 4251 4252 4514 4513
f 4252 4253 4515 4514
f 4253 4254 4516 4515
f 4254 4255 4517 4516
f 4255 4256 4518 4517
f 4256 4257 4519 4518
f 4257 4258 4520 4519
f 4258 4259 4521 4520
f 4259 4260 4522 4521
f 4260 4261 4523 4522
f 4261 4262 4524 4523
f 4262 4263 4525 4524
f 4263 4264 4526 4525
f 4264 4265 4527 4526
f 4265 4266 4528 4527
f 4266 4267 4529 4528
f 4267 4268 4530 4529
f 4268 4269 4531 4530
f 4269 4270 4532 4531
f 4270 4271 4533 4532
f 4271 4272 4534 4533
f 4272 4273 4535 4534
f 4273 4274 4536 4535
f 4274 4275 4537 4536
f 4275 4276 4538 4537
f 4276 4277 4539 4538
f 4277 4278 4540 4539
f 4278 4279 4541 4540
f 4279 4280 4542 4541
f 4280 4281 4543 4542
f 4281 4282 4544 4543
f 4282 4283 4545 4544
f 4283 4284 4546 4545
f 4284 4285 4547 4546
f 4285 4286 4548 4547
f 4286 4287 4549 4548
f 4287 4288 4550 4549
f 4288 4289 4551 4550
f 4289 4290 4552 4551
f 4290 4291 4553 4552
f 4291 4292 4554 4553
f 4292 4293 4555 4554
f 4293 4294 4556 4555
f 4294 4295 4557 4556
f 4295 4296 4558 4557
f 4296 4297 4559 4558
f 4297 4298 4560 4559
f 4298 4299 4561 4560
f 4299 4300 4562 4561
f 4300 4301 4563 4562
f 4301 4302 4564 4563
f 4302 4303 4565 4564
f 4303 4304 4566 4565
f 4304 4305 4567 4566
f 4305 4306 4568 4567
f 4306 4307 4569 4568
f 4307 4308 4570 4569
f 4308 4309 4571 4570
f 4309 4310 4572 4571
f 4310 4311 4573 4572
f 4311 4312 4574 4573
f 4312 4313 4575 4574
f 4313 4314 4576 4575
f 4314 4315 4577 4576
f 4315 4316 4578 4577
f 4316 4317 4579 4578
f 4317 4318 4580 4579
f 4318 4319 4581 4580
f 4319 4320 4582 4581
f 4320 4321 4583 4582
f 4321 4322 4584 4583
f 4322 4323 4585 4584
f 4323 4324 4586 4585
f 4324 4325 4587 4586
f 4325 4326 4588 4587
f 4326 4327 4589 4588
f 4327 4328 4590 4589
f 4328 4329 4591 4590
f 4329 4330 4592 4591
f 4330 4331 4593 4592
f 4331 4332 4594 4593
f 4332 4333 4595 4594
f 4333 4334 4596 4595
f 4334 4335 4597 4596
f 4335 4336 4598 4597
f 4336 4337 4599 4598
f 4337 4338 4600 4599
f 4338 4339 4601 4600
f 4339 4340 4602 4601
f 4340 4341 4603 4602
f 4341 4342 4604 4603
f 4342 4343 4605 4604
f 4343 4344 4606 4605
f 4344 4345 4607 4606
f 4345 4346 4608 4607
f 4346 4347 4609 4608
f 4347 4348 4610 4609
f 4348 4349 4611 4610
f 4349 4350 4612 4611
f 4350 4351 4613 4612
f 4351 4352 4614 4613
f 4352 4353 4615 4614
f 4353 4354 4616 4615
f 4354 4355 4617 4616
f 4355 4356 4618 4617
f 4356 4357 4619 4618
f 4357 4358 4620 4619
f 4358 4359 4621 4620
f 4359 4360 4622 4621
f 4360 4361 4623 4622
f 4361 4362 4624 4623
f 4362 4363 4625 4624
f 4363 4364 4626 4625
f 4364 4365 4627 4626
f 4365 4366 4628 4627
f 4366 4367 4629 4628
f 4367 4368 4630 4629
f 4368 4369 4631 4630
f 4369 4370 4632 4631
f 4370 4371 4633 4632
f 4371 4372 4634 4633
f 4372 4373 4635 4634
f 4373 4374 4636 4635
f 4374 4375 4637 4636
f 4375 4376 4638 4637
f 4376 4377 4639 4638
f 4377 4378 4640 4639
f 4378 4379 4641 4640
f 4379 4380 4642 4641
f 4380 4381 4643 4642
f 4381 4382 4644 4643
f 4382 4383 4645 4644
f 4383 4384 4646 4645
f 4384 4385 4647 4646
f 4385 4386 4648 4647
f 4386 4387 4649 4648
f 4387 4388 4650 4649
f 4388 4389 4651 4650
f 4389 4390 4652 4651
f 4390 4391 4653 4652
f 4391 4392 4654 4653
f 4392 4393 4655 4654
f 4393 4394 4656 4655
f 4394 4395 4657 4656
f 4395 4396 4658 4657
f 4396 4397 4659 4658
f 4397 4398 4660 4659
f 4398 4399 4661 4660
f 4399 4400 4662 4661
f 4400 4401 4663 4662
f 4401 4402 4664 4663
f 4402 4403 4665 4664
f 4403 4404 4666 4665
f 4404 4405 4667 4666
f 4405 4406 4668 4667
f 4406 4407 4669 4668
f 4407 4408 4670 4669
f 4408 4409 4671 4670
f 4409 4410 4672 4671
f 4410 4411 4673 4672
f 4411 4412 4674 4673
f 4412 4413 4675 4674
f 4413 4414 4676 4675
f 4414 4415 4677 4676
f 4415 4416 4678 4677
f 4416 4417 4679 4678
f 4417 4418 4680 4679
f 4418 4419 4681 4680
f 4419 4420 4682 4681
f 4420 4421 4683 4682
f 4421 4422 4684 4683
f 4422 4423 4685 4684
f 4423 4424 4686 4685
f 4424 4425 4687 4686
f 4425 4426 4688 4687
f 4426 4427 4689 4688
f 4427 4428 4690 4689
f 4428 4429 4691 4690
f 4429 4430 4692 4691
f 4430 4431 4693 4692
f 4431 4432 4694 4693
f 4432 4433 4695 4694
f 4433 4434 4696 4695
f 4434 4435 4697 4696
f 4435 4436 4698 4697
f 4436 4437 4699 4698
f 4437 4438 4700 4699
f 4438 4439 4701 4700
f 4439 4440 4702 4701
f 4440 4441 4703 4702
f 4441 4442 4704 4703
f 4442 4443 4705 4704
f 4443 4444 4706 4705
f 4444 4445 4707 4706
f 4445 4446 4708 4707
f 4446 4447 4709 4708
f 4447 4448 4710 4709
f 4448 4449 4711 4710
f 4449 4450 4712 4711
f 4450 4451 4713 4712
f 4451 4452 4714 4713
f 4452 4453 4715 4714
f 4453 4454 4716 4715
f 4454 4455 4717 4716
f 4455 4456 4718 4717
f 4456 4196 4458 4718
f 4458 4457 4719 4720
f 4457 4459 4721 4719
f 4459 4460 4722 4721
f 4460 4461 4723 4722
f 4461 4462 4724 4723
f 4462 4463 4725 4724
f 4463 4464 4726 4725
f 4464 4465 4727 4726
f 4465 4466 4728 4727
f 4466 4467 4729 4728
f 4467 4468 4730 4729
f 4468 4469 4731 4730
f 4469 4470 4732 4731
f 4470 4471 4733 4732
f 4471 4472 4734 4733
f 4472 4473 4735 4734
f 4473 4474 4736 4735
f 4474 4475 4737 4736
f 4475 4476 4738 4737
f 4476 4477 4739 4738
f 4477 4478 4740 4739
f 4478 4479 4741 4740
f 4479 4480 4742 4741
f 4480 4481 4743 4742
f 4481 4482 4744 4743
f 4482 4483 4745 4744
f 4483 4484 4746 4745
f 4484 4485 4747 4746
f 4485 4486 4748 4747
f 4486 4487 4749 4748
f 4487 4488 4750 4749
f 4488 4489 4751 4750
f 4489 4490 4752 4751
f 4490 4491 4753 4752
f 4491 4492 4754 4753
f 4492 4493 4755 4754
f 4493 4494 4756 4755
f 4494 4495 4757 4756
f 4495 4496 4758 4757
f 4496 4497 4759 4758
f 4497 4498 4760 4759
f 4498 4499 4761 4760
f 4499 4500 4762 4761
f 4500 4501 4763 4762
f 4501 4502 4764 4763
f 4502 4503 4765 4764
f 4503 4504 4766 4765
f 4504 4505 4767 4766
f 4505 4506 4768 4767
f 4506 4507 4769 4768
f 4507 4508 4770 4769
f 4508 4509 4771 4770
f 4509 4510 4772 4771
f 4510 4511 4773 4772
f 4511 4512 4774 4773
f 4512 4513 4775 4774
f 4513 4514 4776 4775
f 4514 4515 4777 4776
f 4515 4516 4778 4777
f 4516 4517 4779 4778
f 4517 4518 4780 4779
f 4518 4519 4781 4780
f 4519 4520 4782 4781
f 4520 4521 4783 4782
f 4521 4522 4784 4783
f 4522 4523 4785 4784
f 4523 4524 4786 4785
f 4524 4525 4787 4786
f 4525 4526 4788 4787
f 4526 4527 4789 4788
f 4527 4528 4790 4789
f 4528 4529 4791 4790
f 4529 4530 4792 4791
f 4530 4531 4793 4792
f 4531 4532 4794 4793
f 4532 4533 4795 4794
f 4533 4534 4796 4795
f 4534 4535 4797 4796
f 4535 4536 4798 4797
f 4536 4537 4799 4798
f 4537 4538 4800 4799
f 4538 4539 4801 4800
f 4539 4540 4802 4801
f 4540 4541 4803 4802
f 4541 4542 4804 4803
f 4542 4543 4805 4804
f 4543 4544 4806 4805
f 4544 4545 4807 4806
f 4545 4546 4808 4807
f 4546 4547 4809 4808
f 4547 4548 4810 4809
f 4548 4549 4811 4810
f 4549 4550 4812 4811
f 4550 4551 4813 4812
f 4551 4552 4814 4813
f 4552 4553 4815 4814
f 4553 4554 4816 4815
f 4554 4555 4817 4816
f 4555 4556 4818 4817
f 4556 4557 4819 4818
f 4557 4558 4820 4819
f 4558 4559 4821 4820
f 4559 4560 4822 4821
f 4560 4561 4823 4822
f 4561 4562 4824 4823
f 4562 4563 4825 4824
f 4563 4564 4826 4825
f 4564 4565 4827 4826
f 4565 4566 4828 4827
f 4566 4567 4829 4828
f 4567 4568 4830 4829
f 4568 4569 4831 4830
f 4569 4570 4832 4831
f 4570 4571 4833 4832
f 4571 4572 4834 4833
f 4572 4573 4835 4834
f 4573 4574 4836 4835
f 4574 4575 4837 4836
f 4575 4576 4838 4837
f 4576 4577 4839 4838
f 4577 4578 4840 4839
f 4578 4579 4841 4840
f 4579 4580 4842 4841
f 4580 4581 4843 4842
f 4581 4582 4844 4843
f 4582 4583 4845 4844
f 4583 4584 4846 4845
f 4584 4585 4847 4846
f 4585 4586 4848 4847
f 4586 4587 4849 4848
f 4587 4588 4850 4849
f 4588 4589 4851 4850
f 4589 4590 4852 4851
f 4590 4591 4853 4852
f 4591 4592 4854 4853
f 4592 4593 4855 4854
f 4593 4594 4856 4855
f 4594 4595 4857 4856
f 4595 4596 4858 4857
f 4596 4597 4859 4858
f 4597 4598 4860 4859
f 4598 4599 4861 4860
f 4599 4600 4862 4861
f 4600 4601 4863 4862
f 4601 4602 4864 4863
f 4602 4603 4865 4864
f 4603 4604 4866 4865
f 4604 4605 4867 4866
f 4605 4606 4868 4867
f 4606 4607 4869 4868
f 4607 4608 4870 4869
f 4608 4609 4871 4870
f 4609 4610 4872 4871
f 4610 4611 4873 4872
f 4611 4612 4874 4873
f 4612 4613 4875 4874
f 4613 4614 4876 4875
f 4614 4615 4877 4876
f 4615 4616 4878 4877
f 4616 4617 4879 4878
f 4617 4618 4880 4879
f 4618 4619 4881 4880
f 4619 4620 4882 4881
f 4620 4621 4883 4882
f 4621 4622 4884 4883
f 4622 4623 4885 4884
f 4623 4624 4886 4885
f 4624 4625 4887 4886
f 4625 4626 4888 4887
f 4626 4627 4889 4888
f 4627 4628 4890 4889
f 4628 4629 4891 4890
f 4629 4630 4892 4891
f 4630 4631 4893 4892
f 4631 4632 4894 4893
f 4632 4633 4895 4894
f 4633 4634 4896 4895
f 4634 4635 4897 4896
f 4635 4636 4898 4897
f 4636 4637 4899 4898
f 4637 4638 4900 4899
f 4638 4639 4901 4900
f 4639 4640 4902 4901
f 4640 4641 4903 4902
f 4641 4642 4904 4903
f 4642 4643 4905 4904
f 4643 4644 4906 4905
f 4644 4645 4907 4906
f 4645 4646 4908 4907
f 4646 4647 4909 4908
f 4647 4648 4910 4909
f 4648 4649 4911 4910
f 4649 4650 4912 4911
f 4650 4651 4913 4912
f 4651 4652 4914 4913
f 4652 4653 4915 4914
f 4653 4654 4916 4915
f 4654 4655 4917 4916
f 4655 4656 4918 4917
f 4656 4657 4919 4918
f 4657 4658 4920 4919
f 4658 4659 4921 4920
f 4659 4660 4922 4921
f 4660 4661 4923 4922
f 4661 4662 4924 4923
f 4662 4663 4925 4924
f 4663 4664 4926 4925
f 4664 4665 4927 4926
f 4665 4666 4928 4927
f 4666 4667 4929 4928
f 4667 4668 4930 4929
f 4668 4669 4931 4930
f 4669 4670 4932 4931
f 4670 4671 4933 4932
f 4671 4672 4934 4933
f 4672 4673 4935 4934
f 4673 4674 4936 4935
f 4674 4675 4937 4936
f 4675 4676 4938 4937
f 4676 4677 4939 4938
f 4677 4678 4940 4939
f 4678 4679 4941 4940
f 4679 4680 4942 4941
f 4680 4681 4943 4942
f 4681 4682 4944 4943
f 4682 4683 4945 4944
f 4683 4684 4946 4945
f 4684 4685 4947 4946
f 4685 4686 4948 4947
f 4686 4687 4949 4948
f 4687 4688 4950 4949
f 4688 4689 4951 4950
f 4689 4690 4952 4951
f 4690 4691 4953 4952
f 4691 4692 4954 4953
f 4692 4693 4955 4954
f 4693 4694 4956 4955
f 4694 4695 4957 4956
f 4695 4696 4958 4957
f 4696 4697 4959 4958
f 4697 4698 4960 4959
f 4698 4699 4961 4960
f 4699 4700 4962 4961
f 4700 4701 4963 4962
f 4701 4702 4964 4963
f 4702 4703 4965 4964
f 4703 4704 4966 4965
f 4704 4705 4967 4966
f 4705 4706 4968 4967
f 4706 4707 4969 4968
f 4707 4708 4970 4969
f 4708 4709 4971 4970
f 4709 4710 4972 4971
f 4710 4711 4973 4972
f 4711 4712 4974 4973
f 4712 4713 4975 4974
f 4713 4714 4976 4975
f 4714 4715 4977 4976
f 4715 4716 4978 4977
f 4716 4717 4979 4978
f 4717 4718 4980 4979
f 4718 4458 4720 4980
f 4720 4719 4981 4982
f 4719 4721 4983 4981
f 4721 4722 4984 4983
f 4722 4723 4985 4984
f 4723 4724 4986 4985
f 4724 4725 4987 4986
f 4725 4726 4988 4987
f 4726 4727 4989 4988
f 4727 4728 4990 4989
f 4728 4729 4991 4990
f 4729 4730 4992 4991
f 4730 4731 4993 4992
f 4731 4732 4994 4993
f 4732 4733 4995 4994
f 4733 4734 4996 4995
f 4734 4735 4997 4996
f 4735 4736 4998 4997
f 4736 4737 4999 4998
f 4737 4738 5000 4999
f 4738 4739 5001 5000
f 4739 4740 5002 5001
f 4740 4741 5003 5002
f 4741 4742 5004 5003
f 4742 4743 5005 5004
f 4743 4744 5006 5005
f 4744 4745 5007 5006
f 4745 4746 5008 5007
f 4746 4747 5009 5008
f 4747 4748 5010 5009
f 4748 4749 5011 5010
f 4749 4750 5012 5011
f 4750 4751 5013 5012
f 4751 4752 5014 5013
f 4752 4753 5015 5014
f 4753 4754 5016 5015
f 4754 4755 5017 5016
f 4755 4756 5018 5017
f 4756 4757 5019 5018
f 4757 4758 5020 5019
f 4758 4759 5021 5020
f 4759 4760 5022 5021
f 4760 4761 5023 5022
f 4761 4762 5024 5023
f 4762 4763 5025 5024
f 4763 4764 5026 5025
f 4764 4765 5027 5026
f 4765 4766 5028 5027
f 4766 4767 5029 5028
f 4767 4768 5030 5029
f 4768 4769 5031 5030
f 4769 4770 5032 5031
f 4770 4771 5033 5032
f 4771 4772 5034 5033
f 4772 4773 5035 5034
f 4773 4774 5036 5035
f 4774 4775 5037 5036
f 4775 4776 5038 5037
f 4776 4777 5039 5038
f 4777 4778 5040 5039
f 4778 4779 5041 5040
f 4779 4780 5042 5041
f 4780 4781 5043 5042
f 4781 4782 5044 5043
f 4782 4783 5045 5044
f 4783 4784 5046 5045
f 4784 4785 5047 5046
f 4785 4786 5048 5047
f 4786 4787 5049 5048
f 4787 4788 5050 5049
f 4788 4789 5051 5050
f 4789 4790 5052 5051
f 4790 4791 5053 5052
f 4791 4792 5054 5053
f 4792 4793 5055 5054
f 4793 4794 5056 5055
f 4794 4795 5057 5056
f 4795 4796 5058 5057
f 4796 4797 5059 5058
f 4797 4798 5060 5059
f 4798 4799 5061 5060
f 4799 4800 5062 5061
f 4800 4801 5063 5062
f 4801 4802 5064 5063
f 4802 4803 5065 5064
f 4803 4804 5066 5065
f 4804 4805 5067 5066
f 4805 4806 5068 5067
f 4806 4807 5069 5068
f 4807 4808 5070 5069
f 4808 4809 5071 5070
f 4809 4810 5072 5071
f 4810 4811 5073 5072
f 4811 4812 5074 5073
f 4812 4813 5075 5074
f 4813 4814 5076 5075
f 4814 4815 5077 5076
f 4815 4816 5078 5077
f 4816 4817 5079 5078
f 4817 4818 5080 5079
f 4818 4819 5081 5080
f 4819 4820 5082 5081
f 4820 4821 5083 5082
f 4821 4822 5084 5083
f 4822 4823 5085 5084
f 4823 4824 5086 5085
f 4824 4825 5087 5086
f 4825 4826 5088 5087
f 4826 4827 5089 5088
f 4827 4828 5090 5089
f 4828 4829 5091 5090
f 4829 4830 5092 5091
f 4830 4831 5093 5092
f 4831 4832 5094 5093
f 4832 4833 5095 5094
f 4833 4834 5096 5095
f 4834 4835 5097 5096
f 4835 4836 5098 5097
f 4836 4837 5099 5098
f 4837 4838 5100 5099
f 4838 4839 5101 5100
f 4839 4840 5102 5101
f 4840 4841 5103 5102
f 4841 4842 5104 5103
f 4842 4843 5105 5104
f 4843 4844 5106 5105
f 4844 4845 5107 5106
f 4845 4846 5108 5107
f 4846 4847 5109 5108
f 4847 4848 5110 5109
f 4848 4849 5111 5110
f 4849 4850 5112 5111
f 4850 4851 5113 5112
f 4851 4852 5114 5113
f 4852 4853 5115 5114
f 4853 4854 5116 5115
f 4854 4855 5117 5116
f 4855 4856 5118 5117
f 4856 4857 5119 5118
f 4857 4858 5120 5119
f 4858 4859 5121 5120
f 4859 4860 5122 5121
f 4860 4861 5123 5122
f 4861 4862 5124 5123
f 4862 4863 5125 5124
f 4863 4864 5126 5125
f 4864 4865 5127 5126
f 4865 4866 5128 5127
f 4866 4867 5129 5128
f 4867 4868 5130 5129
f 4868 4869 5131 5130
f 4869 4870 5132 5131
f 4870 4871 5133 5132
f 4871 4872 5134 5133
f 4872 4873 5135 5134
f 4873 4874 5136 5135
f 4874 4875 5137 5136
f 4875 4876 5138 5137
f 4876 4877 5139 5138
f 4877 4878 5140 5139
f 4878 4879 5141 5140
f 4879 4880 5142 5141
f 4880 4881 5143 5142
f 4881 4882 5144 5143
f 4882 4883 5145 5144
f 4883 4884 5146 5145
f 4884 4885 5147 5146
f 4885 4886 5148 5147
f 4886 4887 5149 5148
f 4887 4888 5150 5149
f 4888 4889 5151 5150
f 4889 4890 5152 5151
f 4890 4891 5153 5152
f 4891 4892 5154 5153
f 4892 4893 5155 5154
f 4893 4894 5156 5155
f 4894 4895 5157 5156
f 4895 4896 5158 5157
f 4896 4897 5159 5158
f 4897 4898 5160 5159
f 4898 4899 5161 5160
f 4899 4900 5162 5161
f 4900 4901 5163 5162
f 4901 4902 5164 5163
f 4902 4903 5165 5164
f 4903 4904 5166 5165
f 4904 4905 5167 5166
f 4905 4906 5168 5167
f 4906 4907 5169 5168
f 4907 4908 5170 5169
f 4908 4909 5171 5170
f 4909 4910 5172 5171
f 4910 4911 5173 5172
f 4911 4912 5174 5173
f 4912 4913 5175 5174
f 4913 4914 5176 5175
f 4914 4915 5177 5176
f 4915 4916 5178 5177
f 4916 4917 5179 5178
f 4917 4918 5180 5179
f 4918 4919 5181 5180
f 4919 4920 5182 5181
f 4920 4921 5183 5182
f 4921 4922 5184 5183
f 4922 4923 5185 5184
f 4923 4924 5186 5185
f 4924 4925 5187 5186
f 4925 4926 5188 5187
f 4926 4927 5189 5188
f 4927 4928 5190 5189
f 4928 4929 5191 5190
f 4929 4930 5192 5191
f 4930 4931 5193 5192
f 4931 4932 5194 5193
f 4932 4933 5195 5194
f 4933 4934 5196 5195
f 4934 4935 5197 5196
f 4935 4936 5198 5197
f 4936 4937 5199 5198
f 4937 4938 5200 5199
f 4938 4939 5201 5200
f 4939 4940 5202 5201
f 4940 4941 5203 5202
f 4941 4942 5204 5203
f 4942 4943 5205 5204
f 4943 4944 5206 5205
f 4944 4945 5207 5206
f 4945 4946 5208 5207
f 4946 4947 5209 5208
f 4947 4948 5210 5209
f 4948 4949 5211 5210
f 4949 4950 5212 5211
f 4950 4951 5213 5212
f 4951 4952 5214 5213
f 4952 4953 5215 5214
f 4953 4954 5216 5215
f 4954 4955 5217 5216
f 4955 4956 5218 5217
f 4956 4957 5219 5218
f 4957 4958 5220 5219
f 4958 4959 5221 5220
f 4959 4960 5222 5221
f 4960 4961 5223 5222
f 4961 4962 5224 5223
f 4962 4963 5225 5224
f 4963 4964 5226 5225
f 4964 4965 5227 5226
f 4965 4966 5228 5227
f 4966 4967 5229 5228
f 4967 4968 5230 5229
f 4968 4969 5231 5230
f 4969 4970 5232 5231
f 4970 4971 5233 5232
f 4971 4972 5234 5233
f 4972 4973 5235 5234
f 4973 4974 5236 5235
f 4974 4975 5237 5236
f 4975 4976 5238 5237
f 4976 4977 5239 5238
f 4977 4978 5240 5239
f 4978 4979 5241 5240
f 4979 4980 5242 5241
f 4980 4720 4982 5242
f 4982 4981 5243 5244
f 4981 4983 5245 5243
f 4983 4984 5246 5245
f 4984 4985 5247 5246
f 4985 4986 5248 5247
f 4986 4987 5249 5248
f 4987 4988 5250 5249
f 4988 4989 5251 5250
f 4989 4990 5252 5251
f 4990 4991 5253 5252
f 4991 4992 5254 5253
f 4992 4993 5255 5254
f 4993 4994 5256 5255
f 4994 4995 5257 5256
f 4995 4996 5258 5257
f 4996 4997 5259 5258
f 4997 4998 5260 5259
f 4998 4999 5261 5260
f 4999 5000 5262 5261
f 5000 5001 5263 5262
f 5001 5002 5264 5263
f 5002 5003 5265 5264
f 5003 5004 5266 5265
f 5004 5005 5267 5266
f 5005 5006 5268 5267
f 5006 5007 5269 5268
f 5007 5008 5270 5269
f 5008 5009 5271 5270
f 5009 5010 5272 5271
f 5010 5011 5273 5272
f 5011 5012 5274 5273
f 5012 5013 5275 5274
f 5013 5014 5276 5275
f 5014 5015 5277 5276
f 5015 5016 5278 5277
f 5016 5017 5279 5278
f 5017 5018 5280 5279
f 5018 5019 5281 5280
f 5019 5020 5282 5281
f 5020 5021 5283 5282
f 5021 5022 5284 5283
f 5022 5023 5285 5284
f 5023 5024 5286 5285
f 5024 5025 5287 5286
f 5025 5026 5288 5287
f 5026 5027 5289 5288
f 5027 5028 5290 5289
f 5028 5029 5291 5290
f 5029 5030 5292 5291
f 5030 5031 5293 5292
f 5031 5032 5294 5293
f 5032 5033 5295 5294
f 5033 5034 5296 5295
f 5034 5035 5297 5296
f 5035 5036 5298 5297
f 5036 5037 5299 5298
f 5037 5038 5300 5299
f 5038 5039 5301 5300
f 5039 5040 5302 5301
f 5040 5041 5303 5302
f 5041 5042 5304 5303
f 5042 5043 5305 5304
f 5043 5044 5306 5305
f 5044 5045 5307 5306
f 5045 5046 5308 5307
f 5046 5047 5309 5308
f 5047 5048 5310 5309
f 5048 5049 5311 5310
f 5049 5050 5312 5311
f 5050 5051 5313 5312
f 5051 5052 5314 5313
f 5052 5053 5315 5314
f 5053 5054 5316 5315
f 5054 5055 5317 5316
f 5055 5056 5318 5317
f 5056 5057 5319 5318
f 5057 5058 5320 5319
f 5058 5059 5321 5320
f 5059 5060 5322 5321
f 5060 5061 5323 5322
f 5061 5062 5324 5323
f 5062 5063 5325 5324
f 5063 5064 5326 5325
f 5064 5065 5327 5326
f 5065 5066 5328 5327
f 5066 5067 5329 5328
f 5067 5068 5330 5329
f 5068 5069 5331 5330
f 5069 5070 5332 5331
f 5070 5071 5333 5332
f 5071 5072 5334 5333
f 5072 5073 5335 5334
f 5073 5074 5336 5335
f 5074 5075 5337 5336
f 5075 5076 5338 5337
f 5076 5077 5339 5338
f 5077 5078 5340 5339
f 5078 5079 5341 5340
f 5079 5080 5342 5341
f 5080 5081 5343 5342
f 5081 5082 5344 5343
f 5082 5083 5345 5344
f 5083 5084 5346 5345
f 5084 5085 5347 5346
f 5085 5086 5348 5347
f 5086 5087 5349 5348
f 5087 5088 5350 5349
f 5088 5089 5351 5350
f 5089 5090 5352 5351
f 5090 5091 5353 5352
f 5091 5092 5354 5353
f 5092 5093 5355 5354
f 5093 5094 5356 5355
f 5094 5095 5357 5356
f 5095 5096 5358 5357
f 5096 5097 5359 5358
f 5097 5098 5360 5359
f 5098 5099 5361 5360
f 5099 5100 5362 5361
f 5100 5101 5363 5362
f 5101 5102 5364 5363
f 5102 5103 5365 5364
f 5103 5104 5366 5365
f 5104 5105 5367 5366
f 5105 5106 5368 5367
f 5106 5107 5369 5368
f 5107 5108 5370 5369
f 5108 5109 5371 5370
f 5109 5110 5372 5371
f 5110 5111 5373 5372
f 5111 5112 5374 5373
f 5112 5113 5375 5374
f 5113 5114 5376 5375
f 5114 5115 5377 5376
f 5115 5116 5378 5377
f 5116 5117 5379 5378
f 5117 5118 5380 5379
f 5118 5119 5381 5380
f 5119 5120 5382 5381
f 5120 5121 5383 5382
f 5121 5122 5384 5383
f 5122 5123 5385 5384
f 5123 5124 5386 5385
f 5124 5125 5387 5386
f 5125 5126 5388 5387
f 5126 5127 5389 5388
f 5127 5128 5390 5389
f 5128 5129 5391 5390
f 5129 5130 5392 5391
f 5130 5131 5393 5392
f 5131 5132 5394 5393
f 5132 5133 5395 5394
f 5133 5134 5396 5395
f 5134 5135 5397 5396
f 5135 5136 5398 5397
f 5136 5137 5399 5398
f 5137 5138 5400 5399
f 5138 5139 5401 5400
f 5139 5140 5402 5401
f 5140 5141 5403 5402
f 5141 5142 5404 5403
f 5142 5143 5405 5404
f 5143 5144 5406 5405
f 5144 5145 5407 5406
f 5145 5146 5408 5407
f 5146 5147 5409 5408
f 5147 5148 5410 5409
f 5148 5149 5411 5410
f 5149 5150 5412 5411
f 5150 5151 5413 5412
f 5151 5152 5414 5413
f 5152 5153 5415 5414
f 5153 5154 5416 5415
f 5154 5155 5417 5416
f 5155 5156 5418 5417
f 5156 5157 5419 5418
f 5157 5158 5420 5419
f 5158 5159 5421 5420
f 5159 5160 5422 5421
f 5160 5161 5423 5422
f 5161 5162 5424 5423
f 5162 5163 5425 5424
f 5163 5164 5426 5425
f 5164 5165 5427 5426
f 5165 5166 5428 5427
f 5166 5167 5429 5428
f 5167 5168 5430 5429
f 5168 5169 5431 5430
f 5169 5170 5432 5431
f 5170 5171 5433 5432
f 5171 5172 5434 5433
f 5172 5173 5435 5434
f 5173 5174 5436 5435
f 5174 5175 5437 5436
f 5175 5176 5438 5437
f 5176 5177 5439 5438
f 5177 5178 5440 5439
f 5178 5179 5441 5440
f 5179 5180 5442 5441
f 5180 5181 5443 5442
f 5181 5182 5444 5443
f 5182 5183 5445 5444
f 5183 5184 5446 5445
f 5184 5185 5447 5446
f 5185 5186 5448 5447
f 5186 5187 5449 5448
f 5187 5188 5450 5449
f 5188 5189 5451 5450
f 5189 5190 5452 5451
f 5190 5191 5453 5452
f 5191 5192 5454 5453
f 5192 5193 5455 5454
f 5193 5194 5456 5455
f 5194 5195 5457 5456
f 5195 5196 5458 5457
f 5196 5197 5459 5458
f 5197 5198 5460 5459
f 5198 5199 5461 5460
f 5199 5200 5462 5461
f 5200 5201 5463 5462
f 5201 5202 5464 5463
f 5202 5203 5465 5464
f 5203 5204 5466 5465
f 5204 5205 5467 5466
f 5205 5206 5468 5467
f 5206 5207 5469 5468
f 5207 5208 5470 5469
f 5208 5209 5471 5470
f 5209 5210 5472 5471
f 5210 5211 5473 5472
f 5211 5212 5474 5473
f 5212 5213 5475 5474
f 5213 5214 5476 5475
f 5214 5215 5477 5476
f 5215 5216 5478 5477
f 5216 5217 5479 5478
f 5217 5218 5480 5479
f 5218 5219 5481 5480
f 5219 5220 5482 5481
f 5220 5221 5483 5482
f 5221 5222 5484 5483
f 5222 5223 5485 5484
f 5223 5224 5486 5485
f 5224 5225 5487 5486
f 5225 5226 5488 5487
f 5226 5227 5489 5488
f 5227 5228 5490 5489
f 5228 5229 5491 5490
f 5229 5230 5492 5491
f 5230 5231 5493 5492
f 5231 5232 5494 5493
f 5232 5233 5495 5494
f 5233 5234 5496 5495
f 5234 5235 5497 5496
f 5235 5236 5498 5497
f 5236 5237 5499 5498
f 5237 5238 5500 5499
f 5238 5239 5501 5500
f 5239 5240 5502 5501
f 5240 5241 5503 5502
f 5241 5242 5504 5503
f 5242 4982 5244 5504
f 5244 5243 5505 5506
f 5243 5245 5507 5505
f 5245 5246 5508 5507
f 5246 5247 5509 5508
f 5247 5248 5510 5509
f 5248 5249 5511 5510
f 5249 5250 5512 5511
f 5250 5251 5513 5512
f 5251 5252 5514 5513
f 5252 5253 5515 5514
f 5253 5254 5516 5515
f 5254 5255 5517 5516
f 5255 5256 5518 5517
f 5256 5257 5519 5518
f 5257 5258 5520 5519
f 5258 5259 5521 5520
f 5259 5260 5522 5521
f 5260 5261 5523 5522
f 5261 5262 5524 5523
f 5262 5263 5525 5524
f 5263 5264 5526 5525
f 5264 5265 5527 5526
f 5265 5266 5528 5527
f 5266 5267 5529 5528
f 5267 5268 5530 5529
f 5268 5269 5531 5530
f 5269 5270 5532 5531
f 5270 5271 5533 5532
f 5271 5272 5534 5533
f 5272 5273 5535 5534
f 5273 5274 5536 5535
f 5274 5275 5537 5536
f 5275 5276 5538 5537
f 5276 5277 5539 5538
f 5277 5278 5540 5539
f 5278 5279 5541 5540
f 5279 5280 5542 5541
f 5280 5281 5543 5542
f 5281 5282 5544 5543
f 5282 5283 5545 5544
f 5283 5284 5546 5545
f 5284 5285 5547 5546
f 5285 5286 5548 5547
f 5286 5287 5549 5548
f 5287 5288 5550 5549
f 5288 5289 5551 5550
f 5289 5290 5552 5551
f 5290 5291 5553 5552
f 5291 5292 5554 5553
f 5292 5293 5555 5554
f 5293 5294 5556 5555
f 5294 5295 5557 5556
f 5295 5296 5558 5557
f 5296 5297 5559 5558
f 5297 5298 5560 5559
f 5298 5299 5561 5560
f 5299 5300 5562 5561
f 5300 5301 5563 5562
f 5301 5302 5564 5563
f 5302 5303 5565 5564
f 5303 5304 5566 5565
f 5304 5305 5567 5566
f 5305 5306 5568 5567
f 5306 5307 5569 5568
f 5307 5308 5570 5569
f 5308 5309 5571 5570
f 5309 5310 5572 5571
f 5310 5311 5573 5572
f 5311 5312 5574 5573
f 5312 5313 5575 5574
f 5313 5314 5576 5575
f 5314 5315 5577 5576
f 5315 5316 5578 5577
f 5316 5317 5579 5578
f 5317 5318 5580 5579
f 5318 5319 5581 5580
f 5319 5320 5582 5581
f 5320 5321 5583 5582
f 5321 5322 5584 5583
f 5322 5323 5585 5584
f 5323 5324 5586 5585
f 5324 5325 5587 5586
f 5325 5326 5588 5587
f 5326 5327 5589 5588
f 5327 5328 5590 5589
f 5328 5329 5591 5590
f 5329 5330 5592 5591
f 5330 5331 5593 5592
f 5331 5332 5594 5593
f 5332 5333 5595 5594
f 5333 5334 5596 5595
f 5334 5335 5597 5596
f 5335 5336 5598 5597
f 5336 5337 5599 5598
f 5337 5338 5600 5599
f 5338 5339 5601 5600
f 5339 5340 5602 5601
f 5340 5341 5603 5602
f 5341 5342 5604 5603
f 5342 5343 5605 5604
f 5343 5344 5606 5605
f 5344 5345 5607 5606
f 5345 5346 5608 5607
f 5346 5347 5609 5608
f 5347 5348 5610 5609
f 5348 5349 5611 5610
f 5349 5350 5612 5611
f 5350 5351 5613 5612
f 5351 5352 5614 5613
f 5352 5353 5615 5614
f 5353 5354 5616 5615
f 5354 5355 5617 5616
f 5355 5356 5618 5617
f 5356 5357 5619 5618
f 5357 5358 5620 5619
f 5358 5359 5621 5620
f 5359 5360 5622 5621
f 5360 5361 5623 5622
f 5361 5362 5624 5623
f 5362 5363 5625 5624
f 5363 5364 5626 5625
f 5364 5365 5627 5626
f 5365 5366 5628 5627
f 5366 5367 5629 5628
f 5367 5368 5630 5629
f 5368 5369 5631 5630
f 5369 5370 5632 5631
f 5370 5371 5633 5632
f 5371 5372 5634 5633
f 5372 5373 5635 5634
f 5373 5374 5636 5635
f 5374 5375 5637 5636
f 5375 5376 5638 5637
f 5376 5377 5639 5638
f 5377 5378 5640 5639
f 5378 5379 5641 5640
f 5379 5380 5642 5641
f 5380 5381 5643 5642
f 5381 5382 5644 5643
f 5382 5383 5645 5644
f 5383 5384 5646 5645
f 5384 5385 5647 5646
f 5385 5386 5648 5647
f 5386 5387 5649 5648
f 5387 5388 5650 5649
f 5388 5389 5651 5650
f 5389 5390 5652 5651
f 5390 5391 5653 5652
f 5391 5392 5654 5653
f 5392 5393 5655 5654
f 5393 5394 5656 5655
f 5394 5395 5657 5656
f 5395 5396 5658 5657
f 5396 5397 5659 5658
f 5397 5398 5660 5659
f 5398 5399 5661 5660
f 5399 5400 5662 5661
f 5400 5401 5663 5662
f 5401 5402 5664 5663
f 5402 5403 5665 5664
f 5403 5404 5666 5665
f 5404 5405 5667 5666
f 5405 5406 5668 5667
f 5406 5407 5669 5668
f 5407 5408 5670 5669
f 5408 5409 5671 5670
f 5409 5410 5672 5671
f 5410 5411 5673 5672
f 5411 5412 5674 5673
f 5412 5413 5675 5674
f 5413 5414 5676 5675
f 5414 5415 5677 5676
f 5415 5416 5678 5677
f 5416 5417 5679 5678
f 5417 5418 5680 5679
f 5418 5419 5681 5680
f 5419 5420 5682 5681
f 5420 5421 5683 5682
f 5421 5422 5684 5683
f 5422 5423 5685 5684
f 5423 5424 5686 5685
f 5424 5425 5687 5686
f 5425 5426 5688 5687
f 5426 5427 5689 5688
f 5427 5428 5690 5689
f 5428 5429 5691 5690
f 5429 5430 5692 5691
f 5430 5431 5693 5692
f 5431 5432 5694 5693
f 5432 5433 5695 5694
f 5433 5434 5696 5695
f 5434 5435 5697 5696
f 5435 5436 5698 5697
f 5436 5437 5699 5698
f 5437 5438 5700 5699
f 5438 5439 5701 5700
f 5439 5440 5702 5701
f 5440 5441 5703 5702
f 5441 5442 5704 5703
f 5442 5443 5705 5704
f 5443 5444 5706 5705
f 5444 5445 5707 5706
f 5445 5446 5708 5707
f 5446 5447 5709 5708
f 5447 5448 5710 5709
f 5448 5449 5711 5710
f 5449 5450 5712 5711
f 5450 5451 5713 5712
f 5451 5452 5714 5713
f 5452 5453 5715 5714
f 5453 5454 5716 5715
f 5454 5455 5717 5716
f 5455 5456 5718 5717
f 5456 5457 5719 5718
f 5457 5458 5720 5719
f 5458 5459 5721 5720
f 5459 5460 5722 5721
f 5460 5461 5723 5722
f 5461 5462 5724 5723
f 5462 5463 5725 5724
f 5463 5464 5726 5725
f 5464 5465 5727 5726
f 5465 5466 5728 5727
f 5466 5467 5729 5728
f 5467 5468 5730 5729
f 5468 5469 5731 5730
f 5469 5470 5732 5731
f 5470 5471 5733 5732
f 5471 5472 5734 5733
f 5472 5473 5735 5734
f 5473 5474 5736 5735
f 5474 5475 5737 5736
f 5475 5476 5738 5737
f 5476 5477 5739 5738
f 5477 5478 5740 5739
f 5478 5479 5741 5740
f 5479 5480 5742 5741
f 5480 5481 5743 5742
f 5481 5482 5744 5743
f 5482 5483 5745 5744
f 5483 5484 5746 5745
f 5484 5485 5747 5746
f 5485 5486 5748 5747
f 5486 5487 5749 5748
f 5487 5488 5750 5749
f 5488 5489 5751 5750
f 5489 5490 5752 5751
f 5490 5491 5753 5752
f 5491 5492 5754 5753
f 5492 5493 5755 5754
f 5493 5494 5756 5755
f 5494 5495 5757 5756
f 5495 5496 5758 5757
f 5496 5497 5759 5758
f 5497 5498 5760 5759
f 5498 5499 5761 5760
f 5499 5500 5762 5761
f 5500 5501 5763 5762
f 5501 5502 5764 5763
f 5502 5503 5765 5764
f 5503 5504 5766 5765
f 5504 5244 5506 5766
f 5506 5505 5767 5768
f 5505 5507 5769 5767
f 5507 5508 5770 5769
f 5508 5509 5771 5770
f 5509 5510 5772 5771
f 5510 5511 5773 5772
f 5511 5512 5774 5773
f 5512 5513 5775 5774
f 5513 5514 5776 5775
f 5514 5515 5777 5776
f 5515 5516 5778 5777
f 5516 5517 5779 5778
f 5517 5518 5780 5779
f 5518 5519 5781 5780
f 5519 5520 5782 5781
f 5520 5521 5783 5782
f 5521 5522 5784 5783
f 5522 5523 5785 5784
f 5523 5524 5786 5785
f 5524 5525 5787 5786
f 5525 5526 5788 5787
f 5526 5527 5789 5788
f 5527 5528 5790 5789
f 5528 5529 5791 5790
f 5529 5530 5792 5791
f 5530 5531 5793 5792
f 5531 5532 5794 5793
f 5532 5533 5795 5794
f 5533 5534 5796 5795
f 5534 5535 5797 5796
f 5535 5536 5798 5797
f 5536 5537 5799 5798
f 5537 5538 5800 5799
f 5538 5539 5801 5800
f 5539 5540 5802 5801
f 5540 5541 5803 5802
f 5541 5542 5804 5803
f 5542 5543 5805 5804
f 5543 5544 5806 5805
f 5544 5545 5807 5806
f 5545 5546 5808 5807
f 5546 5547 5809 5808
f 5547 5548 5810 5809
f 5548 5549 5811 5810
f 5549 5550 5812 5811
f 5550 5551 5813 5812
f 5551 5552 5814 5813
f 5552 5553 5815 5814
f 5553 5554 5816 5815
f 5554 5555 5817 5816
f 5555 5556 5818 5817
f 5556 5557 5819 5818
f 5557 5558 5820 5819
f 5558 5559 5821 5820
f 5559 5560 5822 5821
f 5560 5561 5823 5822
f 5561 5562 5824 5823
f 5562 5563 5825 5824
f 5563 5564 5826 5825
f 5564 5565 5827 5826
f 5565 5566 5828 5827
f 5566 5567 5829 5828
f 5567 5568 5830 5829
f 5568 5569 5831 5830
f 5569 5570 5832 5831
f 5570 5571 5833 5832
f 5571 5572 5834 5833
f 5572 5573 5835 5834
f 5573 5574 5836 5835
f 5574 5575 5837 5836
f 5575 5576 5838 5837
f 5576 5577 5839 5838
f 5577 5578 5840 5839
f 5578 5579 5841 5840
f 5579 5580 5842 5841
f 5580 5581 5843 5842
f 5581 5582 5844 5843
f 5582 5583 5845 5844
f 5583 5584 5846 5845
f 5584 5585 5847 5846
f 5585 5586 5848 5847
f 5586 5587 5849 5848
f 5587 5588 5850 5849
f 5588 5589 5851 5850
f 5589 5590 5852 5851
f 5590 5591 5853 5852
f 5591 5592 5854 5853
f 5592 5593 5855 5854
f 5593 5594 5856 5855
f 5594 5595 5857 5856
f 5595 5596 5858 5857
f 5596 5597 5859 5858
f 5597 5598 5860 5859
f 5598 5599 5861 5860
f 5599 5600 5862 5861
f 5600 5601 5863 5862
f 5601 5602 5864 5863
f 5602 5603 5865 5864
f 5603 5604 5866 5865
f 5604 5605 5867 5866
f 5605 5606 5868 5867
f 5606 5607 5869 5868
f 5607 5608 5870 5869
f 5608 5609 5871 5870
f 5609 5610 5872 5871
f 5610 5611 5873 5872
f 5611 5612 5874 5873
f 5612 5613 5875 5874
f 5613 5614 5876 5875
f 5614 5615 5877 5876
f 5615 5616 5878 5877
f 5616 5617 5879 5878
f 5617 5618 5880 5879
f 5618 5619 5881 5880
f 5619 5620 5882 5881
f 5620 5621 5883 5882
f 5621 5622 5884 5883
f 5622 5623 5885 5884
f 5623 5624 5886 5885
f 5624 5625 5887 5886
f 5625 5626 5888 5887
f 5626 5627 5889 5888
f 5627 5628 5890 5889
f 5628 5629 5891 5890
f 5629 5630 5892 5891
f 5630 5631 5893 5892
f 5631 5632 5894 5893
f 5632 5633 5895 5894
f 5633 5634 5896 5895
f 5634 5635 5897 5896
f 5635 5636 5898 5897
f 5636 5637 5899 5898
f 5637 5638 5900 5899
f 5638 5639 5901 5900
f 5639 5640 5902 5901
f 5640 5641 5903 5902
f 5641 5642 5904 5903
f 5642 5643 5905 5904
f 5643 5644 5906 5905
f 5644 5645 5907 5906
f 5645 5646 5908 5907
f 5646 5647 5909 5908
f 5647 5648 5910 5909
f 5648 5649 5911 5910
f 5649 5650 5912 5911
f 5650 5651 5913 5912
f 5651 5652 5914 5913
f 5652 5653 5915 5914
f 5653 5654 5916 5915
f 5654 5655 5917 5916
f 5655 5656 5918 5917
f 5656 5657 5919 5918
f 5657 5658 5920 5919
f 5658 5659 5921 5920
f 5659 5660 5922 5921
f 5660 5661 5923 5922
f 5661 5662 5924 5923
f 5662 5663 5925 5924
f 5663 5664 5926 5925
f 5664 5665 5927 5926
f 5665 5666 5928 5927
f 5666 5667 5929 5928
f 5667 5668 5930 5929
f 5668 5669 5931 5930
f 5669 5670 5932 5931
f 5670 5671 5933 5932
f 5671 5672 5934 5933
f 5672 5673 5935 5934
f 5673 5674 5936 5935
f 5674 5675 5937 5936
f 5675 5676 5938 5937
f 5676 5677 5939 5938
f 5677 5678 5940 5939
f 5678 5679 5941 5940
f 5679 5680 5942 5941
f 5680 5681 5943 5942
f 5681 5682 5944 5943
f 5682 5683 5945 5944
f 5683 5684 5946 5945
f 5684 5685 5947 5946
f 5685 5686 5948 5947
f 5686 5687 5949 5948
f 5687 5688 5950 5949
f 5688 5689 5951 5950
f 5689 5690 5952 5951
f 5690 5691 5953 5952
f 5691 5692 5954 5953
f 5692 5693 5955 5954
f 5693 5694 5956 5955
f 5694 5695 5957 5956
f 5695 5696 5958 5957
f 5696 5697 5959 5958
f 5697 5698 5960 5959
f 5698 5699 5961 5960
f 5699 5700 5962 5961
f 5700 5701 5963 5962
f 5701 5702 5964 5963
f 5702 5703 5965 5964
f 5703 5704 5966 5965
f 5704 5705 5967 5966
f 5705 5706 5968 5967
f 5706 5707 5969 5968
f 5707 5708 5970 5969
f 5708 5709 5971 5970
f 5709 5710 5972 5971
f 5710 5711 5973 5972
f 5711 5712 5974 5973
f 5712 5713 5975 5974
f 5713 5714 5976 5975
f 5714 5715 5977 5976
f 5715 5716 5978 5977
f 5716 5717 5979 5978
f 5717 5718 5980 5979
f 5718 5719 5981 5980
f 5719 5720 5982 5981
f 5720 5721 5983 5982
f 5721 5722 5984 5983
f 5722 5723 5985 5984
f 5723 5724 5986 5985
f 5724 5725 5987 5986
f 5725 5726 5988 5987
f 5726 5727 5989 5988
f 5727 5728 5990 5989
f 5728 5729 5991 5990
f 5729 5730 5992 5991
f 5730 5731 5993 5992
f 5731 5732 5994 5993
f 5732 5733 5995 5994
f 5733 5734 5996 5995
f 5734 5735 5997 5996
f 5735 5736 5998 5997
f 5736 5737 5999 5998
f 5737 5738 6000 5999
f 5738 5739 6001 6000
f 5739 5740 6002 6001
f 5740 5741 6003 6002
f 5741 5742 6004 6003
f 5742 5743 6005 6004
f 5743 5744 6006 6005
f 5744 5745 6007 6006
f 5745 5746 6008 6007
f 5746 5747 6009 6008
f 5747 5748 6010 6009
f 5748 5749 6011 6010
f 5749 5750 6012 6011
f 5750 5751 6013 6012
f 5751 5752 6014 6013
f 5752 5753 6015 6014
f 5753 5754 6016 6015
f 5754 5755 6017 6016
f 5755 5756 6018 6017
f 5756 5757 6019 6018
f 5757 5758 6020 6019
f 5758 5759 6021 6020
f 5759 5760 6022 6021
f 5760 5761 6023 6022
f 5761 5762 6024 6023
f 5762 5763 6025 6024
f 5763 5764 6026 6025
f 5764 5765 6027 6026
f 5765 5766 6028 6027
f 5766 5506 5768 6028
f 5768 5767 6029 6030
f 5767 5769 6031 6029
f 5769 5770 6032 6031
f 5770 5771 6033 6032
f 5771 5772 6034 6033
f 5772 5773 6035 6034
f 5773 5774 6036 6035
f 5774 5775 6037 6036
f 5775 5776 6038 6037
f 5776 5777 6039 6038
f 5777 5778 6040 6039
f 5778 5779 6041 6040
f 5779 5780 6042 6041
f 5780 5781 6043 6042
f 5781 5782 6044 6043
f 5782 5783 6045 6044
f 5783 5784 6046 6045
f 5784 5785 6047 6046
f 5785 5786 6048 6047
f 5786 5787 6049 6048
f 5787 5788 6050 6049
f 5788 5789 6051 6050
f 5789 5790 6052 6051
f 5790 5791 6053 6052
f 5791 5792 6054 6053
f 5792 5793 6055 6054
f 5793 5794 6056 6055
f 5794 5795 6057 6056
f 5795 5796 6058 6057
f 5796 5797 6059 6058
f 5797 5798 6060 6059
f 5798 5799 6061 6060
f 5799 5800 6062 6061
f 5800 5801 6063 6062
f 5801 5802 6064 6063
f 5802 5803 6065 6064
f 5803 5804 6066 6065
f 5804 5805 6067 6066
f 5805 5806 6068 6067
f 5806 5807 6069 6068
f 5807 5808 6070 6069
f 5808 5809 6071 6070
f 5809 5810 6072 6071
f 5810 5811 6073 6072
f 5811 5812 6074 6073
f 5812 5813 6075 6074
f 5813 5814 6076 6075
f 5814 5815 6077 6076
f 5815 5816 6078 6077
f 5816 5817 6079 6078
f 5817 5818 6080 6079
f 5818 5819 6081 6080
f 5819 5820 6082 6081
f 5820 5821 6083 6082
f 5821 5822 6084 6083
f 5822 5823 6085 6084
f 5823 5824 6086 6085
f 5824 5825 6087 6086
f 5825 5826 6088 6087
f 5826 5827 6089 6088
f 5827 5828 6090 6089
f 5828 5829 6091 6090
f 5829 5830 6092 6091
f 5830 5831 6093 6092
f 5831 5832 6094 6093
f 5832 5833 6095 6094
f 5833 5834 6096 6095
f 5834 5835 6097 6096
f 5835 5836 6098 6097
f 5836 5837 6099 6098
f 5837 5838 6100 6099
f 5838 5839 6101 6100
f 5839 5840 6102 6101
f 5840 5841 6103 6102
f 5841 5842 6104 6103
f 5842 5843 6105 6104
f 5843 5844 6106 6105
f 5844 5845 6107 6106
f 5845 5846 6108 6107
f 5846 5847 6109 6108
f 5847 5848 6110 6109
f 5848 5849 6111 6110
f 5849 5850 6112 6111
f 5850 5851 6113 6112
f 5851 5852 6114 6113
f 5852 5853 6115 6114
f 5853 5854 6116 6115
f 5854 5855 6117 6116
f 5855 5856 6118 6117
f 5856 5857 6119 6118
f 5857 5858 6120 6119
f 5858 5859 6121 6120
f 5859 5860 6122 6121
f 5860 5861 6123 6122
f 5861 5862 6124 6123
f 5862 5863 6125 6124
f 5863 5864 6126 6125
f 5864 5865 6127 6126
f 5865 5866 6128 6127
f 5866 5867 6129 6128
f 5867 5868 6130 6129
f 5868 5869 6131 6130
f 5869 5870 6132 6131
f 5870 5871 6133 6132
f 5871 5872 6134 6133
f 5872 5873 6135 6134
f 5873 5874 6136 6135
f 5874 5875 6137 6136
f 5875 5876 6138 6137
f 5876 5877 6139 6138
f 5877 5878 6140 6139
f 5878 5879 6141 6140
f 5879 5880 6142 6141
f 5880 5881 6143 6142
f 5881 5882 6144 6143
f 5882 5883 6145 6144
f 5883 5884 6146 6145
f 5884 5885 6147 6146
f 5885 5886 6148 6147
f 5886 5887 6149 6148
f 5887 5888 6150 6149
f 5888 5889 6151 6150
f 5889 5890 6152 6151
f 5890 5891 6153 6152
f 5891 5892 6154 6153
f 5892 5893 6155 6154
f 5893 5894 6156 6155
f 5894 5895 6157 6156
f 5895 5896 6158 6157
f 5896 5897 6159 6158
f 5897 5898 6160 6159
f 5898 5899 6161 6160
f 5899 5900 6162 6161
f 5900 5901 6163 6162
f 5901 5902 6164 6163
f 5902 5903 6165 6164
f 5903 5904 6166 6165
f 5904 5905 6167 6166
f 5905 5906 6168 6167
f 5906 5907 6169 6168
f 5907 5908 6170 6169
f 5908 5909 6171 6170
f 5909 5910 6172 6171
f 5910 5911 6173 6172
f 5911 5912 6174 6173
f 5912 5913 6175 6174
f 5913 5914 6176 6175
f 5914 5915 6177 6176
f 5915 5916 6178 6177
f 5916 5917 6179 6178
f 5917 5918 6180 6179
f 5918 5919 6181 6180
f 5919 5920 6182 6181
f 5920 5921 6183 6182
f 5921 5922 6184 6183
f 5922 5923 6185 6184
f 5923 5924 6186 6185
f 5924 5925 6187 6186
f 5925 5926 6188 6187
f 5926 5927 6189 6188
f 5927 5928 6190 6189
f 5928 5929 6191 6190
f 5929 5930 6192 6191
f 5930 5931 6193 6192
f 5931 5932 6194 6193
f 5932 5933 6195 6194
f 5933 5934 6196 6195
f 5934 5935 6197 6196
f 5935 5936 6198 6197
f 5936 5937 6199 6198
f 5937 5938 6200 6199
f 5938 5939 6201 6200
f 5939 5940 6202 6201
f 5940 5941 6203 6202
f 5941 5942 6204 6203
f 5942 5943 6205 6204
f 5943 5944 6206 6205
f 5944 5945 6207 6206
f 5945 5946 6208 6207
f 5946 5947 6209 6208
f 5947 5948 6210 6209
f 5948 5949 6211 6210
f 5949 5950 6212 6211
f 5950 5951 6213 6212
f 5951 5952 6214 6213
f 5952 5953 6215 6214
f 5953 5954 6216 6215
f 5954 5955 6217 6216
f 5955 5956 6218 6217
f 5956 5957 6219 6218
f 5957 5958 6220 6219
f 5958 5959 6221 6220
f 5959 5960 6222 6221
f 5960 5961 6223 6222
f 5961 5962 6224 6223
f 5962 5963 6225 6224
f 5963 5964 6226 6225
f 5964 5965 6227 6226
f 5965 5966 6228 6227
f 5966 5967 6229 6228
f 5967 5968 6230 6229
f 5968 5969 6231 6230
f 5969 5970 6232 6231
f 5970 5971 6233 6232
f 5971 5972 6234 6233
f 5972 5973 6235 6234
f 5973 5974 6236 6235
f 5974 5975 6237 6236
f 5975 5976 6238 6237
f 5976 5977 6239 6238
f 5977 5978 6240 6239
f 5978 5979 6241 6240
f 5979 5980 6242 6241
f 5980 5981 6243 6242
f 5981 5982 6244 6243
f 5982 5983 6245 6244
f 5983 5984 6246 6245
f 5984 5985 6247 6246
f 5985 5986 6248 6247
f 5986 5987 6249 6248
f 5987 5988 6250 6249
f 5988 5989 6251 6250
f 5989 5990 6252 6251
f 5990 5991 6253 6252
f 5991 5992 6254 6253
f 5992 5993 6255 6254
f 5993 5994 6256 6255
f 5994 5995 6257 6256
f 5995 5996 6258 6257
f 5996 5997 6259 6258
f 5997 5998 6260 6259
f 5998 5999 6261 6260
f 5999 6000 6262 6261
f 6000 6001 6263 6262
f 6001 6002 6264 6263
f 6002 6003 6265 6264
f 6003 6004 6266 6265
f 6004 6005 6267 6266
f 6005 6006 6268 6267
f 6006 6007 6269 6268
f 6007 6008 6270 6269
f 6008 6009 6271 6270
f 6009 6010 6272 6271
f 6010 6011 6273 6272
f 6011 6012 6274 6273
f 6012 6013 6275 6274
f 6013 6014 6276 6275
f 6014 6015 6277 6276
f 6015 6016 6278 6277
f 6016 6017 6279 6278
f 6017 6018 6280 6279
f 6018 6019 6281 6280
f 6019 6020 6282 6281
f 6020 6021 6283 6282
f 6021 6022 6284 6283
f 6022 6023 6285 6284
f 6023 6024 6286 6285
f 6024 6025 6287 6286
f 6025 6026 6288 6287
f 6026 6027 6289 6288
f 6027 6028 6290 6289
f 6028 5768 6030 6290
f 6030 6029 6291 6292
f 6029 6031 6293 6291
f 6031 6032 6294 6293
f 6032 6033 6295 6294
f 6033 6034 6296 6295
f 6034 6035 6297 6296
f 6035 6036 6298 6297
f 6036 6037 6299 6298
f 6037 6038 6300 6299
f 6038 6039 6301 6300
f 6039 6040 6302 6301
f 6040 6041 6303 6302
f 6041 6042 6304 6303
f 6042 6043 6305 6304
f 6043 6044 6306 6305
f 6044 6045 6307 6306
f 6045 6046 6308 6307
f 6046 6047 6309 6308
f 6047 6048 6310 6309
f 6048 6049 6311 6310
f 6049 6050 6312 6311
f 6050 6051 6313 6312
f 6051 6052 6314 6313
f 6052 6053 6315 6314
f 6053 6054 6316 6315
f 6054 6055 6317 6316
f 6055 6056 6318 6317
f 6056 6057 6319 6318
f 6057 6058 6320 6319
f 6058 6059 6321 6320
f 6059 6060 6322 6321
f 6060 6061 6323 6322
f 6061 6062 6324 6323
f 6062 6063 6325 6324
f 6063 6064 6326 6325
f 6064 6065 6327 6326
f 6065 6066 6328 6327
f 6066 6067 6329 6328
f 6067 6068 6330 6329
f 6068 6069 6331 6330
f 6069 6070 6332 6331
f 6070 6071 6333 6332
f 6071 6072 6334 6333
f 6072 6073 6335 6334
f 6073 6074 6336 6335
f 6074 6075 6337 6336
f 6075 6076 6338 6337
f 6076 6077 6339 6338
f 6077 6078 6340 6339
f 6078 6079 6341 6340
f 6079 6080 6342 6341
f 6080 6081 6343 6342
f 6081 6082 6344 6343
f 6082 6083 6345 6344
f 6083 6084 6346 6345
f 6084 6085 6347 6346
f 6085 6086 6348 6347
f 6086 6087 6349 6348
f 6087 6088 6350 6349
f 6088 6089 6351 6350
f 6089 6090 6352 6351
f 6090 6091 6353 6352
f 6091 6092 6354 6353
f 6092 6093 6355 6354
f 6093 6094 6356 6355
f 6094 6095 6357 6356
f 6095 6096 6358 6357
f 6096 6097 6359 6358
f 6097 6098 6360 6359
f 6098 6099 6361 6360
f 6099 6100 6362 6361
f 6100 6101 6363 6362
f 6101 6102 6364 6363
f 6102 6103 6365 6364
f 6103 6104 6366 6365
f 6104 6105 6367 6366
f 6105 6106 6368 6367
f 6106 6107 6369 6368
f 6107 6108 6370 6369
f 6108 6109 6371 6370
f 6109 6110 6372 6371
f 6110 6111 6373 6372
f 6111 6112 6374 6373
f 6112 6113 6375 6374
f 6113 6114 6376 6375
f 6114 6115 6377 6376
f 6115 6116 6378 6377
f 6116 6117 6379 6378
f 6117 6118 6380 6379
f 6118 6119 6381 6380
f 6119 6120 6382 6381
f 6120 6121 6383 6382
f 6121 6122 6384 6383
f 6122 6123 6385 6384
f 6123 6124 6386 6385
f 6124 6125 6387 6386
f 6125 6126 6388 6387
f 6126 6127 6389 6388
f 6127 6128 6390 6389
f 6128 6129 6391 6390
f 6129 6130 6392 6391
f 6130 6131 6393 6392
f 6131 6132 6394 6393
f 6132 6133 6395 6394
f 6133 6134 6396 6395
f 6134 6135 6397 6396
f 6135 6136 6398 6397
f 6136 6137 6399 6398
f 6137 6138 6400 6399
f 6138 6139 6401 6400
f 6139 6140 6402 6401
f 6140 6141 6403 6402
f 6141 6142 6404 6403
f 6142 6143 6405 6404
f 6143 6144 6406 6405
f 6144 6145 6407 6406
f 6145 6146 6408 6407
f 6146 6147 6409 6408
f 6147 6148 6410 6409
f 6148 6149 6411 6410
f 6149 6150 6412 6411
f 6150 6151 6413 6412
f 6151 6152 6414 6413
f 6152 6153 6415 6414
f 6153 6154 6416 6415
f 6154 6155 6417 6416
f 6155 6156 6418 6417
f 6156 6157 6419 6418
f 6157 6158 6420 6419
f 6158 6159 6421 6420
f 6159 6160 6422 6421
f 6160 6161 6423 6422
f 6161 6162 6424 6423
f 6162 6163 6425 6424
f 6163 6164 6426 6425
f 6164 6165 6427 6426
f 6165 6166 6428 6427
f 6166 6167 6429 6428
f 6167 6168 6430 6429
f 6168 6169 6431 6430
f 6169 6170 6432 6431
f 6170 6171 6433 6432
f 6171 6172 6434 6433
f 6172 6173 6435 6434
f 6173 6174 6436 6435
f 6174 6175 6437 6436
f 6175 6176 6438 6437
f 6176 6177 6439 6438
f 6177 6178 6440 6439
f 6178 6179 6441 6440
f 6179 6180 6442 6441
f 6180 6181 6443 6442
f 6181 6182 6444 6443
f 6182 6183 6445 6444
f 6183 6184 6446 6445
f 6184 6185 6447 6446
f 6185 6186 6448 6447
f 6186 6187 6449 6448
f 6187 6188 6450 6449
f 6188 6189 6451 6450
f 6189 6190 6452 6451
f 6190 6191 6453 6452
f 6191 6192 6454 6453
f 6192 6193 6455 6454
f 6193 6194 6456 6455
f 6194 6195 6457 6456
f 6195 6196 6458 6457
f 6196 6197 6459 6458
f 6197 6198 6460 6459
f 6198 6199 6461 6460
f 6199 6200 6462 6461
f 6200 6201 6463 6462
f 6201 6202 6464 6463
f 6202 6203 6465 6464
f 6203 6204 6466 6465
f 6204 6205 6467 6466
f 6205 6206 6468 6467
f 6206 6207 6469 6468
f 6207 6208 6470 6469
f 6208 6209 6471 6470
f 6209 6210 6472 6471
f 6210 6211 6473 6472
f 6211 6212 6474 6473
f 6212 6213 6475 6474
f 6213 6214 6476 6475
f 6214 6215 6477 6476
f 6215 6216 6478 6477
f 6216 6217 6479 6478
f 6217 6218 6480 6479
f 6218 6219 6481 6480
f 6219 6220 6482 6481
f 6220 6221 6483 6482
f 6221 6222 6484 6483
f 6222 6223 6485 6484
f 6223 6224 6486 6485
f 6224 6225 6487 6486
f 6225 6226 6488 6487
f 6226 6227 6489 6488
f 6227 6228 6490 6489
f 6228 6229 6491 6490
f 6229 6230 6492 6491
f 6230 6231 6493 6492
f 6231 6232 6494 6493
f 6232 6233 6495 6494
f 6233 6234 6496 6495
f 6234 6235 6497 6496
f 6235 6236 6498 6497
f 6236 6237 6499 6498
f 6237 6238 6500 6499
f 6238 6239 6501 6500
f 6239 6240 6502 6501
f 6240 6241 6503 6502
f 6241 6242 6504 6503
f 6242 6243 6505 6504
f 6243 6244 6506 6505
f 6244 6245 6507 6506
f 6245 6246 6508 6507
f 6246 6247 6509 6508
f 6247 6248 6510 6509
f 6248 6249 6511 6510
f 6249 6250 6512 6511
f 6250 6251 6513 6512
f 6251 6252 6514 6513
f 6252 6253 6515 6514
f 6253 6254 6516 6515
f 6254 6255 6517 6516
f 6255 6256 6518 6517
f 6256 6257 6519 6518
f 6257 6258 6520 6519
f 6258 6259 6521 6520
f 6259 6260 6522 6521
f 6260 6261 6523 6522
f 6261 6262 6524 6523
f 6262 6263 6525 6524
f 6263 6264 6526 6525
f 6264 6265 6527 6526
f 6265 6266 6528 6527
f 6266 6267 6529 6528
f 6267 6268 6530 6529
f 6268 6269 6531 6530
f 6269 6270 6532 6531
f 6270 6271 6533 6532
f 6271 6272 6534 6533
f 6272 6273 6535 6534
f 6273 6274 6536 6535
f 6274 6275 6537 6536
f 6275 6276 6538 6537
f 6276 6277 6539 6538
f 6277 6278 6540 6539
f 6278 6279 6541 6540
f 6279 6280 6542 6541
f 6280 6281 6543 6542
f 6281 6282 6544 6543
f 6282 6283 6545 6544
f 6283 6284 6546 6545
f 6284 6285 6547 6546
f 6285 6286 6548 6547
f 6286 6287 6549 6548
f 6287 6288 6550 6549
f 6288 6289 6551 6550
f 6289 6290 6552 6551
f 6290 6030 6292 6552
f 6292 6291 6553 6554
f 6291 6293 6555 6553
f 6293 6294 6556 6555
f 6294 6295 6557 6556
f 6295 6296 6558 6557
f 6296 6297 6559 6558
f 6297 6298 6560 6559
f 6298 6299 6561 6560
f 6299 6300 6562 6561
f 6300 6301 6563 6562
f 6301 6302 6564 6563
f 6302 6303 6565 6564
f 6303 6304 6566 6565
f 6304 6305 6567 6566
f 6305 6306 6568 6567
f 6306 6307 6569 6568
f 6307 6308 6570 6569
f 6308 6309 6571 6570
f 6309 6310 6572 6571
f 6310 6311 6573 6572
f 6311 6312 6574 6573
f 6312 6313 6575 6574
f 6313 6314 6576 6575
f 6314 6315 6577 6576
f 6315 6316 6578 6577
f 6316 6317 6579 6578
f 6317 6318 6580 6579
f 6318 6319 6581 6580
f 6319 6320 6582 6581
f 6320 6321 6583 6582
f 6321 6322 6584 6583
f 6322 6323 6585 6584
f 6323 6324 6586 6585
f 6324 6325 6587 6586
f 6325 6326 6588 6587
f 6326 6327 6589 6588
f 6327 6328 6590 6589
f 6328 6329 6591 6590
f 6329 6330 6592 6591
f 6330 6331 6593 6592
f 6331 6332 6594 6593
f 6332 6333 6595 6594
f 6333 6334 6596 6595
f 6334 6335 6597 6596
f 6335 6336 6598 6597
f 6336 6337 6599 6598
f 6337 6338 6600 6599
f 6338 6339 6601 6600
f 6339 6340 6602 6601
f 6340 6341 6603 6602
f 6341 6342 6604 6603
f 6342 6343 6605 6604
f 6343 6344 6606 6605
f 6344 6345 6607 6606
f 6345 6346 6608 6607
f 6346 6347 6609 6608
f 6347 6348 6610 6609
f 6348 6349 6611 6610
f 6349 6350 6612 6611
f 6350 6351 6613 6612
f 6351 6352 6614 6613
f 6352 6353 6615 6614
f 6353 6354 6616 6615
f 6354 6355 6617 6616
f 6355 6356 6618 6617
f 6356 6357 6619 6618
f 6357 6358 6620 6619
f 6358 6359 6621 6620
f 6359 6360 6622 6621
f 6360 6361 6623 6622
f 6361 6362 6624 6623
f 6362 6363 6625 6624
f 6363 6364 6626 6625
f 6364 6365 6627 6626
f 6365 6366 6628 6627
f 6366 6367 6629 6628
f 6367 6368 6630 6629
f 6368 6369 6631 6630
f 6369 6370 6632 6631
f 6370 6371 6633 6632
f 6371 6372 6634 6633
f 6372 6373 6635 6634
f 6373 6374 6636 6635
f 6374 6375 6637 6636
f 6375 6376 6638 6637
f 6376 6377 6639 6638
f 6377 6378 6640 6639
f 6378 6379 6641 6640
f 6379 6380 6642 6641
f 6380 6381 6643 6642
f 6381 6382 6644 6643
f 6382 6383 6645 6644
f 6383 6384 6646 6645
f 6384 6385 6647 6646
f 6385 6386 6648 6647
f 6386 6387 6649 6648
f 6387 6388 6650 6649
f 6388 6389 6651 6650
f 6389 6390 6652 6651
f 6390 6391 6653 6652
f 6391 6392 6654 6653
f 6392 6393 6655 6654
f 6393 6394 6656 6655
f 6394 6395 6657 6656
f 6395 6396 6658 6657
f 6396 6397 6659 6658
f 6397 6398 6660 6659
f 6398 6399 6661 6660
f 6399 6400 6662 6661
f 6400 6401 6663 6662
f 6401 6402 6664 6663
f 6402 6403 6665 6664
f 6403 6404 6666 6665
f 6404 6405 6667 6666
f 6405 6406 6668 6667
f 6406 6407 6669 6668
f 6407 6408 6670 6669
f 6408 6409 6671 6670
f 6409 6410 6672 6671
f 6410 6411 6673 6672
f 6411 6412 6674 6673
f 6412 6413 6675 6674
f 6413 6414 6676 6675
f 6414 6415 6677 6676
f 6415 6416 6678 6677
f 6416 6417 6679 6678
f 6417 6418 6680 6679
f 6418 6419 6681 6680
f 6419 6420 6682 6681
f 6420 6421 6683 6682
f 6421 6422 6684 6683
f 6422 6423 6685 6684
f 6423 6424 6686 6685
f 6424 6425 6687 6686
f 6425 6426 6688 6687
f 6426 6427 6689 6688
f 6427 6428 6690 6689
f 6428 6429 6691 6690
f 6429 6430 6692 6691
f 6430 6431 6693 6692
f 6431 6432 6694 6693
f 6432 6433 6695 6694
f 6433 6434 6696 6695
f 6434 6435 6697 6696
f 6435 6436 6698 6697
f 6436 6437 6699 6698
f 6437 6438 6700 6699
f 6438 6439 6701 6700
f 6439 6440 6702 6701
f 6440 6441 6703 6702
f 6441 6442 6704 6703
f 6442 6443 6705 6704
f 6443 6444 6706 6705
f 6444 6445 6707 6706
f 6445 6446 6708 6707
f 6446 6447 6709 6708
f 6447 6448 6710 6709
f 6448 6449 6711 6710
f 6449 6450 6712 6711
f 6450 6451 6713 6712
f 6451 6452 6714 6713
f 6452 6453 6715 6714
f 6453 6454 6716 6715
f 6454 6455 6717 6716
f 6455 6456 6718 6717
f 6456 6457 6719 6718
f 6457 6458 6720 6719
f 6458 6459 6721 6720
f 6459 6460 6722 6721
f 6460 6461 6723 6722
f 6461 6462 6724 6723
f 6462 6463 6725 6724
f 6463 6464 6726 6725
f 6464 6465 6727 6726
f 6465 6466 6728 6727
f 6466 6467 6729 6728
f 6467 6468 6730 6729
f 6468 6469 6731 6730
f 6469 6470 6732 6731
f 6470 6471 6733 6732
f 6471 6472 6734 6733
f 6472 6473 6735 6734
f 6473 6474 6736 6735
f 6474 6475 6737 6736
f 6475 6476 6738 6737
f 6476 6477 6739 6738
f 6477 6478 6740 6739
f 6478 6479 6741 6740
f 6479 6480 6742 6741
f 6480 6481 6743 6742
f 6481 6482 6744 6743
f 6482 6483 6745 6744
f 6483 6484 6746 6745
f 6484 6485 6747 6746
f 6485 6486 6748 6747
f 6486 6487 6749 6748
f 6487 6488 6750 6749
f 6488 6489 6751 6750
f 6489 6490 6752 6751
f 6490 6491 6753 6752
f 6491 6492 6754 6753
f 6492 6493 6755 6754
f 6493 6494 6756 6755
f 6494 6495 6757 6756
f 6495 6496 6758 6757
f 6496 6497 6759 6758
f 6497 6498 6760 6759
f 6498 6499 6761 6760
f 6499 6500 6762 6761
f 6500 6501 6763 6762
f 6501 6502 6764 6763
f 6502 6503 6765 6764
f 6503 6504 6766 6765
f 6504 6505 6767 6766
f 6505 6506 6768 6767
f 6506 6507 6769 6768
f 6507 6508 6770 6769
f 6508 6509 6771 6770
f 6509 6510 6772 6771
f 6510 6511 6773 6772
f 6511 6512 6774 6773
f 6512 6513 6775 6774
f 6513 6514 6776 6775
f 6514 6515 6777 6776
f 6515 6516 6778 6777
f 6516 6517 6779 6778
f 6517 6518 6780 6779
f 6518 6519 6781 6780
f 6519 6520 6782 6781
f 6520 6521 6783 6782
f 6521 6522 6784 6783
f 6522 6523 6785 6784
f 6523 6524 6786 6785
f 6524 6525 6787 6786
f 6525 6526 6788 6787
f 6526 6527 6789 6788
f 6527 6528 6790 6789
f 6528 6529 6791 6790
f 6529 6530 6792 6791
f 6530 6531 6793 6792
f 6531 6532 6794 6793
f 6532 6533 6795 6794
f 6533 6534 6796 6795
f 6534 6535 6797 6796
f 6535 6536 6798 6797
f 6536 6537 6799 6798
f 6537 6538 6800 6799
f 6538 6539 6801 6800
f 6539 6540 6802 6801
f 6540 6541 6803 6802
f 6541 6542 6804 6803
f 6542 6543 6805 6804
f 6543 6544 6806 6805
f 6544 6545 6807 6806
f 6545 6546 6808 6807
f 6546 6547 6809 6808
f 6547 6548 6810 6809
f 6548 6549 6811 6810
f 6549 6550 6812 6811
f 6550 6551 6813 6812
f 6551 6552 6814 6813
f 6552 6292 6554 6814
f 6554 6553 6815 6816
f 6553 6555 6817 6815
f 6555 6556 6818 6817
f 6556 6557 6819 6818
f 6557 6558 6820 6819
f 6558 6559 6821 6820
f 6559 6560 6822 6821
f 6560 6561 6823 6822
f 6561 6562 6824 6823
f 6562 6563 6825 6824
f 6563 6564 6826 6825
f 6564 6565 6827 6826
f 6565 6566 6828 6827
f 6566 6567 6829 6828
f 6567 6568 6830 6829
f 6568 6569 6831 6830
f 6569 6570 6832 6831
f 6570 6571 6833 6832
f 6571 6572 6834 6833
f 6572 6573 6835 6834
f 6573 6574 6836 6835
f 6574 6575 6837 6836
f 6575 6576 6838 6837
f 6576 6577 6839 6838
f 6577 6578 6840 6839
f 6578 6579 6841 6840
f 6579 6580 6842 6841
f 6580 6581 6843 6842
f 6581 6582 6844 6843
f 6582 6583 6845 6844
f 6583 6584 6846 6845
f 6584 6585 6847 6846
f 6585 6586 6848 6847
f 6586 6587 6849 6848
f 6587 6588 6850 6849
f 6588 6589 6851 6850
f 6589 6590 6852 6851
f 6590 6591 6853 6852
f 6591 6592 6854 6853
f 6592 6593 6855 6854
f 6593 6594 6856 6855
f 6594 6595 6857 6856
f 6595 6596 6858 6857
f 6596 6597 6859 6858
f 6597 6598 6860 6859
f 6598 6599 6861 6860
f 6599 6600 6862 6861
f 6600 6601 6863 6862
f 6601 6602 6864 6863
f 6602 6603 6865 6864
f 6603 6604 6866 6865
f 6604 6605 6867 6866
f 6605 6606 6868 6867
f 6606 6607 6869 6868
f 6607 6608 6870 6869
f 6608 6609 6871 6870
f 6609 6610 6872 6871
f 6610 6611 6873 6872
f 6611 6612 6874 6873
f 6612 6613 6875 6874
f 6613 6614 6876 6875
f 6614 6615 6877 6876
f 6615 6616 6878 6877
f 6616 6617 6879 6878
f 6617 6618 6880 6879
f 6618 6619 6881 6880
f 6619 6620 6882 6881
f 6620 6621 6883 6882
f 6621 6622 6884 6883
f 6622 6623 6885 6884
f 6623 6624 6886 6885
f 6624 6625 6887 6886
f 6625 6626 6888 6887
f 6626 6627 6889 6888
f 6627 6628 6890 6889
f 6628 6629 6891 6890
f 6629 6630 6892 6891
f 6630 6631 6893 6892
f 6631 6632 6894 6893
f 6632 6633 6895 6894
f 6633 6634 6896 6895
f 6634 6635 6897 6896
f 6635 6636 6898 6897
f 6636 6637 6899 6898
f 6637 6638 6900 6899
f 6638 6639 6901 6900
f 6639 6640 6902 6901
f 6640 6641 6903 6902
f 6641 6642 6904 6903
f 6642 6643 6905 6904
f 6643 6644 6906 6905
f 6644 6645 6907 6906
f 6645 6646 6908 6907
f 6646 6647 6909 6908
f 6647 6648 6910 6909
f 6648 6649 6911 6910
f 6649 6650 6912 6911
f 6650 6651 6913 6912
f 6651 6652 6914 6913
f 6652 6653 6915 6914
f 6653 6654 6916 6915
f 6654 6655 6917 6916
f 6655 6656 6918 6917
f 6656 6657 6919 6918
f 6657 6658 6920 6919
f 6658 6659 6921 6920
f 6659 6660 6922 6921
f 6660 6661 6923 6922
f 6661 6662 6924 6923
f 6662 6663 6925 6924
f 6663 6664 6926 6925
f 6664 6665 6927 6926
f 6665 6666 6928 6927
f 6666 6667 6929 6928
f 6667 6668 6930 6929
f 6668 6669 6931 6930
f 6669 6670 6932 6931
f 6670 6671 6933 6932
f 6671 6672 6934 6933
f 6672 6673 6935 6934
f 6673 6674 6936 6935
f 6674 6675 6937 6936
f 6675 6676 6938 6937
f 6676 6677 6939 6938
f 6677 6678 6940 6939
f 6678 6679 6941 6940
f 6679 6680 6942 6941
f 6680 6681 6943 6942
f 6681 6682 6944 6943
f 6682 6683 6945 6944
f 6683 6684 6946 6945
f 6684 6685 6947 6946
f 6685 6686 6948 6947
f 6686 6687 6949 6948
f 6687 6688 6950 6949
f 6688 6689 6951 6950
f 6689 6690 6952 6951
f 6690 6691 6953 6952
f 6691 6692 6954 6953
f 6692 6693 6955 6954
f 6693 6694 6956 6955
f 6694 6695 6957 6956
f 6695 6696 6958 6957
f 6696 6697 6959 6958
f 6697 6698 6960 6959
f 6698 6699 6961 6960
f 6699 6700 6962 6961
f 6700 6701 6963 6962
f 6701 6702 6964 6963
f 6702 6703 6965 6964
f 6703 6704 6966 6965
f 6704 6705 6967 6966
f 6705 6706 6968 6967
f 6706 6707 6969 6968
f 6707 6708 6970 6969
f 6708 6709 6971 6970
f 6709 6710 6972 6971
f 6710 6711 6973 6972
f 6711 6712 6974 6973
f 6712 6713 6975 6974
f 6713 6714 6976 6975
f 6714 6715 6977 6976
f 6715 6716 6978 6977
f 6716 6717 6979 6978
f 6717 6718 6980 6979
f 6718 6719 6981 6980
f 6719 6720 6982 6981
f 6720 6721 6983 6982
f 6721 6722 6984 6983
f 6722 6723 6985 6984
f 6723 6724 6986 6985
f 6724 6725 6987 6986
f 6725 6726 6988 6987
f 6726 6727 6989 6988
f 6727 6728 6990 6989
f 6728 6729 6991 6990
f 6729 6730 6992 6991
f 6730 6731 6993 6992
f 6731 6732 6994 6993
f 6732 6733 6995 6994
f 6733 6734 6996 6995
f 6734 6735 6997 6996
f 6735 6736 6998 6997
f 6736 6737 6999 6998
f 6737 6738 7000 6999
f 6738 6739 7001 7000
f 6739 6740 7002 7001
f 6740 6741 7003 7002
f 6741 6742 7004 7003
f 6742 6743 7005 7004
f 6743 6744 7006 7005
f 6744 6745 7007 7006
f 6745 6746 7008 7007
f 6746 6747 7009 7008
f 6747 6748 7010 7009
f 6748 6749 7011 7010
f 6749 6750 7012 7011
f 6750 6751 7013 7012
f 6751 6752 7014 7013
f 6752 6753 7015 7014
f 6753 6754 7016 7015
f 6754 6755 7017 7016
f 6755 6756 7018 7017
f 6756 6757 7019 7018
f 6757 6758 7020 7019
f 6758 6759 7021 7020
f 6759 6760 7022 7021
f 6760 6761 7023 7022
f 6761 6762 7024 7023
f 6762 6763 7025 7024
f 6763 6764 7026 7025
f 6764 6765 7027 7026
f 6765 6766 7028 7027
f 6766 6767 7029 7028
f 6767 6768 7030 7029
f 6768 6769 7031 7030
f 6769 6770 7032 7031
f 6770 6771 7033 7032
f 6771 6772 7034 7033
f 6772 6773 7035 7034
f 6773 6774 7036 7035
f 6774 6775 7037 7036
f 6775 6776 7038 7037
f 6776 6777 7039 7038
f 6777 6778 7040 7039
f 6778 6779 7041 7040
f 6779 6780 7042 7041
f 6780 6781 7043 7042
f 6781 6782 7044 7043
f 6782 6783 7045 7044
f 6783 6784 7046 7045
f 6784 6785 7047 7046
f 6785 6786 7048 7047
f 6786 6787 7049 7048
f 6787 6788 7050 7049
f 6788 6789 7051 7050
f 6789 6790 7052 7051
f 6790 6791 7053 7052
f 6791 6792 7054 7053
f 6792 6793 7055 7054
f 6793 6794 7056 7055
f 6794 6795 7057 7056
f 6795 6796 7058 7057
f 6796 6797 7059 7058
f 6797 6798 7060 7059
f 6798 6799 7061 7060
f 6799 6800 7062 7061
f 6800 6801 7063 7062
f 6801 6802 7064 7063
f 6802 6803 7065 7064
f 6803 6804 7066 7065
f 6804 6805 7067 7066
f 6805 6806 7068 7067
f 6806 6807 7069 7068
f 6807 6808 7070 7069
f 6808 6809 7071 7070
f 6809 6810 7072 7071
f 6810 6811 7073 7072
f 6811 6812 7074 7073
f 6812 6813 7075 7074
f 6813 6814 7076 7075
f 6814 6554 6816 7076
f 6816 6815 7077 7078
f 6815 6817 7079 7077
f 6817 6818 7080 7079
f 6818 6819 7081 7080
f 6819 6820 7082 7081
f 6820 6821 7083 7082
f 6821 6822 7084 7083
f 6822 6823 7085 7084
f 6823 6824 7086 7085
f 6824 6825 7087 7086
f 6825 6826 7088 7087
f 6826 6827 7089 7088
f 6827 6828 7090 7089
f 6828 6829 7091 7090
f 6829 6830 7092 7091
f 6830 6831 7093 7092
f 6831 6832 7094 7093
f 6832 6833 7095 7094
f 6833 6834 7096 7095
f 6834 6835 7097 7096
f 6835 6836 7098 7097
f 6836 6837 7099 7098
f 6837 6838 7100 7099
f 6838 6839 7101 7100
f 6839 6840 7102 7101
f 6840 6841 7103 7102
f 6841 6842 7104 7103
f 6842 6843 7105 7104
f 6843 6844 7106 7105
f 6844 6845 7107 7106
f 6845 6846 7108 7107
f 6846 6847 7109 7108
f 6847 6848 7110 7109
f 6848 6849 7111 7110
f 6849 6850 7112 7111
f 6850 6851 7113 7112
f 6851 6852 7114 7113
f 6852 6853 7115 7114
f 6853 6854 7116 7115
f 6854 6855 7117 7116
f 6855 6856 7118 7117
f 6856 6857 7119 7118
f 6857 6858 7120 7119
f 6858 6859 7121 7120
f 6859 6860 7122 7121
f 6860 6861 7123 7122
f 6861 6862 7124 7123
f 6862 6863 7125 7124
f 6863 6864 7126 7125
f 6864 6865 7127 7126
f 6865 6866 7128 7127
f 6866 6867 7129 7128
f 6867 6868 7130 7129
f 6868 6869 7131 7130
f 6869 6870 7132 7131
f 6870 6871 7133 7132
f 6871 6872 7134 7133
f 6872 6873 7135 7134
f 6873 6874 7136 7135
f 6874 6875 7137 7136
f 6875 6876 7138 7137
f 6876 6877 7139 7138
f 6877 6878 7140 7139
f 6878 6879 7141 7140
f 6879 6880 7142 7141
f 6880 6881 7143 7142
f 6881 6882 7144 7143
f 6882 6883 7145 7144
f 6883 6884 7146 7145
f 6884 6885 7147 7146
f 6885 6886 7148 7147
f 6886 6887 7149 7148
f 6887 6888 7150 7149
f 6888 6889 7151 7150
f 6889 6890 7152 7151
f 6890 6891 7153 7152
f 6891 6892 7154 7153
f 6892 6893 7155 7154
f 6893 6894 7156 7155
f 6894 6895 7157 7156
f 6895 6896 7158 7157
f 6896 6897 7159 7158
f 6897 6898 7160 7159
f 6898 6899 7161 7160
f 6899 6900 7162 7161
f 6900 6901 7163 7162
f 6901 6902 7164 7163
f 6902 6903 7165 7164
f 6903 6904 7166 7165
f 6904 6905 7167 7166
f 6905 6906 7168 7167
f 6906 6907 7169 7168
f 6907 6908 7170 7169
f 6908 6909 7171 7170
f 6909 6910 7172 7171
f 6910 6911 7173 7172
f 6911 6912 7174 7173
f 6912 6913 7175 7174
f 6913 6914 7176 7175
f 6914 6915 7177 7176
f 6915 6916 7178 7177
f 6916 6917 7179 7178
f 6917 6918 7180 7179
f 6918 6919 7181 7180
f 6919 6920 7182 7181
f 6920 6921 7183 7182
f 6921 6922 7184 7183
f 6922 6923 7185 7184
f 6923 6924 7186 7185
f 6924 6925 7187 7186
f 6925 6926 7188 7187
f 6926 6927 7189 7188
f 6927 6928 7190 7189
f 6928 6929 7191 7190
f 6929 6930 7192 7191
f 6930 6931 7193 7192
f 6931 6932 7194 7193
f 6932 6933 7195 7194
f 6933 6934 7196 7195
f 6934 6935 7197 7196
f 6935 6936 7198 7197
f 6936 6937 7199 7198
f 6937 6938 7200 7199
f 6938 6939 7201 7200
f 6939 6940 7202 7201
f 6940 6941 7203 7202
f 6941 6942 7204 7203
f 6942 6943 7205 7204
f 6943 6944 7206 7205
f 6944 6945 7207 7206
f 6945 6946 7208 7207
f 6946 6947 7209 7208
f 6947 6948 7210 7209
f 6948 6949 7211 7210
f 6949 6950 7212 7211
f 6950 6951 7213 7212
f 6951 6952 7214 7213
f 6952 6953 7215 7214
f 6953 6954 7216 7215
f 6954 6955 7217 7216
f 6955 6956 7218 7217
f 6956 6957 7219 7218
f 6957 6958 7220 7219
f 6958 6959 7221 7220
f 6959 6960 7222 7221
f 6960 6961 7223 7222
f 6961 6962 7224 7223
f 6962 6963 7225 7224
f 6963 6964 7226 7225
f 6964 6965 7227 7226
f 6965 6966 7228 7227
f 6966 6967 7229 7228
f 6967 6968 7230 7229
f 6968 6969 7231 7230
f 6969 6970 7232 7231
f 6970 6971 7233 7232
f 6971 6972 7234 7233
f 6972 6973 7235 7234
f 6973 6974 7236 7235
f 6974 6975 7237 7236
f 6975 6976 7238 7237
f 6976 6977 7239 7238
f 6977 6978 7240 7239
f 6978 6979 7241 7240
f 6979 6980 7242 7241
f 6980 6981 7243 7242
f 6981 6982 7244 7243
f 6982 6983 7245 7244
f 6983 6984 7246 7245
f 6984 6985 7247 7246
f 6985 6986 7248 7247
f 6986 6987 7249 7248
f 6987 6988 7250 7249
f 6988 6989 7251 7250
f 6989 6990 7252 7251
f 6990 6991 7253 7252
f 6991 6992 7254 7253
f 6992 6993 7255 7254
f 6993 6994 7256 7255
f 6994 6995 7257 7256
f 6995 6996 7258 7257
f 6996 6997 7259 7258
f 6997 6998 7260 7259
f 6998 6999 7261 7260
f 6999 7000 7262 7261
f 7000 7001 7263 7262
f 7001 7002 7264 7263
f 7002 7003 7265 7264
f 7003 7004 7266 7265
f 7004 7005 7267 7266
f 7005 7006 7268 7267
f 7006 7007 7269 7268
f 7007 7008 7270 7269
f 7008 7009 7271 7270
f 7009 7010 7272 7271
f 7010 7011 7273 7272
f 7011 7012 7274 7273
f 7012 7013 7275 7274
f 7013 7014 7276 7275
f 7014 7015 7277 7276
f 7015 7016 7278 7277
f 7016 7017 7279 7278
f 7017 7018 7280 7279
f 7018 7019 7281 7280
f 7019 7020 7282 7281
f 7020 7021 7283 7282
f 7021 7022 7284 7283
f 7022 7023 7285 7284
f 7023 7024 7286 7285
f 7024 7025 7287 7286
f 7025 7026 7288 7287
f 7026 7027 7289 7288
f 7027 7028 7290 7289
f 7028 7029 7291 7290
f 7029 7030 7292 7291
f 7030 7031 7293 7292
f 7031 7032 7294 7293
f 7032 7033 7295 7294
f 7033 7034 7296 7295
f 7034 7035 7297 7296
f 7035 7036 7298 7297
f 7036 7037 7299 7298
f 7037 7038 7300 7299
f 7038 7039 7301 7300
f 7039 7040 7302 7301
f 7040 7041 7303 7302
f 7041 7042 7304 7303
f 7042 7043 7305 7304
f 7043 7044 7306 7305
f 7044 7045 7307 7306
f 7045 7046 7308 7307
f 7046 7047 7309 7308
f 7047 7048 7310 7309
f 7048 7049 7311 7310
f 7049 7050 7312 7311
f 7050 7051 7313 7312
f 7051 7052 7314 7313
f 7052 7053 7315 7314
f 7053 7054 7316 7315
f 7054 7055 7317 7316
f 7055 7056 7318 7317
f 7056 7057 7319 7318
f 7057 7058 7320 7319
f 7058 7059 7321 7320
f 7059 7060 7322 7321
f 7060 7061 7323 7322
f 7061 7062 7324 7323
f 7062 7063 7325 7324
f 7063 7064 7326 7325
f 7064 7065 7327 7326
f 7065 7066 7328 7327
f 7066 7067 7329 7328
f 7067 7068 7330 7329
f 7068 7069 7331 7330
f 7069 7070 7332 7331
f 7070 7071 7333 7332
f 7071 7072 7334 7333
f 7072 7073 7335 7334
f 7073 7074 7336 7335
f 7074 7075 7337 7336
f 7075 7076 7338 7337
f 7076 6816 7078 7338
f 7078 7077 7339 7340
f 7077 7079 7341 7339
f 7079 7080 7342 7341
f 7080 7081 7343 7342
f 7081 7082 7344 7343
f 7082 7083 7345 7344
f 7083 7084 7346 7345
f 7084 7085 7347 7346
f 7085 7086 7348 7347
f 7086 7087 7349 7348
f 7087 7088 7350 7349
f 7088 7089 7351 7350
f 7089 7090 7352 7351
f 7090 7091 7353 7352
f 7091 7092 7354 7353
f 7092 7093 7355 7354
f 7093 7094 7356 7355
f 7094 7095 7357 7356
f 7095 7096 7358 7357
f 7096 7097 7359 7358
f 7097 7098 7360 7359
f 7098 7099 7361 7360
f 7099 7100 7362 7361
f 7100 7101 7363 7362
f 7101 7102 7364 7363
f 7102 7103 7365 7364
f 7103 7104 7366 7365
f 7104 7105 7367 7366
f 7105 7106 7368 7367
f 7106 7107 7369 7368
f 7107 7108 7370 7369
f 7108 7109 7371 7370
f 7109 7110 7372 7371
f 7110 7111 7373 7372
f 7111 7112 7374 7373
f 7112 7113 7375 7374
f 7113 7114 7376 7375
f 7114 7115 7377 7376
f 7115 7116 7378 7377
f 7116 7117 7379 7378
f 7117 7118 7380 7379
f 7118 7119 7381 7380
f 7119 7120 7382 7381
f 7120 7121 7383 7382
f 7121 7122 7384 7383
f 7122 7123 7385 7384
f 7123 7124 7386 7385
f 7124 7125 7387 7386
f 7125 7126 7388 7387
f 7126 7127 7389 7388
f 7127 7128 7390 7389
f 7128 7129 7391 7390
f 7129 7130 7392 7391
f 7130 7131 7393 7392
f 7131 7132 7394 7393
f 7132 7133 7395 7394
f 7133 7134 7396 7395
f 7134 7135 7397 7396
f 7135 7136 7398 7397
f 7136 7137 7399 7398
f 7137 7138 7400 7399
f 7138 7139 7401 7400
f 7139 7140 7402 7401
f 7140 7141 7403 7402
f 7141 7142 7404 7403
f 7142 7143 7405 7404
f 7143 7144 7406 7405
f 7144 7145 7407 7406
f 7145 7146 7408 7407
f 7146 7147 7409 7408
f 7147 7148 7410 7409
f 7148 7149 7411 7410
f 7149 7150 7412 7411
f 7150 7151 7413 7412
f 7151 7152 7414 7413
f 7152 7153 7415 7414
f 7153 7154 7416 7415
f 7154 7155 7417 7416
f 7155 7156 7418 7417
f 7156 7157 7419 7418
f 7157 7158 7420 7419
f 7158 7159 7421 7420
f 7159 7160 7422 7421
f 7160 7161 7423 7422
f 7161 7162 7424 7423
f 7162 7163 7425 7424
f 7163 7164 7426 7425
f 7164 7165 7427 7426
f 7165 7166 7428 7427
f 7166 7167 7429 7428
f 7167 7168 7430 7429
f 7168 7169 7431 7430
f 7169 7170 7432 7431
f 7170 7171 7433 7432
f 7171 7172 7434 7433
f 7172 7173 7435 7434
f 7173 7174 7436 7435
f 7174 7175 7437 7436
f 7175 7176 7438 7437
f 7176 7177 7439 7438
f 7177 7178 7440 7439
f 7178 7179 7441 7440
f 7179 7180 7442 7441
f 7180 7181 7443 7442
f 7181 7182 7444 7443
f 7182 7183 7445 7444
f 7183 7184 7446 7445
f 7184 7185 7447 7446
f 7185 7186 7448 7447
f 7186 7187 7449 7448
f 7187 7188 7450 7449
f 7188 7189 7451 7450
f 7189 7190 7452 7451
f 7190 7191 7453 7452
f 7191 7192 7454 7453
f 7192 7193 7455 7454
f 7193 7194 7456 7455
f 7194 7195 7457 7456
f 7195 7196 7458 7457
f 7196 7197 7459 7458
f 7197 7198 7460 7459
f 7198 7199 7461 7460
f 7199 7200 7462 7461
f 7200 7201 7463 7462
f 7201 7202 7464 7463
f 7202 7203 7465 7464
f 7203 7204 7466 7465
f 7204 7205 7467 7466
f 7205 7206 7468 7467
f 7206 7207 7469 7468
f 7207 7208 7470 7469
f 7208 7209 7471 7470
f 7209 7210 7472 7471
f 7210 7211 7473 7472
f 7211 7212 7474 7473
f 7212 7213 7475 7474
f 7213 7214 7476 7475
f 7214 7215 7477 7476
f 7215 7216 7478 7477
f 7216 7217 7479 7478
f 7217 7218 7480 7479
f 7218 7219 7481 7480
f 7219 7220 7482 7481
f 7220 7221 7483 7482
f 7221 7222 7484 7483
f 7222 7223 7485 7484
f 7223 7224 7486 7485
f 7224 7225 7487 7486
f 7225 7226 7488 7487
f 7226 7227 7489 7488
f 7227 7228 7490 7489
f 7228 7229 7491 7490
f 7229 7230 7492 7491
f 7230 7231 7493 7492
f 7231 7232 7494 7493
f 7232 7233 7495 7494
f 7233 7234 7496 7495
f 7234 7235 7497 7496
f 7235 7236 7498 7497
f 7236 7237 7499 7498
f 7237 7238 7500 7499
f 7238 7239 7501 7500
f 7239 7240 7502 7501
f 7240 7241 7503 7502
f 7241 7242 7504 7503
f 7242 7243 7505 7504
f 7243 7244 7506 7505
f 7244 7245 7507 7506
f 7245 7246 7508 7507
f 7246 7247 7509 7508
f 7247 7248 7510 7509
f 7248 7249 7511 7510
f 7249 7250 7512 7511
f 7250 7251 7513 7512
f 7251 7252 7514 7513
f 7252 7253 7515 7514
f 7253 7254 7516 7515
f 7254 7255 7517 7516
f 7255 7256 7518 7517
f 7256 7257 7519 7518
f 7257 7258 7520 7519
f 7258 7259 7521 7520
f 7259 7260 7522 7521
f 7260 7261 7523 7522
f 7261 7262 7524 7523
f 7262 7263 7525 7524
f 7263 7264 7526 7525
f 7264 7265 7527 7526
f 7265 7266 7528 7527
f 7266 7267 7529 7528
f 7267 7268 7530 7529
f 7268 7269 7531 7530
f 7269 7270 7532 7531
f 7270 7271 7533 7532
f 7271 7272 7534 7533
f 7272 7273 7535 7534
f 7273 7274 7536 7535
f 7274 7275 7537 7536
f 7275 7276 7538 7537
f 7276 7277 7539 7538
f 7277 7278 7540 7539
f 7278 7279 7541 7540
f 7279 7280 7542 7541
f 7280 7281 7543 7542
f 7281 7282 7544 7543
f 7282 7283 7545 7544
f 7283 7284 7546 7545
f 7284 7285 7547 7546
f 7285 7286 7548 7547
f 7286 7287 7549 7548
f 7287 7288 7550 7549
f 7288 7289 7551 7550
f 7289 7290 7552 7551
f 7290 7291 7553 7552
f 7291 7292 7554 7553
f 7292 7293 7555 7554
f 7293 7294 7556 7555
f 7294 7295 7557 7556
f 7295 7296 7558 7557
f 7296 7297 7559 7558
f 7297 7298 7560 7559
f 7298 7299 7561 7560
f 7299 7300 7562 7561
f 7300 7301 7563 7562
f 7301 7302 7564 7563
f 7302 7303 7565 7564
f 7303 7304 7566 7565
f 7304 7305 7567 7566
f 7305 7306 7568 7567
f 7306 7307 7569 7568
f 7307 7308 7570 7569
f 7308 7309 7571 7570
f 7309 7310 7572 7571
f 7310 7311 7573 7572
f 7311 7312 7574 7573
f 7312 7313 7575 7574
f 7313 7314 7576 7575
f 7314 7315 7577 7576
f 7315 7316 7578 7577
f 7316 7317 7579 7578
f 7317 7318 7580 7579
f 7318 7319 7581 7580
f 7319 7320 7582 7581
f 7320 7321 7583 7582
f 7321 7322 7584 7583
f 7322 7323 7585 7584
f 7323 7324 7586 7585
f 7324 7325 7587 7586
f 7325 7326 7588 7587
f 7326 7327 7589 7588
f 7327 7328 7590 7589
f 7328 7329 7591 7590
f 7329 7330 7592 7591
f 7330 7331 7593 7592
f 7331 7332 7594 7593
f 7332 7333 7595 7594
f 7333 7334 7596 7595
f 7334 7335 7597 7596
f 7335 7336 7598 7597
f 7336 7337 7599 7598
f 7337 7338 7600 7599
f 7338 7078 7340 7600
f 7340 7339 7601 7602
f 7339 7341 7603 7601
f 7341 7342 7604 7603
f 7342 7343 7605 7604
f 7343 7344 7606 7605
f 7344 7345 7607 7606
f 7345 7346 7608 7607
f 7346 7347 7609 7608
f 7347 7348 7610 7609
f 7348 7349 7611 7610
f 7349 7350 7612 7611
f 7350 7351 7613 7612
f 7351 7352 7614 7613
f 7352 7353 7615 7614
f 7353 7354 7616 7615
f 7354 7355 7617 7616
f 7355 7356 7618 7617
f 7356 7357 7619 7618
f 7357 7358 7620 7619
f 7358 7359 7621 7620
f 7359 7360 7622 7621
f 7360 7361 7623 7622
f 7361 7362 7624 7623
f 7362 7363 7625 7624
f 7363 7364 7626 7625
f 7364 7365 7627 7626
f 7365 7366 7628 7627
f 7366 7367 7629 7628
f 7367 7368 7630 7629
f 7368 7369 7631 7630
f 7369 7370 7632 7631
f 7370 7371 7633 7632
f 7371 7372 7634 7633
f 7372 7373 7635 7634
f 7373 7374 7636 7635
f 7374 7375 7637 7636
f 7375 7376 7638 7637
f 7376 7377 7639 7638
f 7377 7378 7640 7639
f 7378 7379 7641 7640
f 7379 7380 7642 7641
f 7380 7381 7643 7642
f 7381 7382 7644 7643
f 7382 7383 7645 7644
f 7383 7384 7646 7645
f 7384 7385 7647 7646
f 7385 7386 7648 7647
f 7386 7387 7649 7648
f 7387 7388 7650 7649
f 7388 7389 7651 7650
f 7389 7390 7652 7651
f 7390 7391 7653 7652
f 7391 7392 7654 7653
f 7392 7393 7655 7654
f 7393 7394 7656 7655
f 7394 7395 7657 7656
f 7395 7396 7658 7657
f 7396 7397 7659 7658
f 7397 7398 7660 7659
f 7398 7399 7661 7660
f 7399 7400 7662 7661
f 7400 7401 7663 7662
f 7401 7402 7664 7663
f 7402 7403 7665 7664
f 7403 7404 7666 7665
f 7404 7405 7667 7666
f 7405 7406 7668 7667
f 7406 7407 7669 7668
f 7407 7408 7670 7669
f 7408 7409 7671 7670
f 7409 7410 7672 7671
f 7410 7411 7673 7672
f 7411 7412 7674 7673
f 7412 7413 7675 7674
f 7413 7414 7676 7675
f 7414 7415 7677 7676
f 7415 7416 7678 7677
f 7416 7417 7679 7678
f 7417 7418 7680 7679
f 7418 7419 7681 7680
f 7419 7420 7682 7681
f 7420 7421 7683 7682
f 7421 7422 7684 7683
f 7422 7423 7685 7684
f 7423 7424 7686 7685
f 7424 7425 7687 7686
f 7425 7426 7688 7687
f 7426 7427 7689 7688
f 7427 7428 7690 7689
f 7428 7429 7691 7690
f 7429 7430 7692 7691
f 7430 7431 7693 7692
f 7431 7432 7694 7693
f 7432 7433 7695 7694
f 7433 7434 7696 7695
f 7434 7435 7697 7696
f 7435 7436 7698 7697
f 7436 7437 7699 7698
f 7437 7438 7700 7699
f 7438 7439 7701 7700
f 7439 7440 7702 7701
f 7440 7441 7703 7702
f 7441 7442 7704 7703
f 7442 7443 7705 7704
f 7443 7444 7706 7705
f 7444 7445 7707 7706
f 7445 7446 7708 7707
f 7446 7447 7709 7708
f 7447 7448 7710 7709
f 7448 7449 7711 7710
f 7449 7450 7712 7711
f 7450 7451 7713 7712
f 7451 7452 7714 7713
f 7452 7453 7715 7714
f 7453 7454 7716 7715
f 7454 7455 7717 7716
f 7455 7456 7718 7717
f 7456 7457 7719 7718
f 7457 7458 7720 7719
f 7458 7459 7721 7720
f 7459 7460 7722 7721
f 7460 7461 7723 7722
f 7461 7462 7724 7723
f 7462 7463 7725 7724
f 7463 7464 7726 7725
f 7464 7465 7727 7726
f 7465 7466 7728 7727
f 7466 7467 7729 7728
f 7467 7468 7730 7729
f 7468 7469 7731 7730
f 7469 7470 7732 7731
f 7470 7471 7733 7732
f 7471 7472 7734 7733
f 7472 7473 7735 7734
f 7473 7474 7736 7735
f 7474 7475 7737 7736
f 7475 7476 7738 7737
f 7476 7477 7739 7738
f 7477 7478 7740 7739
f 7478 7479 7741 7740
f 7479 7480 7742 7741
f 7480 7481 7743 7742
f 7481 7482 7744 7743
f 7482 7483 7745 7744
f 7483 7484 7746 7745
f 7484 7485 7747 7746
f 7485 7486 7748 7747
f 7486 7487 7749 7748
f 7487 7488 7750 7749
f 7488 7489 7751 7750
f 7489 7490 7752 7751
f 7490 7491 7753 7752
f 7491 7492 7754 7753
f 7492 7493 7755 7754
f 7493 7494 7756 7755
f 7494 7495 7757 7756
f 7495 7496 7758 7757
f 7496 7497 7759 7758
f 7497 7498 7760 7759
f 7498 7499 7761 7760
f 7499 7500 7762 7761
f 7500 7501 7763 7762
f 7501 7502 7764 7763
f 7502 7503 7765 7764
f 7503 7504 7766 7765
f 7504 7505 7767 7766
f 7505 7506 7768 7767
f 7506 7507 7769 7768
f 7507 7508 7770 7769
f 7508 7509 7771 7770
f 7509 7510 7772 7771
f 7510 7511 7773 7772
f 7511 7512 7774 7773
f 7512 7513 7775 7774
f 7513 7514 7776 7775
f 7514 7515 7777 7776
f 7515 7516 7778 7777
f 7516 7517 7779 7778
f 7517 7518 7780 7779
f 7518 7519 7781 7780
f 7519 7520 7782 7781
f 7520 7521 7783 7782
f 7521 7522 7784 7783
f 7522 7523 7785 7784
f 7523 7524 7786 7785
f 7524 7525 7787 7786
f 7525 7526 7788 7787
f 7526 7527 7789 7788
f 7527 7528 7790 7789
f 7528 7529 7791 7790
f 7529 7530 7792 7791
f 7530 7531 7793 7792
f 7531 7532 7794 7793
f 7532 7533 7795 7794
f 7533 7534 7796 7795
f 7534 7535 7797 7796
f 7535 7536 7798 7797
f 7536 7537 7799 7798
f 7537 7538 7800 7799
f 7538 7539 7801 7800
f 7539 7540 7802 7801
f 7540 7541 7803 7802
f 7541 7542 7804 7803
f 7542 7543 7805 7804
f 7543 7544 7806 7805
f 7544 7545 7807 7806
f 7545 7546 7808 7807
f 7546 7547 7809 7808
f 7547 7548 7810 7809
f 7548 7549 7811 7810
f 7549 7550 7812 7811
f 7550 7551 7813 7812
f 7551 7552 7814 7813
f 7552 7553 7815 7814
f 7553 7554 7816 7815
f 7554 7555 7817 7816
f 7555 7556 7818 7817
f 7556 7557 7819 7818
f 7557 7558 7820 7819
f 7558 7559 7821 7820
f 7559 7560 7822 7821
f 7560 7561 7823 7822
f 7561 7562 7824 7823
f 7562 7563 7825 7824
f 7563 7564 7826 7825
f 7564 7565 7827 7826
f 7565 7566 7828 7827
f 7566 7567 7829 7828
f 7567 7568 7830 7829
f 7568 7569 7831 7830
f 7569 7570 7832 7831
f 7570 7571 7833 7832
f 7571 7572 7834 7833
f 7572 7573 7835 7834
f 7573 7574 7836 7835
f 7574 7575 7837 7836
f 7575 7576 7838 7837
f 7576 7577 7839 7838
f 7577 7578 7840 7839
f 7578 7579 7841 7840
f 7579 7580 7842 7841
f 7580 7581 7843 7842
f 7581 7582 7844 7843
f 7582 7583 7845 7844
f 7583 7584 7846 7845
f 7584 7585 7847 7846
f 7585 7586 7848 7847
f 7586 7587 7849 7848
f 7587 7588 7850 7849
f 7588 7589 7851 7850
f 7589 7590 7852 7851
f 7590 7591 7853 7852
f 7591 7592 7854 7853
f 7592 7593 7855 7854
f 7593 7594 7856 7855
f 7594 7595 7857 7856
f 7595 7596 7858 7857
f 7596 7597 7859 7858
f 7597 7598 7860 7859
f 7598 7599 7861 7860
f 7599 7600 7862 7861
f 7600 7340 7602 7862
f 1837 1836 7863 7864
f 1839 1837 7864 7865
f 1840 1839 7865 7866
f 1841 1840 7866 7867
f 1842 1841 7867 7868
f 1843 1842 7868 7869
f 1844 1843 7869 7870
f 1845 1844 7870 7871
f 1846 1845 7871 7872
f 1847 1846 7872 7873
f 1848 1847 7873 7874
f 1849 1848 7874 7875
f 1850 1849 7875 7876
f 1851 1850 7876 7877
f 1852 1851 7877 7878
f 1853 1852 7878 7879
f 1854 1853 7879 7880
f 1855 1854 7880 7881
f 1856 1855 7881 7882
f 1857 1856 7882 7883
f 1858 1857 7883 7884
f 1859 1858 7884 7885
f 1860 1859 7885 7886
f 1861 1860 7886 7887
f 1862 1861 7887 7888
f 1863 1862 7888 7889
f 1864 1863 7889 7890
f 1865 1864 7890 7891
f 1866 1865 7891 7892
f 1867 1866 7892 7893
f 1868 1867 7893 7894
f 1869 1868 7894 7895
f 1870 1869 7895 7896
f 1871 1870 7896 7897
f 1872 1871 7897 7898
f 1873 1872 7898 7899
f 1874 1873 7899 7900
f 1875 1874 7900 7901
f 1876 1875 7901 7902
f 1877 1876 7902 7903
f 1878 1877 7903 7904
f 1879 1878 7904 7905
f 1880 1879 7905 7906
f 1881 1880 7906 7907
f 1882 1881 7907 7908
f 1883 1882 7908 7909
f 1884 1883 7909 7910
f 1885 1884 7910 7911
f 1886 1885 7911 7912
f 1887 1886 7912 7913
f 1888 1887 7913 7914
f 1889 1888 7914 7915
f 1890 1889 7915 7916
f 1891 1890 7916 7917
f 1892 1891 7917 7918
f 1893 1892 7918 7919
f 1894 1893 7919 7920
f 1895 1894 7920 7921
f 1896 1895 7921 7922
f 1897 1896 7922 7923
f 1898 1897 7923 7924
f 1899 1898 7924 7925
f 1900 1899 7925 7926
f 1901 1900 7926 7927
f 1902 1901 7927 7928
f 1903 1902 7928 7929
f 1904 1903 7929 7930
f 1905 1904 7930 7931
f 1906 1905 7931 7932
f 1907 1906 7932 7933
f 1908 1907 7933 7934
f 1909 1908 7934 7935
f 1910 1909 7935 7936
f 1911 1910 7936 7937
f 1912 1911 7937 7938
f 1913 1912 7938 7939
f 1914 1913 7939 7940
f 1915 1914 7940 7941
f 1916 1915 7941 7942
f 1917 1916 7942 7943
f 1918 1917 7943 7944
f 1919 1918 7944 7945
f 1920 1919 7945 7946
f 1921 1920 7946 7947
f 1922 1921 7947 7948
f 1923 1922 7948 7949
f 1924 1923 7949 7950
f 1925 1924 7950 7951
f 1926 1925 7951 7952
f 1927 1926 7952 7953
f 1928 1927 7953 7954
f 1929 1928 7954 7955
f 1930 1929 7955 7956
f 1931 1930 7956 7957
f 1932 1931 7957 7958
f 1933 1932 7958 7959
f 1934 1933 7959 7960
f 1935 1934 7960 7961
f 1936 1935 7961 7962
f 1937 1936 7962 7963
f 1938 1937 7963 7964
f 1939 1938 7964 7965
f 1940 1939 7965 7966
f 1941 1940 7966 7967
f 1942 1941 7967 7968
f 1943 1942 7968 7969
f 1944 1943 7969 7970
f 1945 1944 7970 7971
f 1946 1945 7971 7972
f 1947 1946 7972 7973
f 1948 1947 7973 7974
f 1949 1948 7974 7975
f 1950 1949 7975 7976
f 1951 1950 7976 7977
f 1952 1951 7977 7978
f 1953 1952 7978 7979
f 1954 1953 7979 7980
f 1955 1954 7980 7981
f 1956 1955 7981 7982
f 1957 1956 7982 7983
f 1958 1957 7983 7984
f 1959 1958 7984 7985
f 1960 1959 7985 7986
f 1961 1960 7986 7987
f 1962 1961 7987 7988
f 1963 1962 7988 7989
f 1964 1963 7989 7990
f 1965 1964 7990 7991
f 1966 1965 7991 7992
f 1967 1966 7992 7993
f 1968 1967 7993 7994
f 1969 1968 7994 7995
f 1970 1969 7995 7996
f 1971 1970 7996 7997
f 1972 1971 7997 7998
f 1973 1972 7998 7999
f 1974 1973 7999 8000
f 1975 1974 8000 8001
f 1976 1975 8001 8002
f 1977 1976 8002 8003
f 1978 1977 8003 8004
f 1979 1978 8004 8005
f 1980 1979 8005 8006
f 1981 1980 8006 8007
f 1982 1981 8007 8008
f 1983 1982 8008 8009
f 1984 1983 8009 8010
f 1985 1984 8010 8011
f 1986 1985 8011 8012
f 1987 1986 8012 8013
f 1988 1987 8013 8014
f 1989 1988 8014 8015
f 1990 1989 8015 8016
f 1991 1990 8016 8017
f 1992 1991 8017 8018
f 1993 1992 8018 8019
f 1994 1993 8019 8020
f 1995 1994 8020 8021
f 1996 1995 8021 8022
f 1997 1996 8022 8023
f 1998 1997 8023 8024
f 1999 1998 8024 8025
f 2000 1999 8025 8026
f 2001 2000 8026 8027
f 2002 2001 8027 8028
f 2003 2002 8028 8029
f 2004 2003 8029 8030
f 2005 2004 8030 8031
f 2006 2005 8031 8032
f 2007 2006 8032 8033
f 2008 2007 8033 8034
f 2009 2008 8034 8035
f 2010 2009 8035 8036
f 2011 2010 8036 8037
f 2012 2011 8037 8038
f 2013 2012 8038 8039
f 2014 2013 8039 8040
f 2015 2014 8040 8041
f 2016 2015 8041 8042
f 2017 2016 8042 8043
f 2018 2017 8043 8044
f 2019 2018 8044 8045
f 2020 2019 8045 8046
f 2021 2020 8046 8047
f 2022 2021 8047 8048
f 2023 2022 8048 8049
f 2024 2023 8049 8050
f 2025 2024 8050 8051
f 2026 2025 8051 8052
f 2027 2026 8052 8053
f 2028 2027 8053 8054
f 2029 2028 8054 8055
f 2030 2029 8055 8056
f 2031 2030 8056 8057
f 2032 2031 8057 8058
f 2033 2032 8058 8059
f 2034 2033 8059 8060
f 2035 2034 8060 8061
f 2036 2035 8061 8062
f 2037 2036 8062 8063
f 2038 2037 8063 8064
f 2039 2038 8064 8065
f 2040 2039 8065 8066
f 2041 2040 8066 8067
f 2042 2041 8067 8068
f 2043 2042 8068 8069
f 2044 2043 8069 8070
f 2045 2044 8070 8071
f 2046 2045 8071 8072
f 2047 2046 8072 8073
f 2048 2047 8073 8074
f 2049 2048 8074 8075
f 2050 2049 8075 8076
f 2051 2050 8076 8077
f 2052 2051 8077 8078
f 2053 2052 8078 8079
f 2054 2053 8079 8080
f 2055 2054 8080 8081
f 2056 2055 8081 8082
f 2057 2056 8082 8083
f 2058 2057 8083 8084
f 2059 2058 8084 8085
f 2060 2059 8085 8086
f 2061 2060 8086 8087
f 2062 2061 8087 8088
f 2063 2062 8088 8089
f 2064 2063 8089 8090
f 2065 2064 8090 8091
f 2066 2065 8091 8092
f 2067 2066 8092 8093
f 2068 2067 8093 8094
f 2069 2068 8094 8095
f 2070 2069 8095 8096
f 2071 2070 8096 8097
f 2072 2071 8097 8098
f 2073 2072 8098 8099
f 2074 2073 8099 8100
f 2075 2074 8100 8101
f 2076 2075 8101 8102
f 2077 2076 8102 8103
f 2078 2077 8103 8104
f 2079 2078 8104 8105
f 2080 2079 8105 8106
f 2081 2080 8106 8107
f 2082 2081 8107 8108
f 2083 2082 8108 8109
f 2084 2083 8109 8110
f 2085 2084 8110 8111
f 2086 2085 8111 8112
f 2087 2086 8112 8113
f 2088 2087 8113 8114
f 2089 2088 8114 8115
f 2090 2089 8115 8116
f 2091 2090 8116 8117
f 2092 2091 8117 8118
f 2093 2092 8118 8119
f 2094 2093 8119 8120
f 2095 2094 8120 8121
f 2096 2095 8121 8122
f 2097 2096 8122 8123
f 2098 2097 8123 8124
f 1836 2098 8124 7863
f 7864 7863 8125 8126
f 7865 7864 8126 8127
f 7866 7865 8127 8128
f 7867 7866 8128 8129
f 7868 7867 8129 8130
f 7869 7868 8130 8131
f 7870 7869 8131 8132
f 7871 7870 8132 8133
f 7872 7871 8133 8134
f 7873 7872 8134 8135
f 7874 7873 8135 8136
f 7875 7874 8136 8137
f 7876 7875 8137 8138
f 7877 7876 8138 8139
f 7878 7877 8139 8140
f 7879 7878 8140 8141
f 7880 7879 8141 8142
f 7881 7880 8142 8143
f 7882 7881 8143 8144
f 7883 7882 8144 8145
f 7884 7883 8145 8146
f 7885 7884 8146 8147
f 7886 7885 8147 8148
f 7887 7886 8148 8149
f 7888 7887 8149 8150
f 7889 7888 8150 8151
f 7890 7889 8151 8152
f 7891 7890 8152 8153
f 7892 7891 8153 8154
f 7893 7892 8154 8155
f 7894 7893 8155 8156
f 7895 7894 8156 8157
f 7896 7895 8157 8158
f 7897 7896 8158 8159
f 7898 7897 8159 8160
f 7899 7898 8160 8161
f 7900 7899 8161 8162
f 7901 7900 8162 8163
f 7902 7901 8163 8164
f 7903 7902 8164 8165
f 7904 7903 8165 8166
f 7905 7904 8166 8167
f 7906 7905 8167 8168
f 7907 7906 8168 8169
f 7908 7907 8169 8170
f 7909 7908 8170 8171
f 7910 7909 8171 8172
f 7911 7910 8172 8173
f 7912 7911 8173 8174
f 7913 7912 8174 8175
f 7914 7913 8175 8176
f 7915 7914 8176 8177
f 7916 7915 8177 8178
f 7917 7916 8178 8179
f 7918 7917 8179 8180
f 7919 7918 8180 8181
f 7920 7919 8181 8182
f 7921 7920 8182 8183
f 7922 7921 8183 8184
f 7923 7922 8184 8185
f 7924 7923 8185 8186
f 7925 7924 8186 8187
f 7926 7925 8187 8188
f 7927 7926 8188 8189
f 7928 7927 8189 8190
f 7929 7928 8190 8191
f 7930 7929 8191 8192
f 7931 7930 8192 8193
f 7932 7931 8193 8194
f 7933 7932 8194 8195
f 7934 7933 8195 8196
f 7935 7934 8196 8197
f 7936 7935 8197 8198
f 7937 7936 8198 8199
f 7938 7937 8199 8200
f 7939 7938 8200 8201
f 7940 7939 8201 8202
f 7941 7940 8202 8203
f 7942 7941 8203 8204
f 7943 7942 8204 8205
f 7944 7943 8205 8206
f 7945 7944 8206 8207
f 7946 7945 8207 8208
f 7947 7946 8208 8209
f 7948 7947 8209 8210
f 7949 7948 8210 8211
f 7950 7949 8211 8212
f 7951 7950 8212 8213
f 7952 7951 8213 8214
f 7953 7952 8214 8215
f 7954 7953 8215 8216
f 7955 7954 8216 8217
f 7956 7955 8217 8218
f 7957 7956 8218 8219
f 7958 7957 8219 8220
f 7959 7958 8220 8221
f 7960 7959 8221 8222
f 7961 7960 8222 8223
f 7962 7961 8223 8224
f 7963 7962 8224 8225
f 7964 7963 8225 8226
f 7965 7964 8226 8227
f 7966 7965 8227 8228
f 7967 7966 8228 8229
f 7968 7967 8229 8230
f 7969 7968 8230 8231
f 7970 7969 8231 8232
f 7971 7970 8232 8233
f 7972 7971 8233 8234
f 7973 7972 8234 8235
f 7974 7973 8235 8236
f 7975 7974 8236 8237
f 7976 7975 8237 8238
f 7977 7976 8238 8239
f 7978 7977 8239 8240
f 7979 7978 8240 8241
f 7980 7979 8241 8242
f 7981 7980 8242 8243
f 7982 7981 8243 8244
f 7983 7982 8244 8245
f 7984 7983 8245 8246
f 7985 7984 8246 8247
f 7986 7985 8247 8248
f 7987 7986 8248 8249
f 7988 7987 8249 8250
f 7989 7988 8250 8251
f 7990 7989 8251 8252
f 7991 7990 8252 8253
f 7992 7991 8253 8254
f 7993 7992 8254 8255
f 7994 7993 8255 8256
f 7995 7994 8256 8257
f 7996 7995 8257 8258
f 7997 7996 8258 8259
f 7998 7997 8259 8260
f 7999 7998 8260 8261
f 8000 7999 8261 8262
f 8001 8000 8262 8263
f 8002 8001 8263 8264
f 8003 8002 8264 8265
f 8004 8003 8265 8266
f 8005 8004 8266 8267
f 8006 8005 8267 8268
f 8007 8006 8268 8269
f 8008 8007 8269 8270
f 8009 8008 8270 8271
f 8010 8009 8271 8272
f 8011 8010 8272 8273
f 8012 8011 8273 8274
f 8013 8012 8274 8275
f 8014 8013 8275 8276
f 8015 8014 8276 8277
f 8016 8015 8277 8278
f 8017 8016 8278 8279
f 8018 8017 8279 8280
f 8019 8018 8280 8281
f 8020 8019 8281 8282
f 8021 8020 8282 8283
f 8022 8021 8283 8284
f 8023 8022 8284 8285
f 8024 8023 8285 8286
f 8025 8024 8286 8287
f 8026 8025 8287 8288
f 8027 8026 8288 8289
f 8028 8027 8289 8290
f 8029 8028 8290 8291
f 8030 8029 8291 8292
f 8031 8030 8292 8293
f 8032 8031 8293 8294
f 8033 8032 8294 8295
f 8034 8033 8295 8296
f 8035 8034 8296 8297
f 8036 8035 8297 8298
f 8037 8036 8298 8299
f 8038 8037 8299 8300
f 8039 8038 8300 8301
f 8040 8039 8301 8302
f 8041 8040 8302 8303
f 8042 8041 8303 8304
f 8043 8042 8304 8305
f 8044 8043 8305 8306
f 8045 8044 8306 8307
f 8046 8045 8307 8308
f 8047 8046 8308 8309
f 8048 8047 8309 8310
f 8049 8048 8310 8311
f 8050 8049 8311 8312
f 8051 8050 8312 8313
f 8052 8051 8313 8314
f 8053 8052 8314 8315
f 8054 8053 8315 8316
f 8055 8054 8316 8317
f 8056 8055 8317 8318
f 8057 8056 8318 8319
f 8058 8057 8319 8320
f 8059 8058 8320 8321
f 8060 8059 8321 8322
f 8061 8060 8322 8323
f 8062 8061 8323 8324
f 8063 8062 8324 8325
f 8064 8063 8325 8326
f 8065 8064 8326 8327
f 8066 8065 8327 8328
f 8067 8066 8328 8329
f 8068 8067 8329 8330
f 8069 8068 8330 8331
f 8070 8069 8331 8332
f 8071 8070 8332 8333
f 8072 8071 8333 8334
f 8073 8072 8334 8335
f 8074 8073 8335 8336
f 8075 8074 8336 8337
f 8076 8075 8337 8338
f 8077 8076 8338 8339
f 8078 8077 8339 8340
f 8079 8078 8340 8341
f 8080 8079 8341 8342
f 8081 8080 8342 8343
f 8082 8081 8343 8344
f 8083 8082 8344 8345
f 8084 8083 8345 8346
f 8085 8084 8346 8347
f 8086 8085 8347 8348
f 8087 8086 8348 8349
f 8088 8087 8349 8350
f 8089 8088 8350 8351
f 8090 8089 8351 8352
f 8091 8090 8352 8353
f 8092 8091 8353 8354
f 8093 8092 8354 8355
f 8094 8093 8355 8356
f 8095 8094 8356 8357
f 8096 8095 8357 8358
f 8097 8096 8358 8359
f 8098 8097 8359 8360
f 8099 8098 8360 8361
f 8100 8099 8361 8362
f 8101 8100 8362 8363
f 8102 8101 8363 8364
f 8103 8102 8364 8365
f 8104 8103 8365 8366
f 8105 8104 8366 8367
f 8106 8105 8367 8368
f 8107 8106 8368 8369
f 8108 8107 8369 8370
f 8109 8108 8370 8371
f 8110 8109 8371 8372
f 8111 8110 8372 8373
f 8112 8111 8373 8374
f 8113 8112 8374 8375
f 8114 8113 8375 8376
f 8115 8114 8376 8377
f 8116 8115 8377 8378
f 8117 8116 8378 8379
f 8118 8117 8379 8380
f 8119 8118 8380 8381
f 8120 8119 8381 8382
f 8121 8120 8382 8383
f 8122 8121 8383 8384
f 8123 8122 8384 8385
f 8124 8123 8385 8386
f 7863 8124 8386 8125
f 8126 8125 8387 8388
f 8127 8126 8388 8389
f 8128 8127 8389 8390
f 8129 8128 8390 8391
f 8130 8129 8391 8392
f 8131 8130 8392 8393
f 8132 8131 8393 8394
f 8133 8132 8394 8395
f 8134 8133 8395 8396
f 8135 8134 8396 8397
f 8136 8135 8397 8398
f 8137 8136 8398 8399
f 8138 8137 8399 8400
f 8139 8138 8400 8401
f 8140 8139 8401 8402
f 8141 8140 8402 8403
f 8142 8141 8403 8404
f 8143 8142 8404 8405
f 8144 8143 8405 8406
f 8145 8144 8406 8407
f 8146 8145 8407 8408
f 8147 8146 8408 8409
f 8148 8147 8409 8410
f 8149 8148 8410 8411
f 8150 8149 8411 8412
f 8151 8150 8412 8413
f 8152 8151 8413 8414
f 8153 8152 8414 8415
f 8154 8153 8415 8416
f 8155 8154 8416 8417
f 8156 8155 8417 8418
f 8157 8156 8418 8419
f 8158 8157 8419 8420
f 8159 8158 8420 8421
f 8160 8159 8421 8422
f 8161 8160 8422 8423
f 8162 8161 8423 8424
f 8163 8162 8424 8425
f 8164 8163 8425 8426
f 8165 8164 8426 8427
f 8166 8165 8427 8428
f 8167 8166 8428 8429
f 8168 8167 8429 8430
f 8169 8168 8430 8431
f 8170 8169 8431 8432
f 8171 8170 8432 8433
f 8172 8171 8433 8434
f 8173 8172 8434 8435
f 8174 8173 8435 8436
f 8175 8174 8436 8437
f 8176 8175 8437 8438
f 8177 8176 8438 8439
f 8178 8177 8439 8440
f 8179 8178 8440 8441
f 8180 8179 8441 8442
f 8181 8180 8442 8443
f 8182 8181 8443 8444
f 8183 8182 8444 8445
f 8184 8183 8445 8446
f 8185 8184 8446 8447
f 8186 8185 8447 8448
f 8187 8186 8448 8449
f 8188 8187 8449 8450
f 8189 8188 8450 8451
f 8190 8189 8451 8452
f 8191 8190 8452 8453
f 8192 8191 8453 8454
f 8193 8192 8454 8455
f 8194 8193 8455 8456
f 8195 8194 8456 8457
f 8196 8195 8457 8458
f 8197 8196 8458 8459
f 8198 8197 8459 8460
f 8199 8198 8460 8461
f 8200 8199 8461 8462
f 8201 8200 8462 8463
f 8202 8201 8463 8464
f 8203 8202 8464 8465
f 8204 8203 8465 8466
f 8205 8204 8466 8467
f 8206 8205 8467 8468
f 8207 8206 8468 8469
f 8208 8207 8469 8470
f 8209 8208 8470 8471
f 8210 8209 8471 8472
f 8211 8210 8472 8473
f 8212 8211 8473 8474
f 8213 8212 8474 8475
f 8214 8213 8475 8476
f 8215 8214 8476 8477
f 8216 8215 8477 8478
f 8217 8216 8478 8479
f 8218 8217 8479 8480
f 8219 8218 8480 8481
f 8220 8219 8481 8482
f 8221 8220 8482 8483
f 8222 8221 8483 8484
f 8223 8222 8484 8485
f 8224 8223 8485 8486
f 8225 8224 8486 8487
f 8226 8225 8487 8488
f 8227 8226 8488 8489
f 8228 8227 8489 8490
f 8229 8228 8490 8491
f 8230 8229 8491 8492
f 8231 8230 8492 8493
f 8232 8231 8493 8494
f 8233 8232 8494 8495
f 8234 8233 8495 8496
f 8235 8234 8496 8497
f 8236 8235 8497 8498
f 8237 8236 8498 8499
f 8238 8237 8499 8500
f 8239 8238 8500 8501
f 8240 8239 8501 8502
f 8241 8240 8502 8503
f 8242 8241 8503 8504
f 8243 8242 8504 8505
f 8244 8243 8505 8506
f 8245 8244 8506 8507
f 8246 8245 8507 8508
f 8247 8246 8508 8509
f 8248 8247 8509 8510
f 8249 8248 8510 8511
f 8250 8249 8511 8512
f 8251 8250 8512 8513
f 8252 8251 8513 8514
f 8253 8252 8514 8515
f 8254 8253 8515 8516
f 8255 8254 8516 8517
f 8256 8255 8517 8518
f 8257 8256 8518 8519
f 8258 8257 8519 8520
f 8259 8258 8520 8521
f 8260 8259 8521 8522
f 8261 8260 8522 8523
f 8262 8261 8523 8524
f 8263 8262 8524 8525
f 8264 8263 8525 8526
f 8265 8264 8526 8527
f 8266 8265 8527 8528
f 8267 8266 8528 8529
f 8268 8267 8529 8530
f 8269 8268 8530 8531
f 8270 8269 8531 8532
f 8271 8270 8532 8533
f 8272 8271 8533 8534
f 8273 8272 8534 8535
f 8274 8273 8535 8536
f 8275 8274 8536 8537
f 8276 8275 8537 8538
f 8277 8276 8538 8539
f 8278 8277 8539 8540
f 8279 8278 8540 8541
f 8280 8279 8541 8542
f 8281 8280 8542 8543
f 8282 8281 8543 8544
f 8283 8282 8544 8545
f 8284 8283 8545 8546
f 8285 8284 8546 8547
f 8286 8285 8547 8548
f 8287 8286 8548 8549
f 8288 8287 8549 8550
f 8289 8288 8550 8551
f 8290 8289 8551 8552
f 8291 8290 8552 8553
f 8292 8291 8553 8554
f 8293 8292 8554 8555
f 8294 8293 8555 8556
f 8295 8294 8556 8557
f 8296 8295 8557 8558
f 8297 8296 8558 8559
f 8298 8297 8559 8560
f 8299 8298 8560 8561
f 8300 8299 8561 8562
f 8301 8300 8562 8563
f 8302 8301 8563 8564
f 8303 8302 8564 8565
f 8304 8303 8565 8566
f 8305 8304 8566 8567
f 8306 8305 8567 8568
f 8307 8306 8568 8569
f 8308 8307 8569 8570
f 8309 8308 8570 8571
f 8310 8309 8571 8572
f 8311 8310 8572 8573
f 8312 8311 8573 8574
f 8313 8312 8574 8575
f 8314 8313 8575 8576
f 8315 8314 8576 8577
f 8316 8315 8577 8578
f 8317 8316 8578 8579
f 8318 8317 8579 8580
f 8319 8318 8580 8581
f 8320 8319 8581 8582
f 8321 8320 8582 8583
f 8322 8321 8583 8584
f 8323 8322 8584 8585
f 8324 8323 8585 8586
f 8325 8324 8586 8587
f 8326 8325 8587 8588
f 8327 8326 8588 8589
f 8328 8327 8589 8590
f 8329 8328 8590 8591
f 8330 8329 8591 8592
f 8331 8330 8592 8593
f 8332 8331 8593 8594
f 8333 8332 8594 8595
f 8334 8333 8595 8596
f 8335 8334 8596 8597
f 8336 8335 8597 8598
f 8337 8336 8598 8599
f 8338 8337 8599 8600
f 8339 8338 8600 8601
f 8340 8339 8601 8602
f 8341 8340 8602 8603
f 8342 8341 8603 8604
f 8343 8342 8604 8605
f 8344 8343 8605 8606
f 8345 8344 8606 8607
f 8346 8345 8607 8608
f 8347 8346 8608 8609
f 8348 8347 8609 8610
f 8349 8348 8610 8611
f 8350 8349 8611 8612
f 8351 8350 8612 8613
f 8352 8351 8613 8614
f 8353 8352 8614 8615
f 8354 8353 8615 8616
f 8355 8354 8616 8617
f 8356 8355 8617 8618
f 8357 8356 8618 8619
f 8358 8357 8619 8620
f 8359 8358 8620 8621
f 8360 8359 8621 8622
f 8361 8360 8622 8623
f 8362 8361 8623 8624
f 8363 8362 8624 8625
f 8364 8363 8625 8626
f 8365 8364 8626 8627
f 8366 8365 8627 8628
f 8367 8366 8628 8629
f 8368 8367 8629 8630
f 8369 8368 8630 8631
f 8370 8369 8631 8632
f 8371 8370 8632 8633
f 8372 8371 8633 8634
f 8373 8372 8634 8635
f 8374 8373 8635 8636
f 8375 8374 8636 8637
f 8376 8375 8637 8638
f 8377 8376 8638 8639
f 8378 8377 8639 8640
f 8379 8378 8640 8641
f 8380 8379 8641 8642
f 8381 8380 8642 8643
f 8382 8381 8643 8644
f 8383 8382 8644 8645
f 8384 8383 8645 8646
f 8385 8384 8646 8647
f 8386 8385 8647 8648
f 8125 8386 8648 8387
f 8388 8387 8649 8650
f 8389 8388 8650 8651
f 8390 8389 8651 8652
f 8391 8390 8652 8653
f 8392 8391 8653 8654
f 8393 8392 8654 8655
f 8394 8393 8655 8656
f 8395 8394 8656 8657
f 8396 8395 8657 8658
f 8397 8396 8658 8659
f 8398 8397 8659 8660
f 8399 8398 8660 8661
f 8400 8399 8661 8662
f 8401 8400 8662 8663
f 8402 8401 8663 8664
f 8403 8402 8664 8665
f 8404 8403 8665 8666
f 8405 8404 8666 8667
f 8406 8405 8667 8668
f 8407 8406 8668 8669
f 8408 8407 8669 8670
f 8409 8408 8670 8671
f 8410 8409 8671 8672
f 8411 8410 8672 8673
f 8412 8411 8673 8674
f 8413 8412 8674 8675
f 8414 8413 8675 8676
f 8415 8414 8676 8677
f 8416 8415 8677 8678
f 8417 8416 8678 8679
f 8418 8417 8679 8680
f 8419 8418 8680 8681
f 8420 8419 8681 8682
f 8421 8420 8682 8683
f 8422 8421 8683 8684
f 8423 8422 8684 8685
f 8424 8423 8685 8686
f 8425 8424 8686 8687
f 8426 8425 8687 8688
f 8427 8426 8688 8689
f 8428 8427 8689 8690
f 8429 8428 8690 8691
f 8430 8429 8691 8692
f 8431 8430 8692 8693
f 8432 8431 8693 8694
f 8433 8432 8694 8695
f 8434 8433 8695 8696
f 8435 8434 8696 8697
f 8436 8435 8697 8698
f 8437 8436 8698 8699
f 8438 8437 8699 8700
f 8439 8438 8700 8701
f 8440 8439 8701 8702
f 8441 8440 8702 8703
f 8442 8441 8703 8704
f 8443 8442 8704 8705
f 8444 8443 8705 8706
f 8445 8444 8706 8707
f 8446 8445 8707 8708
f 8447 8446 8708 8709
f 8448 8447 8709 8710
f 8449 8448 8710 8711
f 8450 8449 8711 8712
f 8451 8450 8712 8713
f 8452 8451 8713 8714
f 8453 8452 8714 8715
f 8454 8453 8715 8716
f 8455 8454 8716 8717
f 8456 8455 8717 8718
f 8457 8456 8718 8719
f 8458 8457 8719 8720
f 8459 8458 8720 8721
f 8460 8459 8721 8722
f 8461 8460 8722 8723
f 8462 8461 8723 8724
f 8463 8462 8724 8725
f 8464 8463 8725 8726
f 8465 8464 8726 8727
f 8466 8465 8727 8728
f 8467 8466 8728 8729
f 8468 8467 8729 8730
f 8469 8468 8730 8731
f 8470 8469 8731 8732
f 8471 8470 8732 8733
f 8472 8471 8733 8734
f 8473 8472 8734 8735
f 8474 8473 8735 8736
f 8475 8474 8736 8737
f 8476 8475 8737 8738
f 8477 8476 8738 8739
f 8478 8477 8739 8740
f 8479 8478 8740 8741
f 8480 8479 8741 8742
f 8481 8480 8742 8743
f 8482 8481 8743 8744
f 8483 8482 8744 8745
f 8484 8483 8745 8746
f 8485 8484 8746 8747
f 8486 8485 8747 8748
f 8487 8486 8748 8749
f 8488 8487 8749 8750
f 8489 8488 8750 8751
f 8490 8489 8751 8752
f 8491 8490 8752 8753
f 8492 8491 8753 8754
f 8493 8492 8754 8755
f 8494 8493 8755 8756
f 8495 8494 8756 8757
f 8496 8495 8757 8758
f 8497 8496 8758 8759
f 8498 8497 8759 8760
f 8499 8498 8760 8761
f 8500 8499 8761 8762
f 8501 8500 8762 8763
f 8502 8501 8763 8764
f 8503 8502 8764 8765
f 8504 8503 8765 8766
f 8505 8504 8766 8767
f 8506 8505 8767 8768
f 8507 8506 8768 8769
f 8508 8507 8769 8770
f 8509 8508 8770 8771
f 8510 8509 8771 8772
f 8511 8510 8772 8773
f 8512 8511 8773 8774
f 8513 8512 8774 8775
f 8514 8513 8775 8776
f 8515 8514 8776 8777
f 8516 8515 8777 8778
f 8517 8516 8778 8779
f 8518 8517 8779 8780
f 8519 8518 8780 8781
f 8520 8519 8781 8782
f 8521 8520 8782 8783
f 8522 8521 8783 8784
f 8523 8522 8784 8785
f 8524 8523 8785 8786
f 8525 8524 8786 8787
f 8526 8525 8787 8788
f 8527 8526 8788 8789
f 8528 8527 8789 8790
f 8529 8528 8790 8791
f 8530 8529 8791 8792
f 8531 8530 8792 8793
f 8532 8531 8793 8794
f 8533 8532 8794 8795
f 8534 8533 8795 8796
f 8535 8534 8796 8797
f 8536 8535 8797 8798
f 8537 8536 8798 8799
f 8538 8537 8799 8800
f 8539 8538 8800 8801
f 8540 8539 8801 8802
f 8541 8540 8802 8803
f 8542 8541 8803 8804
f 8543 8542 8804 8805
f 8544 8543 8805 8806
f 8545 8544 8806 8807
f 8546 8545 8807 8808
f 8547 8546 8808 8809
f 8548 8547 8809 8810
f 8549 8548 8810 8811
f 8550 8549 8811 8812
f 8551 8550 8812 8813
f 8552 8551 8813 8814
f 8553 8552 8814 8815
f 8554 8553 8815 8816
f 8555 8554 8816 8817
f 8556 8555 8817 8818
f 8557 8556 8818 8819
f 8558 8557 8819 8820
f 8559 8558 8820 8821
f 8560 8559 8821 8822
f 8561 8560 8822 8823
f 8562 8561 8823 8824
f 8563 8562 8824 8825
f 8564 8563 8825 8826
f 8565 8564 8826 8827
f 8566 8565 8827 8828
f 8567 8566 8828 8829
f 8568 8567 8829 8830
f 8569 8568 8830 8831
f 8570 8569 8831 8832
f 8571 8570 8832 8833
f 8572 8571 8833 8834
f 8573 8572 8834 8835
f 8574 8573 8835 8836
f 8575 8574 8836 8837
f 8576 8575 8837 8838
f 8577 8576 8838 8839
f 8578 8577 8839 8840
f 8579 8578 8840 8841
f 8580 8579 8841 8842
f 8581 8580 8842 8843
f 8582 8581 8843 8844
f 8583 8582 8844 8845
f 8584 8583 8845 8846
f 8585 8584 8846 8847
f 8586 8585 8847 8848
f 8587 8586 8848 8849
f 8588 8587 8849 8850
f 8589 8588 8850 8851
f 8590 8589 8851 8852
f 8591 8590 8852 8853
f 8592 8591 8853 8854
f 8593 8592 8854 8855
f 8594 8593 8855 8856
f 8595 8594 8856 8857
f 8596 8595 8857 8858
f 8597 8596 8858 8859
f 8598 8597 8859 8860
f 8599 8598 8860 8861
f 8600 8599 8861 8862
f 8601 8600 8862 8863
f 8602 8601 8863 8864
f 8603 8602 8864 8865
f 8604 8603 8865 8866
f 8605 8604 8866 8867
f 8606 8605 8867 8868
f 8607 8606 8868 8869
f 8608 8607 8869 8870
f 8609 8608 8870 8871
f 8610 8609 8871 8872
f 8611 8610 8872 8873
f 8612 8611 8873 8874
f 8613 8612 8874 8875
f 8614 8613 8875 8876
f 8615 8614 8876 8877
f 8616 8615 8877 8878
f 8617 8616 8878 8879
f 8618 8617 8879 8880
f 8619 8618 8880 8881
f 8620 8619 8881 8882
f 8621 8620 8882 8883
f 8622 8621 8883 8884
f 8623 8622 8884 8885
f 8624 8623 8885 8886
f 8625 8624 8886 8887
f 8626 8625 8887 8888
f 8627 8626 8888 8889
f 8628 8627 8889 8890
f 8629 8628 8890 8891
f 8630 8629 8891 8892
f 8631 8630 8892 8893
f 8632 8631 8893 8894
f 8633 8632 8894 8895
f 8634 8633 8895 8896
f 8635 8634 8896 8897
f 8636 8635 8897 8898
f 8637 8636 8898 8899
f 8638 8637 8899 8900
f 8639 8638 8900 8901
f 8640 8639 8901 8902
f 8641 8640 8902 8903
f 8642 8641 8903 8904
f 8643 8642 8904 8905
f 8644 8643 8905 8906
f 8645 8644 8906 8907
f 8646 8645 8907 8908
f 8647 8646 8908 8909
f 8648 8647 8909 8910
f 8387 8648 8910 8649
f 8650 8649 8911 8912
f 8651 8650 8912 8913
f 8652 8651 8913 8914
f 8653 8652 8914 8915
f 8654 8653 8915 8916
f 8655 8654 8916 8917
f 8656 8655 8917 8918
f 8657 8656 8918 8919
f 8658 8657 8919 8920
f 8659 8658 8920 8921
f 8660 8659 8921 8922
f 8661 8660 8922 8923
f 8662 8661 8923 8924
f 8663 8662 8924 8925
f 8664 8663 8925 8926
f 8665 8664 8926 8927
f 8666 8665 8927 8928
f 8667 8666 8928 8929
f 8668 8667 8929 8930
f 8669 8668 8930 8931
f 8670 8669 8931 8932
f 8671 8670 8932 8933
f 8672 8671 8933 8934
f 8673 8672 8934 8935
f 8674 8673 8935 8936
f 8675 8674 8936 8937
f 8676 8675 8937 8938
f 8677 8676 8938 8939
f 8678 8677 8939 8940
f 8679 8678 8940 8941
f 8680 8679 8941 8942
f 8681 8680 8942 8943
f 8682 8681 8943 8944
f 8683 8682 8944 8945
f 8684 8683 8945 8946
f 8685 8684 8946 8947
f 8686 8685 8947 8948
f 8687 8686 8948 8949
f 8688 8687 8949 8950
f 8689 8688 8950 8951
f 8690 8689 8951 8952
f 8691 8690 8952 8953
f 8692 8691 8953 8954
f 8693 8692 8954 8955
f 8694 8693 8955 8956
f 8695 8694 8956 8957
f 8696 8695 8957 8958
f 8697 8696 8958 8959
f 8698 8697 8959 8960
f 8699 8698 8960 8961
f 8700 8699 8961 8962
f 8701 8700 8962 8963
f 8702 8701 8963 8964
f 8703 8702 8964 8965
f 8704 8703 8965 8966
f 8705 8704 8966 8967
f 8706 8705 8967 8968
f 8707 8706 8968 8969
f 8708 8707 8969 8970
f 8709 8708 8970 8971
f 8710 8709 8971 8972
f 8711 8710 8972 8973
f 8712 8711 8973 8974
f 8713 8712 8974 8975
f 8714 8713 8975 8976
f 8715 8714 8976 8977
f 8716 8715 8977 8978
f 8717 8716 8978 8979
f 8718 8717 8979 8980
f 8719 8718 8980 8981
f 8720 8719 8981 8982
f 8721 8720 8982 8983
f 8722 8721 8983 8984
f 8723 8722 8984 8985
f 8724 8723 8985 8986
f 8725 8724 8986 8987
f 8726 8725 8987 8988
f 8727 8726 8988 8989
f 8728 8727 8989 8990
f 8729 8728 8990 8991
f 8730 8729 8991 8992
f 8731 8730 8992 8993
f 8732 8731 8993 8994
f 8733 8732 8994 8995
f 8734 8733 8995 8996
f 8735 8734 8996 8997
f 8736 8735 8997 8998
f 8737 8736 8998 8999
f 8738 8737 8999 9000
f 8739 8738 9000 9001
f 8740 8739 9001 9002
f 8741 8740 9002 9003
f 8742 8741 9003 9004
f 8743 8742 9004 9005
f 8744 8743 9005 9006
f 8745 8744 9006 9007
f 8746 8745 9007 9008
f 8747 8746 9008 9009
f 8748 8747 9009 9010
f 8749 8748 9010 9011
f 8750 8749 9011 9012
f 8751 8750 9012 9013
f 8752 8751 9013 9014
f 8753 8752 9014 9015
f 8754 8753 9015 9016
f 8755 8754 9016 9017
f 8756 8755 9017 9018
f 8757 8756 9018 9019
f 8758 8757 9019 9020
f 8759 8758 9020 9021
f 8760 8759 9021 9022
f 8761 8760 9022 9023
f 8762 8761 9023 9024
f 8763 8762 9024 9025
f 8764 8763 9025 9026
f 8765 8764 9026 9027
f 8766 8765 9027 9028
f 8767 8766 9028 9029
f 8768 8767 9029 9030
f 8769 8768 9030 9031
f 8770 8769 9031 9032
f 8771 8770 9032 9033
f 8772 8771 9033 9034
f 8773 8772 9034 9035
f 8774 8773 9035 9036
f 8775 8774 9036 9037
f 8776 8775 9037 9038
f 8777 8776 9038 9039
f 8778 8777 9039 9040
f 8779 8778 9040 9041
f 8780 8779 9041 9042
f 8781 8780 9042 9043
f 8782 8781 9043 9044
f 8783 8782 9044 9045
f 8784 8783 9045 9046
f 8785 8784 9046 9047
f 8786 8785 9047 9048
f 8787 8786 9048 9049
f 8788 8787 9049 9050
f 8789 8788 9050 9051
f 8790 8789 9051 9052
f 8791 8790 9052 9053
f 8792 8791 9053 9054
f 8793 8792 9054 9055
f 8794 8793 9055 9056
f 8795 8794 9056 9057
f 8796 8795 9057 9058
f 8797 8796 9058 9059
f 8798 8797 9059 9060
f 8799 8798 9060 9061
f 8800 8799 9061 9062
f 8801 8800 9062 9063
f 8802 8801 9063 9064
f 8803 8802 9064 9065
f 8804 8803 9065 9066
f 8805 8804 9066 9067
f 8806 8805 9067 9068
f 8807 8806 9068 9069
f 8808 8807 9069 9070
f 8809 8808 9070 9071
f 8810 8809 9071 9072
f 8811 8810 9072 9073
f 8812 8811 9073 9074
f 8813 8812 9074 9075
f 8814 8813 9075 9076
f 8815 8814 9076 9077
f 8816 8815 9077 9078
f 8817 8816 9078 9079
f 8818 8817 9079 9080
f 8819 8818 9080 9081
f 8820 8819 9081 9082
f 8821 8820 9082 9083
f 8822 8821 9083 9084
f 8823 8822 9084 9085
f 8824 8823 9085 9086
f 8825 8824 9086 9087
f 8826 8825 9087 9088
f 8827 8826 9088 9089
f 8828 8827 9089 9090
f 8829 8828 9090 9091
f 8830 8829 9091 9092
f 8831 8830 9092 9093
f 8832 8831 9093 9094
f 8833 8832 9094 9095
f 8834 8833 9095 9096
f 8835 8834 9096 9097
f 8836 8835 9097 9098
f 8837 8836 9098 9099
f 8838 8837 9099 9100
f 8839 8838 9100 9101
f 8840 8839 9101 9102
f 8841 8840 9102 9103
f 8842 8841 9103 9104
f 8843 8842 9104 9105
f 8844 8843 9105 9106
f 8845 8844 9106 9107
f 8846 8845 9107 9108
f 8847 8846 9108 9109
f 8848 8847 9109 9110
f 8849 8848 9110 9111
f 8850 8849 9111 9112
f 8851 8850 9112 9113
f 8852 8851 9113 9114
f 8853 8852 9114 9115
f 8854 8853 9115 9116
f 8855 8854 9116 9117
f 8856 8855 9117 9118
f 8857 8856 9118 9119
f 8858 8857 9119 9120
f 8859 8858 9120 9121
f 8860 8859 9121 9122
f 8861 8860 9122 9123
f 8862 8861 9123 9124
f 8863 8862 9124 9125
f 8864 8863 9125 9126
f 8865 8864 9126 9127
f 8866 8865 9127 9128
f 8867 8866 9128 9129
f 8868 8867 9129 9130
f 8869 8868 9130 9131
f 8870 8869 9131 9132
f 8871 8870 9132 9133
f 8872 8871 9133 9134
f 8873 8872 9134 9135
f 8874 8873 9135 9136
f 8875 8874 9136 9137
f 8876 8875 9137 9138
f 8877 8876 9138 9139
f 8878 8877 9139 9140
f 8879 8878 9140 9141
f 8880 8879 9141 9142
f 8881 8880 9142 9143
f 8882 8881 9143 9144
f 8883 8882 9144 9145
f 8884 8883 9145 9146
f 8885 8884 9146 9147
f 8886 8885 9147 9148
f 8887 8886 9148 9149
f 8888 8887 9149 9150
f 8889 8888 9150 9151
f 8890 8889 9151 9152
f 8891 8890 9152 9153
f 8892 8891 9153 9154
f 8893 8892 9154 9155
f 8894 8893 9155 9156
f 8895 8894 9156 9157
f 8896 8895 9157 9158
f 8897 8896 9158 9159
f 8898 8897 9159 9160
f 8899 8898 9160 9161
f 8900 8899 9161 9162
f 8901 8900 9162 9163
f 8902 8901 9163 9164
f 8903 8902 9164 9165
f 8904 8903 9165 9166
f 8905 8904 9166 9167
f 8906 8905 9167 9168
f 8907 8906 9168 9169
f 8908 8907 9169 9170
f 8909 8908 9170 9171
f 8910 8909 9171 9172
f 8649 8910 9172 8911
f 8912 8911 9173 9174
f 8913 8912 9174 9175
f 8914 8913 9175 9176
f 8915 8914 9176 9177
f 8916 8915 9177 9178
f 8917 8916 9178 9179
f 8918 8917 9179 9180
f 8919 8918 9180 9181
f 8920 8919 9181 9182
f 8921 8920 9182 9183
f 8922 8921 9183 9184
f 8923 8922 9184 9185
f 8924 8923 9185 9186
f 8925 8924 9186 9187
f 8926 8925 9187 9188
f 8927 8926 9188 9189
f 8928 8927 9189 9190
f 8929 8928 9190 9191
f 8930 8929 9191 9192
f 8931 8930 9192 9193
f 8932 8931 9193 9194
f 8933 8932 9194 9195
f 8934 8933 9195 9196
f 8935 8934 9196 9197
f 8936 8935 9197 9198
f 8937 8936 9198 9199
f 8938 8937 9199 9200
f 8939 8938 9200 9201
f 8940 8939 9201 9202
f 8941 8940 9202 9203
f 8942 8941 9203 9204
f 8943 8942 9204 9205
f 8944 8943 9205 9206
f 8945 8944 9206 9207
f 8946 8945 9207 9208
f 8947 8946 9208 9209
f 8948 8947 9209 9210
f 8949 8948 9210 9211
f 8950 8949 9211 9212
f 8951 8950 9212 9213
f 8952 8951 9213 9214
f 8953 8952 9214 9215
f 8954 8953 9215 9216
f 8955 8954 9216 9217
f 8956 8955 9217 9218
f 8957 8956 9218 9219
f 8958 8957 9219 9220
f 8959 8958 9220 9221
f 8960 8959 9221 9222
f 8961 8960 9222 9223
f 8962 8961 9223 9224
f 8963 8962 9224 9225
f 8964 8963 9225 9226
f 8965 8964 9226 9227
f 8966 8965 9227 9228
f 8967 8966 9228 9229
f 8968 8967 9229 9230
f 8969 8968 9230 9231
f 8970 8969 9231 9232
f 8971 8970 9232 9233
f 8972 8971 9233 9234
f 8973 8972 9234 9235
f 8974 8973 9235 9236
f 8975 8974 9236 9237
f 8976 8975 9237 9238
f 8977 8976 9238 9239
f 8978 8977 9239 9240
f 8979 8978 9240 9241
f 8980 8979 9241 9242
f 8981 8980 9242 9243
f 8982 8981 9243 9244
f 8983 8982 9244 9245
f 8984 8983 9245 9246
f 8985 8984 9246 9247
f 8986 8985 9247 9248
f 8987 8986 9248 9249
f 8988 8987 9249 9250
f 8989 8988 9250 9251
f 8990 8989 9251 9252
f 8991 8990 9252 9253
f 8992 8991 9253 9254
f 8993 8992 9254 9255
f 8994 8993 9255 9256
f 8995 8994 9256 9257
f 8996 8995 9257 9258
f 8997 8996 9258 9259
f 8998 8997 9259 9260
f 8999 8998 9260 9261
f 9000 8999 9261 9262
f 9001 9000 9262 9263
f 9002 9001 9263 9264
f 9003 9002 9264 9265
f 9004 9003 9265 9266
f 9005 9004 9266 9267
f 9006 9005 9267 9268
f 9007 9006 9268 9269
f 9008 9007 9269 9270
f 9009 9008 9270 9271
f 9010 9009 9271 9272
f 9011 9010 9272 9273
f 9012 9011 9273 9274
f 9013 9012 9274 9275
f 9014 9013 9275 9276
f 9015 9014 9276 9277
f 9016 9015 9277 9278
f 9017 9016 9278 9279
f 9018 9017 9279 9280
f 9019 9018 9280 9281
f 9020 9019 9281 9282
f 9021 9020 9282 9283
f 9022 9021 9283 9284
f 9023 9022 9284 9285
f 9024 9023 9285 9286
f 9025 9024 9286 9287
f 9026 9025 9287 9288
f 9027 9026 9288 9289
f 9028 9027 9289 9290
f 9029 9028 9290 9291
f 9030 9029 9291 9292
f 9031 9030 9292 9293
f 9032 9031 9293 9294
f 9033 9032 9294 9295
f 9034 9033 9295 9296
f 9035 9034 9296 9297
f 9036 9035 9297 9298
f 9037 9036 9298 9299
f 9038 9037 9299 9300
f 9039 9038 9300 9301
f 9040 9039 9301 9302
f 9041 9040 9302 9303
f 9042 9041 9303 9304
f 9043 9042 9304 9305
f 9044 9043 9305 9306
f 9045 9044 9306 9307
f 9046 9045 9307 9308
f 9047 9046 9308 9309
f 9048 9047 9309 9310
f 9049 9048 9310 9311
f 9050 9049 9311 9312
f 9051 9050 9312 9313
f 9052 9051 9313 9314
f 9053 9052 9314 9315
f 9054 9053 9315 9316
f 9055 9054 9316 9317
f 9056 9055 9317 9318
f 9057 9056 9318 9319
f 9058 9057 9319 9320
f 9059 9058 9320 9321
f 9060 9059 9321 9322
f 9061 9060 9322 9323
f 9062 9061 9323 9324
f 9063 9062 9324 9325
f 9064 9063 9325 9326
f 9065 9064 9326 9327
f 9066 9065 9327 9328
f 9067 9066 9328 9329
f 9068 9067 9329 9330
f 9069 9068 9330 9331
f 9070 9069 9331 9332
f 9071 9070 9332 9333
f 9072 9071 9333 9334
f 9073 9072 9334 9335
f 9074 9073 9335 9336
f 9075 9074 9336 9337
f 9076 9075 9337 9338
f 9077 9076 9338 9339
f 9078 9077 9339 9340
f 9079 9078 9340 9341
f 9080 9079 9341 9342
f 9081 9080 9342 9343
f 9082 9081 9343 9344
f 9083 9082 9344 9345
f 9084 9083 9345 9346
f 9085 9084 9346 9347
f 9086 9085 9347 9348
f 9087 9086 9348 9349
f 9088 9087 9349 9350
f 9089 9088 9350 9351
f 9090 9089 9351 9352
f 9091 9090 9352 9353
f 9092 9091 9353 9354
f 9093 9092 9354 9355
f 9094 9093 9355 9356
f 9095 9094 9356 9357
f 9096 9095 9357 9358
f 9097 9096 9358 9359
f 9098 9097 9359 9360
f 9099 9098 9360 9361
f 9100 9099 9361 9362
f 9101 9100 9362 9363
f 9102 9101 9363 9364
f 9103 9102 9364 9365
f 9104 9103 9365 9366
f 9105 9104 9366 9367
f 9106 9105 9367 9368
f 9107 9106 9368 9369
f 9108 9107 9369 9370
f 9109 9108 9370 9371
f 9110 9109 9371 9372
f 9111 9110 9372 9373
f 9112 9111 9373 9374
f 9113 9112 9374 9375
f 9114 9113 9375 9376
f 9115 9114 9376 9377
f 9116 9115 9377 9378
f 9117 9116 9378 9379
f 9118 9117 9379 9380
f 9119 9118 9380 9381
f 9120 9119 9381 9382
f 9121 9120 9382 9383
f 9122 9121 9383 9384
f 9123 9122 9384 9385
f 9124 9123 9385 9386
f 9125 9124 9386 9387
f 9126 9125 9387 9388
f 9127 9126 9388 9389
f 9128 9127 9389 9390
f 9129 9128 9390 9391
f 9130 9129 9391 9392
f 9131 9130 9392 9393
f 9132 9131 9393 9394
f 9133 9132 9394 9395
f 9134 9133 9395 9396
f 9135 9134 9396 9397
f 9136 9135 9397 9398
f 9137 9136 9398 9399
f 9138 9137 9399 9400
f 9139 9138 9400 9401
f 9140 9139 9401 9402
f 9141 9140 9402 9403
f 9142 9141 9403 9404
f 9143 9142 9404 9405
f 9144 9143 9405 9406
f 9145 9144 9406 9407
f 9146 9145 9407 9408
f 9147 9146 9408 9409
f 9148 9147 9409 9410
f 9149 9148 9410 9411
f 9150 9149 9411 9412
f 9151 9150 9412 9413
f 9152 9151 9413 9414
f 9153 9152 9414 9415
f 9154 9153 9415 9416
f 9155 9154 9416 9417
f 9156 9155 9417 9418
f 9157 9156 9418 9419
f 9158 9157 9419 9420
f 9159 9158 9420 9421
f 9160 9159 9421 9422
f 9161 9160 9422 9423
f 9162 9161 9423 9424
f 9163 9162 9424 9425
f 9164 9163 9425 9426
f 9165 9164 9426 9427
f 9166 9165 9427 9428
f 9167 9166 9428 9429
f 9168 9167 9429 9430
f 9169 9168 9430 9431
f 9170 9169 9431 9432
f 9171 9170 9432 9433
f 9172 9171 9433 9434
f 8911 9172 9434 9173
f 9174 9173 9435 9436
f 9175 9174 9436 9437
f 9176 9175 9437 9438
f 9177 9176 9438 9439
f 9178 9177 9439 9440
f 9179 9178 9440 9441
f 9180 9179 9441 9442
f 9181 9180 9442 9443
f 9182 9181 9443 9444
f 9183 9182 9444 9445
f 9184 9183 9445 9446
f 9185 9184 9446 9447
f 9186 9185 9447 9448
f 9187 9186 9448 9449
f 9188 9187 9449 9450
f 9189 9188 9450 9451
f 9190 9189 9451 9452
f 9191 9190 9452 9453
f 9192 9191 9453 9454
f 9193 9192 9454 9455
f 9194 9193 9455 9456
f 9195 9194 9456 9457
f 9196 9195 9457 9458
f 9197 9196 9458 9459
f 9198 9197 9459 9460
f 9199 9198 9460 9461
f 9200 9199 9461 9462
f 9201 9200 9462 9463
f 9202 9201 9463 9464
f 9203 9202 9464 9465
f 9204 9203 9465 9466
f 9205 9204 9466 9467
f 9206 9205 9467 9468
f 9207 9206 9468 9469
f 9208 9207 9469 9470
f 9209 9208 9470 9471
f 9210 9209 9471 9472
f 9211 9210 9472 9473
f 9212 9211 9473 9474
f 9213 9212 9474 9475
f 9214 9213 9475 9476
f 9215 9214 9476 9477
f 9216 9215 9477 9478
f 9217 9216 9478 9479
f 9218 9217 9479 9480
f 9219 9218 9480 9481
f 9220 9219 9481 9482
f 9221 9220 9482 9483
f 9222 9221 9483 9484
f 9223 9222 9484 9485
f 9224 9223 9485 9486
f 9225 9224 9486 9487
f 9226 9225 9487 9488
f 9227 9226 9488 9489
f 9228 9227 9489 9490
f 9229 9228 9490 9491
f 9230 9229 9491 9492
f 9231 9230 9492 9493
f 9232 9231 9493 9494
f 9233 9232 9494 9495
f 9234 9233 9495 9496
f 9235 9234 9496 9497
f 9236 9235 9497 9498
f 9237 9236 9498 9499
f 9238 9237 9499 9500
f 9239 9238 9500 9501
f 9240 9239 9501 9502
f 9241 9240 9502 9503
f 9242 9241 9503 9504
f 9243 9242 9504 9505
f 9244 9243 9505 9506
f 9245 9244 9506 9507
f 9246 9245 9507 9508
f 9247 9246 9508 9509
f 9248 9247 9509 9510
f 9249 9248 9510 9511
f 9250 9249 9511 9512
f 9251 9250 9512 9513
f 9252 9251 9513 9514
f 9253 9252 9514 9515
f 9254 9253 9515 9516
f 9255 9254 9516 9517
f 9256 9255 9517 9518
f 9257 9256 9518 9519
f 9258 9257 9519 9520
f 9259 9258 9520 9521
f 9260 9259 9521 9522
f 9261 9260 9522 9523
f 9262 9261 9523 9524
f 9263 9262 9524 9525
f 9264 9263 9525 9526
f 9265 9264 9526 9527
f 9266 9265 9527 9528
f 9267 9266 9528 9529
f 9268 9267 9529 9530
f 9269 9268 9530 9531
f 9270 9269 9531 9532
f 9271 9270 9532 9533
f 9272 9271 9533 9534
f 9273 9272 9534 9535
f 9274 9273 9535 9536
f 9275 9274 9536 9537
f 9276 9275 9537 9538
f 9277 9276 9538 9539
f 9278 9277 9539 9540
f 9279 9278 9540 9541
f 9280 9279 9541 9542
f 9281 9280 9542 9543
f 9282 9281 9543 9544
f 9283 9282 9544 9545
f 9284 9283 9545 9546
f 9285 9284 9546 9547
f 9286 9285 9547 9548
f 9287 9286 9548 9549
f 9288 9287 9549 9550
f 9289 9288 9550 9551
f 9290 9289 9551 9552
f 9291 9290 9552 9553
f 9292 9291 9553 9554
f 9293 9292 9554 9555
f 9294 9293 9555 9556
f 9295 9294 9556 9557
f 9296 9295 9557 9558
f 9297 9296 9558 9559
f 9298 9297 9559 9560
f 9299 9298 9560 9561
f 9300 9299 9561 9562
f 9301 9300 9562 9563
f 9302 9301 9563 9564
f 9303 9302 9564 9565
f 9304 9303 9565 9566
f 9305 9304 9566 9567
f 9306 9305 9567 9568
f 9307 9306 9568 9569
f 9308 9307 9569 9570
f 9309 9308 9570 9571
f 9310 9309 9571 9572
f 9311 9310 9572 9573
f 9312 9311 9573 9574
f 9313 9312 9574 9575
f 9314 9313 9575 9576
f 9315 9314 9576 9577
f 9316 9315 9577 9578
f 9317 9316 9578 9579
f 9318 9317 9579 9580
f 9319 9318 9580 9581
f 9320 9319 9581 9582
f 9321 9320 9582 9583
f 9322 9321 9583 9584
f 9323 9322 9584 9585
f 9324 9323 9585 9586
f 9325 9324 9586 9587
f 9326 9325 9587 9588
f 9327 9326 9588 9589
f 9328 9327 9589 9590
f 9329 9328 9590 9591
f 9330 9329 9591 9592
f 9331 9330 9592 9593
f 9332 9331 9593 9594
f 9333 9332 9594 9595
f 9334 9333 9595 9596
f 9335 9334 9596 9597
f 9336 9335 9597 9598
f 9337 9336 9598 9599
f 9338 9337 9599 9600
f 9339 9338 9600 9601
f 9340 9339 9601 9602
f 9341 9340 9602 9603
f 9342 9341 9603 9604
f 9343 9342 9604 9605
f 9344 9343 9605 9606
f 9345 9344 9606 9607
f 9346 9345 9607 9608
f 9347 9346 9608 9609
f 9348 9347 9609 9610
f 9349 9348 9610 9611
f 9350 9349 9611 9612
f 9351 9350 9612 9613
f 9352 9351 9613 9614
f 9353 9352 9614 9615
f 9354 9353 9615 9616
f 9355 9354 9616 9617
f 9356 9355 9617 9618
f 9357 9356 9618 9619
f 9358 9357 9619 9620
f 9359 9358 9620 9621
f 9360 9359 9621 9622
f 9361 9360 9622 9623
f 9362 9361 9623 9624
f 9363 9362 9624 9625
f 9364 9363 9625 9626
f 9365 9364 9626 9627
f 9366 9365 9627 9628
f 9367 9366 9628 9629
f 9368 9367 9629 9630
f 9369 9368 9630 9631
f 9370 9369 9631 9632
f 9371 9370 9632 9633
f 9372 9371 9633 9634
f 9373 9372 9634 9635
f 9374 9373 9635 9636
f 9375 9374 9636 9637
f 9376 9375 9637 9638
f 9377 9376 9638 9639
f 9378 9377 9639 9640
f 9379 9378 9640 9641
f 9380 9379 9641 9642
f 9381 9380 9642 9643
f 9382 9381 9643 9644
f 9383 9382 9644 9645
f 9384 9383 9645 9646
f 9385 9384 9646 9647
f 9386 9385 9647 9648
f 9387 9386 9648 9649
f 9388 9387 9649 9650
f 9389 9388 9650 9651
f 9390 9389 9651 9652
f 9391 9390 9652 9653
f 9392 9391 9653 9654
f 9393 9392 9654 9655
f 9394 9393 9655 9656
f 9395 9394 9656 9657
f 9396 9395 9657 9658
f 9397 9396 9658 9659
f 9398 9397 9659 9660
f 9399 9398 9660 9661
f 9400 9399 9661 9662
f 9401 9400 9662 9663
f 9402 9401 9663 9664
f 9403 9402 9664 9665
f 9404 9403 9665 9666
f 9405 9404 9666 9667
f 9406 9405 9667 9668
f 9407 9406 9668 9669
f 9408 9407 9669 9670
f 9409 9408 9670 9671
f 9410 9409 9671 9672
f 9411 9410 9672 9673
f 9412 9411 9673 9674
f 9413 9412 9674 9675
f 9414 9413 9675 9676
f 9415 9414 9676 9677
f 9416 9415 9677 9678
f 9417 9416 9678 9679
f 9418 9417 9679 9680
f 9419 9418 9680 9681
f 9420 9419 9681 9682
f 9421 9420 9682 9683
f 9422 9421 9683 9684
f 9423 9422 9684 9685
f 9424 9423 9685 9686
f 9425 9424 9686 9687
f 9426 9425 9687 9688
f 9427 9426 9688 9689
f 9428 9427 9689 9690
f 9429 9428 9690 9691
f 9430 9429 9691 9692
f 9431 9430 9692 9693
f 9432 9431 9693 9694
f 9433 9432 9694 9695
f 9434 9433 9695 9696
f 9173 9434 9696 9435
f 9436 9435 9697 9698
f 9437 9436 9698 9699
f 9438 9437 9699 9700
f 9439 9438 9700 9701
f 9440 9439 9701 9702
f 9441 9440 9702 9703
f 9442 9441 9703 9704
f 9443 9442 9704 9705
f 9444 9443 9705 9706
f 9445 9444 9706 9707
f 9446 9445 9707 9708
f 9447 9446 9708 9709
f 9448 9447 9709 9710
f 9449 9448 9710 9711
f 9450 9449 9711 9712
f 9451 9450 9712 9713
f 9452 9451 9713 9714
f 9453 9452 9714 9715
f 9454 9453 9715 9716
f 9455 9454 9716 9717
f 9456 9455 9717 9718
f 9457 9456 9718 9719
f 9458 9457 9719 9720
f 9459 9458 9720 9721
f 9460 9459 9721 9722
f 9461 9460 9722 9723
f 9462 9461 9723 9724
f 9463 9462 9724 9725
f 9464 9463 9725 9726
f 9465 9464 9726 9727
f 9466 9465 9727 9728
f 9467 9466 9728 9729
f 9468 9467 9729 9730
f 9469 9468 9730 9731
f 9470 9469 9731 9732
f 9471 9470 9732 9733
f 9472 9471 9733 9734
f 9473 9472 9734 9735
f 9474 9473 9735 9736
f 9475 9474 9736 9737
f 9476 9475 9737 9738
f 9477 9476 9738 9739
f 9478 9477 9739 9740
f 9479 9478 9740 9741
f 9480 9479 9741 9742
f 9481 9480 9742 9743
f 9482 9481 9743 9744
f 9483 9482 9744 9745
f 9484 9483 9745 9746
f 9485 9484 9746 9747
f 9486 9485 9747 9748
f 9487 9486 9748 9749
f 9488 9487 9749 9750
f 9489 9488 9750 9751
f 9490 9489 9751 9752
f 9491 9490 9752 9753
f 9492 9491 9753 9754
f 9493 9492 9754 9755
f 9494 9493 9755 9756
f 9495 9494 9756 9757
f 9496 9495 9757 9758
f 9497 9496 9758 9759
f 9498 9497 9759 9760
f 9499 9498 9760 9761
f 9500 9499 9761 9762
f 9501 9500 9762 9763
f 9502 9501 9763 9764
f 9503 9502 9764 9765
f 9504 9503 9765 9766
f 9505 9504 9766 9767
f 9506 9505 9767 9768
f 9507 9506 9768 9769
f 9508 9507 9769 9770
f 9509 9508 9770 9771
f 9510 9509 9771 9772
f 9511 9510 9772 9773
f 9512 9511 9773 9774
f 9513 9512 9774 9775
f 9514 9513 9775 9776
f 9515 9514 9776 9777
f 9516 9515 9777 9778
f 9517 9516 9778 9779
f 9518 9517 9779 9780
f 9519 9518 9780 9781
f 9520 9519 9781 9782
f 9521 9520 9782 9783
f 9522 9521 9783 9784
f 9523 9522 9784 9785
f 9524 9523 9785 9786
f 9525 9524 9786 9787
f 9526 9525 9787 9788
f 9527 9526 9788 9789
f 9528 9527 9789 9790
f 9529 9528 9790 9791
f 9530 9529 9791 9792
f 9531 9530 9792 9793
f 9532 9531 9793 9794
f 9533 9532 9794 9795
f 9534 9533 9795 9796
f 9535 9534 9796 9797
f 9536 9535 9797 9798
f 9537 9536 9798 9799
f 9538 9537 9799 9800
f 9539 9538 9800 9801
f 9540 9539 9801 9802
f 9541 9540 9802 9803
f 9542 9541 9803 9804
f 9543 9542 9804 9805
f 9544 9543 9805 9806
f 9545 9544 9806 9807
f 9546 9545 9807 9808
f 9547 9546 9808 9809
f 9548 9547 9809 9810
f 9549 9548 9810 9811
f 9550 9549 9811 9812
f 9551 9550 9812 9813
f 9552 9551 9813 9814
f 9553 9552 9814 9815
f 9554 9553 9815 9816
f 9555 9554 9816 9817
f 9556 9555 9817 9818
f 9557 9556 9818 9819
f 9558 9557 9819 9820
f 9559 9558 9820 9821
f 9560 9559 9821 9822
f 9561 9560 9822 9823
f 9562 9561 9823 9824
f 9563 9562 9824 9825
f 9564 9563 9825 9826
f 9565 9564 9826 9827
f 9566 9565 9827 9828
f 9567 9566 9828 9829
f 9568 9567 9829 9830
f 9569 9568 9830 9831
f 9570 9569 9831 9832
f 9571 9570 9832 9833
f 9572 9571 9833 9834
f 9573 9572 9834 9835
f 9574 9573 9835 9836
f 9575 9574 9836 9837
f 9576 9575 9837 9838
f 9577 9576 9838 9839
f 9578 9577 9839 9840
f 9579 9578 9840 9841
f 9580 9579 9841 9842
f 9581 9580 9842 9843
f 9582 9581 9843 9844
f 9583 9582 9844 9845
f 9584 9583 9845 9846
f 9585 9584 9846 9847
f 9586 9585 9847 9848
f 9587 9586 9848 9849
f 9588 9587 9849 9850
f 9589 9588 9850 9851
f 9590 9589 9851 9852
f 9591 9590 9852 9853
f 9592 9591 9853 9854
f 9593 9592 9854 9855
f 9594 9593 9855 9856
f 9595 9594 9856 9857
f 9596 9595 9857 9858
f 9597 9596 9858 9859
f 9598 9597 9859 9860
f 9599 9598 9860 9861
f 9600 9599 9861 9862
f 9601 9600 9862 9863
f 9602 9601 9863 9864
f 9603 9602 9864 9865
f 9604 9603 9865 9866
f 9605 9604 9866 9867
f 9606 9605 9867 9868
f 9607 9606 9868 9869
f 9608 9607 9869 9870
f 9609 9608 9870 9871
f 9610 9609 9871 9872
f 9611 9610 9872 9873
f 9612 9611 9873 9874
f 9613 9612 9874 9875
f 9614 9613 9875 9876
f 9615 9614 9876 9877
f 9616 9615 9877 9878
f 9617 9616 9878 9879
f 9618 9617 9879 9880
f 9619 9618 9880 9881
f 9620 9619 9881 9882
f 9621 9620 9882 9883
f 9622 9621 9883 9884
f 9623 9622 9884 9885
f 9624 9623 9885 9886
f 9625 9624 9886 9887
f 9626 9625 9887 9888
f 9627 9626 9888 9889
f 9628 9627 9889 9890
f 9629 9628 9890 9891
f 9630 9629 9891 9892
f 9631 9630 9892 9893
f 9632 9631 9893 9894
f 9633 9632 9894 9895
f 9634 9633 9895 9896
f 9635 9634 9896 9897
f 9636 9635 9897 9898
f 9637 9636 9898 9899
f 9638 9637 9899 9900
f 9639 9638 9900 9901
f 9640 9639 9901 9902
f 9641 9640 9902 9903
f 9642 9641 9903 9904
f 9643 9642 9904 9905
f 9644 9643 9905 9906
f 9645 9644 9906 9907
f 9646 9645 9907 9908
f 9647 9646 9908 9909
f 9648 9647 9909 9910
f 9649 9648 9910 9911
f 9650 9649 9911 9912
f 9651 9650 9912 9913
f 9652 9651 9913 9914
f 9653 9652 9914 9915
f 9654 9653 9915 9916
f 9655 9654 9916 9917
f 9656 9655 9917 9918
f 9657 9656 9918 9919
f 9658 9657 9919 9920
f 9659 9658 9920 9921
f 9660 9659 9921 9922
f 9661 9660 9922 9923
f 9662 9661 9923 9924
f 9663 9662 9924 9925
f 9664 9663 9925 9926
f 9665 9664 9926 9927
f 9666 9665 9927 9928
f 9667 9666 9928 9929
f 9668 9667 9929 9930
f 9669 9668 9930 9931
f 9670 9669 9931 9932
f 9671 9670 9932 9933
f 9672 9671 9933 9934
f 9673 9672 9934 9935
f 9674 9673 9935 9936
f 9675 9674 9936 9937
f 9676 9675 9937 9938
f 9677 9676 9938 9939
f 9678 9677 9939 9940
f 9679 9678 9940 9941
f 9680 9679 9941 9942
f 9681 9680 9942 9943
f 9682 9681 9943 9944
f 9683 9682 9944 9945
f 9684 9683 9945 9946
f 9685 9684 9946 9947
f 9686 9685 9947 9948
f 9687 9686 9948 9949
f 9688 9687 9949 9950
f 9689 9688 9950 9951
f 9690 9689 9951 9952
f 9691 9690 9952 9953
f 9692 9691 9953 9954
f 9693 9692 9954 9955
f 9694 9693 9955 9956
f 9695 9694 9956 9957
f 9696 9695 9957 9958
f 9435 9696 9958 9697
f 9698 9697 9959 9960
f 9699 9698 9960 9961
f 9700 9699 9961 9962
f 9701 9700 9962 9963
f 9702 9701 9963 9964
f 9703 9702 9964 9965
f 9704 9703 9965 9966
f 9705 9704 9966 9967
f 9706 9705 9967 9968
f 9707 9706 9968 9969
f 9708 9707 9969 9970
f 9709 9708 9970 9971
f 9710 9709 9971 9972
f 9711 9710 9972 9973
f 9712 9711 9973 9974
f 9713 9712 9974 9975
f 9714 9713 9975 9976
f 9715 9714 9976 9977
f 9716 9715 9977 9978
f 9717 9716 9978 9979
f 9718 9717 9979 9980
f 9719 9718 9980 9981
f 9720 9719 9981 9982
f 9721 9720 9982 9983
f 9722 9721 9983 9984
f 9723 9722 9984 9985
f 9724 9723 9985 9986
f 9725 9724 9986 9987
f 9726 9725 9987 9988
f 9727 9726 9988 9989
f 9728 9727 9989 9990
f 9729 9728 9990 9991
f 9730 9729 9991 9992
f 9731 9730 9992 9993
f 9732 9731 9993 9994
f 9733 9732 9994 9995
f 9734 9733 9995 9996
f 9735 9734 9996 9997
f 9736 9735 9997 9998
f 9737 9736 9998 9999
f 9738 9737 9999 10000
f 9739 9738 10000 10001
f 9740 9739 10001 10002
f 9741 9740 10002 10003
f 9742 9741 10003 10004
f 9743 9742 10004 10005
f 9744 9743 10005 10006
f 9745 9744 10006 10007
f 9746 9745 10007 10008
f 9747 9746 10008 10009
f 9748 9747 10009 10010
f 9749 9748 10010 10011
f 9750 9749 10011 10012
f 9751 9750 10012 10013
f 9752 9751 10013 10014
f 9753 9752 10014 10015
f 9754 9753 10015 10016
f 9755 9754 10016 10017
f 9756 9755 10017 10018
f 9757 9756 10018 10019
f 9758 9757 10019 10020
f 9759 9758 10020 10021
f 9760 9759 10021 10022
f 9761 9760 10022 10023
f 9762 9761 10023 10024
f 9763 9762 10024 10025
f 9764 9763 10025 10026
f 9765 9764 10026 10027
f 9766 9765 10027 10028
f 9767 9766 10028 10029
f 9768 9767 10029 10030
f 9769 9768 10030 10031
f 9770 9769 10031 10032
f 9771 9770 10032 10033
f 9772 9771 10033 10034
f 9773 9772 10034 10035
f 9774 9773 10035 10036
f 9775 9774 10036 10037
f 9776 9775 10037 10038
f 9777 9776 10038 10039
f 9778 9777 10039 10040
f 9779 9778 10040 10041
f 9780 9779 10041 10042
f 9781 9780 10042 10043
f 9782 9781 10043 10044
f 9783 9782 10044 10045
f 9784 9783 10045 10046
f 9785 9784 10046 10047
f 9786 9785 10047 10048
f 9787 9786 10048 10049
f 9788 9787 10049 10050
f 9789 9788 10050 10051
f 9790 9789 10051 10052
f 9791 9790 10052 10053
f 9792 9791 10053 10054
f 9793 9792 10054 10055
f 9794 9793 10055 10056
f 9795 9794 10056 10057
f 9796 9795 10057 10058
f 9797 9796 10058 10059
f 9798 9797 10059 10060
f 9799 9798 10060 10061
f 9800 9799 10061 10062
f 9801 9800 10062 10063
f 9802 9801 10063 10064
f 9803 9802 10064 10065
f 9804 9803 10065 10066
f 9805 9804 10066 10067
f 9806 9805 10067 10068
f 9807 9806 10068 10069
f 9808 9807 10069 10070
f 9809 9808 10070 10071
f 9810 9809 10071 10072
f 9811 9810 10072 10073
f 9812 9811 10073 10074
f 9813 9812 10074 10075
f 9814 9813 10075 10076
f 9815 9814 10076 10077
f 9816 9815 10077 10078
f 9817 9816 10078 10079
f 9818 9817 10079 10080
f 9819 9818 10080 10081
f 9820 9819 10081 10082
f 9821 9820 10082 10083
f 9822 9821 10083 10084
f 9823 9822 10084 10085
f 9824 9823 10085 10086
f 9825 9824 10086 10087
f 9826 9825 10087 10088
f 9827 9826 10088 10089
f 9828 9827 10089 10090
f 9829 9828 10090 10091
f 9830 9829 10091 10092
f 9831 9830 10092 10093
f 9832 9831 10093 10094
f 9833 9832 10094 10095
f 9834 9833 10095 10096
f 9835 9834 10096 10097
f 9836 9835 10097 10098
f 9837 9836 10098 10099
f 9838 9837 10099 10100
f 9839 9838 10100 10101
f 9840 9839 10101 10102
f 9841 9840 10102 10103
f 9842 9841 10103 10104
f 9843 9842 10104 10105
f 9844 9843 10105 10106
f 9845 9844 10106 10107
f 9846 9845 10107 10108
f 9847 9846 10108 10109
f 9848 9847 10109 10110
f 9849 9848 10110 10111
f 9850 9849 10111 10112
f 9851 9850 10112 10113
f 9852 9851 10113 10114
f 9853 9852 10114 10115
f 9854 9853 10115 10116
f 9855 9854 10116 10117
f 9856 9855 10117 10118
f 9857 9856 10118 10119
f 9858 9857 10119 10120
f 9859 9858 10120 10121
f 9860 9859 10121 10122
f 9861 9860 10122 10123
f 9862 9861 10123 10124
f 9863 9862 10124 10125
f 9864 9863 10125 10126
f 9865 9864 10126 10127
f 9866 9865 10127 10128
f 9867 9866 10128 10129
f 9868 9867 10129 10130
f 9869 9868 10130 10131
f 9870 9869 10131 10132
f 9871 9870 10132 10133
f 9872 9871 10133 10134
f 9873 9872 10134 10135
f 9874 9873 10135 10136
f 9875 9874 10136 10137
f 9876 9875 10137 10138
f 9877 9876 10138 10139
f 9878 9877 10139 10140
f 9879 9878 10140 10141
f 9880 9879 10141 10142
f 9881 9880 10142 10143
f 9882 9881 10143 10144
f 9883 9882 10144 10145
f 9884 9883 10145 10146
f 9885 9884 10146 10147
f 9886 9885 10147 10148
f 9887 9886 10148 10149
f 9888 9887 10149 10150
f 9889 9888 10150 10151
f 9890 9889 10151 10152
f 9891 9890 10152 10153
f 9892 9891 10153 10154
f 9893 9892 10154 10155
f 9894 9893 10155 10156
f 9895 9894 10156 10157
f 9896 9895 10157 10158
f 9897 9896 10158 10159
f 9898 9897 10159 10160
f 9899 9898 10160 10161
f 9900 9899 10161 10162
f 9901 9900 10162 10163
f 9902 9901 10163 10164
f 9903 9902 10164 10165
f 9904 9903 10165 10166
f 9905 9904 10166 10167
f 9906 9905 10167 10168
f 9907 9906 10168 10169
f 9908 9907 10169 10170
f 9909 9908 10170 10171
f 9910 9909 10171 10172
f 9911 9910 10172 10173
f 9912 9911 10173 10174
f 9913 9912 10174 10175
f 9914 9913 10175 10176
f 9915 9914 10176 10177
f 9916 9915 10177 10178
f 9917 9916 10178 10179
f 9918 9917 10179 10180
f 9919 9918 10180 10181
f 9920 9919 10181 10182
f 9921 9920 10182 10183
f 9922 9921 10183 10184
f 9923 9922 10184 10185
f 9924 9923 10185 10186
f 9925 9924 10186 10187
f 9926 9925 10187 10188
f 9927 9926 10188 10189
f 9928 9927 10189 10190
f 9929 9928 10190 10191
f 9930 9929 10191 10192
f 9931 9930 10192 10193
f 9932 9931 10193 10194
f 9933 9932 10194 10195
f 9934 9933 10195 10196
f 9935 9934 10196 10197
f 9936 9935 10197 10198
f 9937 9936 10198 10199
f 9938 9937 10199 10200
f 9939 9938 10200 10201
f 9940 9939 10201 10202
f 9941 9940 10202 10203
f 9942 9941 10203 10204
f 9943 9942 10204 10205
f 9944 9943 10205 10206
f 9945 9944 10206 10207
f 9946 9945 10207 10208
f 9947 9946 10208 10209
f 9948 9947 10209 10210
f 9949 9948 10210 10211
f 9950 9949 10211 10212
f 9951 9950 10212 10213
f 9952 9951 10213 10214
f 9953 9952 10214 10215
f 9954 9953 10215 10216
f 9955 9954 10216 10217
f 9956 9955 10217 10218
f 9957 9956 10218 10219
f 9958 9957 10219 10220
f 9697 9958 10220 9959
f 9960 9959 10221 10222
f 9961 9960 10222 10223
f 9962 9961 10223 10224
f 9963 9962 10224 10225
f 9964 9963 10225 10226
f 9965 9964 10226 10227
f 9966 9965 10227 10228
f 9967 9966 10228 10229
f 9968 9967 10229 10230
f 9969 9968 10230 10231
f 9970 9969 10231 10232
f 9971 9970 10232 10233
f 9972 9971 10233 10234
f 9973 9972 10234 10235
f 9974 9973 10235 10236
f 9975 9974 10236 10237
f 9976 9975 10237 10238
f 9977 9976 10238 10239
f 9978 9977 10239 10240
f 9979 9978 10240 10241
f 9980 9979 10241 10242
f 9981 9980 10242 10243
f 9982 9981 10243 10244
f 9983 9982 10244 10245
f 9984 9983 10245 10246
f 9985 9984 10246 10247
f 9986 9985 10247 10248
f 9987 9986 10248 10249
f 9988 9987 10249 10250
f 9989 9988 10250 10251
f 9990 9989 10251 10252
f 9991 9990 10252 10253
f 9992 9991 10253 10254
f 9993 9992 10254 10255
f 9994 9993 10255 10256
f 9995 9994 10256 10257
f 9996 9995 10257 10258
f 9997 9996 10258 10259
f 9998 9997 10259 10260
f 9999 9998 10260 10261
f 10000 9999 10261 10262
f 10001 10000 10262 10263
f 10002 10001 10263 10264
f 10003 10002 10264 10265
f 10004 10003 10265 10266
f 10005 10004 10266 10267
f 10006 10005 10267 10268
f 10007 10006 10268 10269
f 10008 10007 10269 10270
f 10009 10008 10270 10271
f 10010 10009 10271 10272
f 10011 10010 10272 10273
f 10012 10011 10273 10274
f 10013 10012 10274 10275
f 10014 10013 10275 10276
f 10015 10014 10276 10277
f 10016 10015 10277 10278
f 10017 10016 10278 10279
f 10018 10017 10279 10280
f 10019 10018 10280 10281
f 10020 10019 10281 10282
f 10021 10020 10282 10283
f 10022 10021 10283 10284
f 10023 10022 10284 10285
f 10024 10023 10285 10286
f 10025 10024 10286 10287
f 10026 10025 10287 10288
f 10027 10026 10288 10289
f 10028 10027 10289 10290
f 10029 10028 10290 10291
f 10030 10029 10291 10292
f 10031 10030 10292 10293
f 10032 10031 10293 10294
f 10033 10032 10294 10295
f 10034 10033 10295 10296
f 10035 10034 10296 10297
f 10036 10035 10297 10298
f 10037 10036 10298 10299
f 10038 10037 10299 10300
f 10039 10038 10300 10301
f 10040 10039 10301 10302
f 10041 10040 10302 10303
f 10042 10041 10303 10304
f 10043 10042 10304 10305
f 10044 10043 10305 10306
f 10045 10044 10306 10307
f 10046 10045 10307 10308
f 10047 10046 10308 10309
f 10048 10047 10309 10310
f 10049 10048 10310 10311
f 10050 10049 10311 10312
f 10051 10050 10312 10313
f 10052 10051 10313 10314
f 10053 10052 10314 10315
f 10054 10053 10315 10316
f 10055 10054 10316 10317
f 10056 10055 10317 10318
f 10057 10056 10318 10319
f 10058 10057 10319 10320
f 10059 10058 10320 10321
f 10060 10059 10321 10322
f 10061 10060 10322 10323
f 10062 10061 10323 10324
f 10063 10062 10324 10325
f 10064 10063 10325 10326
f 10065 10064 10326 10327
f 10066 10065 10327 10328
f 10067 10066 10328 10329
f 10068 10067 10329 10330
f 10069 10068 10330 10331
f 10070 10069 10331 10332
f 10071 10070 10332 10333
f 10072 10071 10333 10334
f 10073 10072 10334 10335
f 10074 10073 10335 10336
f 10075 10074 10336 10337
f 10076 10075 10337 10338
f 10077 10076 10338 10339
f 10078 10077 10339 10340
f 10079 10078 10340 10341
f 10080 10079 10341 10342
f 10081 10080 10342 10343
f 10082 10081 10343 10344
f 10083 10082 10344 10345
f 10084 10083 10345 10346
f 10085 10084 10346 10347
f 10086 10085 10347 10348
f 10087 10086 10348 10349
f 10088 10087 10349 10350
f 10089 10088 10350 10351
f 10090 10089 10351 10352
f 10091 10090 10352 10353
f 10092 10091 10353 10354
f 10093 10092 10354 10355
f 10094 10093 10355 10356
f 10095 10094 10356 10357
f 10096 10095 10357 10358
f 10097 10096 10358 10359
f 10098 10097 10359 10360
f 10099 10098 10360 10361
f 10100 10099 10361 10362
f 10101 10100 10362 10363
f 10102 10101 10363 10364
f 10103 10102 10364 10365
f 10104 10103 10365 10366
f 10105 10104 10366 10367
f 10106 10105 10367 10368
f 10107 10106 10368 10369
f 10108 10107 10369 10370
f 10109 10108 10370 10371
f 10110 10109 10371 10372
f 10111 10110 10372 10373
f 10112 10111 10373 10374
f 10113 10112 10374 10375
f 10114 10113 10375 10376
f 10115 10114 10376 10377
f 10116 10115 10377 10378
f 10117 10116 10378 10379
f 10118 10117 10379 10380
f 10119 10118 10380 10381
f 10120 10119 10381 10382
f 10121 10120 10382 10383
f 10122 10121 10383 10384
f 10123 10122 10384 10385
f 10124 10123 10385 10386
f 10125 10124 10386 10387
f 10126 10125 10387 10388
f 10127 10126 10388 10389
f 10128 10127 10389 10390
f 10129 10128 10390 10391
f 10130 10129 10391 10392
f 10131 10130 10392 10393
f 10132 10131 10393 10394
f 10133 10132 10394 10395
f 10134 10133 10395 10396
f 10135 10134 10396 10397
f 10136 10135 10397 10398
f 10137 10136 10398 10399
f 10138 10137 10399 10400
f 10139 10138 10400 10401
f 10140 10139 10401 10402
f 10141 10140 10402 10403
f 10142 10141 10403 10404
f 10143 10142 10404 10405
f 10144 10143 10405 10406
f 10145 10144 10406 10407
f 10146 10145 10407 10408
f 10147 10146 10408 10409
f 10148 10147 10409 10410
f 10149 10148 10410 10411
f 10150 10149 10411 10412
f 10151 10150 10412 10413
f 10152 10151 10413 10414
f 10153 10152 10414 10415
f 10154 10153 10415 10416
f 10155 10154 10416 10417
f 10156 10155 10417 10418
f 10157 10156 10418 10419
f 10158 10157 10419 10420
f 10159 10158 10420 10421
f 10160 10159 10421 10422
f 10161 10160 10422 10423
f 10162 10161 10423 10424
f 10163 10162 10424 10425
f 10164 10163 10425 10426
f 10165 10164 10426 10427
f 10166 10165 10427 10428
f 10167 10166 10428 10429
f 10168 10167 10429 10430
f 10169 10168 10430 10431
f 10170 10169 10431 10432
f 10171 10170 10432 10433
f 10172 10171 10433 10434
f 10173 10172 10434 10435
f 10174 10173 10435 10436
f 10175 10174 10436 10437
f 10176 10175 10437 10438
f 10177 10176 10438 10439
f 10178 10177 10439 10440
f 10179 10178 10440 10441
f 10180 10179 10441 10442
f 10181 10180 10442 10443
f 10182 10181 10443 10444
f 10183 10182 10444 10445
f 10184 10183 10445 10446
f 10185 10184 10446 10447
f 10186 10185 10447 10448
f 10187 10186 10448 10449
f 10188 10187 10449 10450
f 10189 10188 10450 10451
f 10190 10189 10451 10452
f 10191 10190 10452 10453
f 10192 10191 10453 10454
f 10193 10192 10454 10455
f 10194 10193 10455 10456
f 10195 10194 10456 10457
f 10196 10195 10457 10458
f 10197 10196 10458 10459
f 10198 10197 10459 10460
f 10199 10198 10460 10461
f 10200 10199 10461 10462
f 10201 10200 10462 10463
f 10202 10201 10463 10464
f 10203 10202 10464 10465
f 10204 10203 10465 10466
f 10205 10204 10466 10467
f 10206 10205 10467 10468
f 10207 10206 10468 10469
f 10208 10207 10469 10470
f 10209 10208 10470 10471
f 10210 10209 10471 10472
f 10211 10210 10472 10473
f 10212 10211 10473 10474
f 10213 10212 10474 10475
f 10214 10213 10475 10476
f 10215 10214 10476 10477
f 10216 10215 10477 10478
f 10217 10216 10478 10479
f 10218 10217 10479 10480
f 10219 10218 10480 10481
f 10220 10219 10481 10482
f 9959 10220 10482 10221
f 10222 10221 10483 10484
f 10223 10222 10484 10485
f 10224 10223 10485 10486
f 10225 10224 10486 10487
f 10226 10225 10487 10488
f 10227 10226 10488 10489
f 10228 10227 10489 10490
f 10229 10228 10490 10491
f 10230 10229 10491 10492
f 10231 10230 10492 10493
f 10232 10231 10493 10494
f 10233 10232 10494 10495
f 10234 10233 10495 10496
f 10235 10234 10496 10497
f 10236 10235 10497 10498
f 10237 10236 10498 10499
f 10238 10237 10499 10500
f 10239 10238 10500 10501
f 10240 10239 10501 10502
f 10241 10240 10502 10503
f 10242 10241 10503 10504
f 10243 10242 10504 10505
f 10244 10243 10505 10506
f 10245 10244 10506 10507
f 10246 10245 10507 10508
f 10247 10246 10508 10509
f 10248 10247 10509 10510
f 10249 10248 10510 10511
f 10250 10249 10511 10512
f 10251 10250 10512 10513
f 10252 10251 10513 10514
f 10253 10252 10514 10515
f 10254 10253 10515 10516
f 10255 10254 10516 10517
f 10256 10255 10517 10518
f 10257 10256 10518 10519
f 10258 10257 10519 10520
f 10259 10258 10520 10521
f 10260 10259 10521 10522
f 10261 10260 10522 10523
f 10262 10261 10523 10524
f 10263 10262 10524 10525
f 10264 10263 10525 10526
f 10265 10264 10526 10527
f 10266 10265 10527 10528
f 10267 10266 10528 10529
f 10268 10267 10529 10530
f 10269 10268 10530 10531
f 10270 10269 10531 10532
f 10271 10270 10532 10533
f 10272 10271 10533 10534
f 10273 10272 10534 10535
f 10274 10273 10535 10536
f 10275 10274 10536 10537
f 10276 10275 10537 10538
f 10277 10276 10538 10539
f 10278 10277 10539 10540
f 10279 10278 10540 10541
f 10280 10279 10541 10542
f 10281 10280 10542 10543
f 10282 10281 10543 10544
f 10283 10282 10544 10545
f 10284 10283 10545 10546
f 10285 10284 10546 10547
f 10286 10285 10547 10548
f 10287 10286 10548 10549
f 10288 10287 10549 10550
f 10289 10288 10550 10551
f 10290 10289 10551 10552
f 10291 10290 10552 10553
f 10292 10291 10553 10554
f 10293 10292 10554 10555
f 10294 10293 10555 10556
f 10295 10294 10556 10557
f 10296 10295 10557 10558
f 10297 10296 10558 10559
f 10298 10297 10559 10560
f 10299 10298 10560 10561
f 10300 10299 10561 10562
f 10301 10300 10562 10563
f 10302 10301 10563 10564
f 10303 10302 10564 10565
f 10304 10303 10565 10566
f 10305 10304 10566 10567
f 10306 10305 10567 10568
f 10307 10306 10568 10569
f 10308 10307 10569 10570
f 10309 10308 10570 10571
f 10310 10309 10571 10572
f 10311 10310 10572 10573
f 10312 10311 10573 10574
f 10313 10312 10574 10575
f 10314 10313 10575 10576
f 10315 10314 10576 10577
f 10316 10315 10577 10578
f 10317 10316 10578 10579
f 10318 10317 10579 10580
f 10319 10318 10580 10581
f 10320 10319 10581 10582
f 10321 10320 10582 10583
f 10322 10321 10583 10584
f 10323 10322 10584 10585
f 10324 10323 10585 10586
f 10325 10324 10586 10587
f 10326 10325 10587 10588
f 10327 10326 10588 10589
f 10328 10327 10589 10590
f 10329 10328 10590 10591
f 10330 10329 10591 10592
f 10331 10330 10592 10593
f 10332 10331 10593 10594
f 10333 10332 10594 10595
f 10334 10333 10595 10596
f 10335 10334 10596 10597
f 10336 10335 10597 10598
f 10337 10336 10598 10599
f 10338 10337 10599 10600
f 10339 10338 10600 10601
f 10340 10339 10601 10602
f 10341 10340 10602 10603
f 10342 10341 10603 10604
f 10343 10342 10604 10605
f 10344 10343 10605 10606
f 10345 10344 10606 10607
f 10346 10345 10607 10608
f 10347 10346 10608 10609
f 10348 10347 10609 10610
f 10349 10348 10610 10611
f 10350 10349 10611 10612
f 10351 10350 10612 10613
f 10352 10351 10613 10614
f 10353 10352 10614 10615
f 10354 10353 10615 10616
f 10355 10354 10616 10617
f 10356 10355 10617 10618
f 10357 10356 10618 10619
f 10358 10357 10619 10620
f 10359 10358 10620 10621
f 10360 10359 10621 10622
f 10361 10360 10622 10623
f 10362 10361 10623 10624
f 10363 10362 10624 10625
f 10364 10363 10625 10626
f 10365 10364 10626 10627
f 10366 10365 10627 10628
f 10367 10366 10628 10629
f 10368 10367 10629 10630
f 10369 10368 10630 10631
f 10370 10369 10631 10632
f 10371 10370 10632 10633
f 10372 10371 10633 10634
f 10373 10372 10634 10635
f 10374 10373 10635 10636
f 10375 10374 10636 10637
f 10376 10375 10637 10638
f 10377 10376 10638 10639
f 10378 10377 10639 10640
f 10379 10378 10640 10641
f 10380 10379 10641 10642
f 10381 10380 10642 10643
f 10382 10381 10643 10644
f 10383 10382 10644 10645
f 10384 10383 10645 10646
f 10385 10384 10646 10647
f 10386 10385 10647 10648
f 10387 10386 10648 10649
f 10388 10387 10649 10650
f 10389 10388 10650 10651
f 10390 10389 10651 10652
f 10391 10390 10652 10653
f 10392 10391 10653 10654
f 10393 10392 10654 10655
f 10394 10393 10655 10656
f 10395 10394 10656 10657
f 10396 10395 10657 10658
f 10397 10396 10658 10659
f 10398 10397 10659 10660
f 10399 10398 10660 10661
f 10400 10399 10661 10662
f 10401 10400 10662 10663
f 10402 10401 10663 10664
f 10403 10402 10664 10665
f 10404 10403 10665 10666
f 10405 10404 10666 10667
f 10406 10405 10667 10668
f 10407 10406 10668 10669
f 10408 10407 10669 10670
f 10409 10408 10670 10671
f 10410 10409 10671 10672
f 10411 10410 10672 10673
f 10412 10411 10673 10674
f 10413 10412 10674 10675
f 10414 10413 10675 10676
f 10415 10414 10676 10677
f 10416 10415 10677 10678
f 10417 10416 10678 10679
f 10418 10417 10679 10680
f 10419 10418 10680 10681
f 10420 10419 10681 10682
f 10421 10420 10682 10683
f 10422 10421 10683 10684
f 10423 10422 10684 10685
f 10424 10423 10685 10686
f 10425 10424 10686 10687
f 10426 10425 10687 10688
f 10427 10426 10688 10689
f 10428 10427 10689 10690
f 10429 10428 10690 10691
f 10430 10429 10691 10692
f 10431 10430 10692 10693
f 10432 10431 10693 10694
f 10433 10432 10694 10695
f 10434 10433 10695 10696
f 10435 10434 10696 10697
f 10436 10435 10697 10698
f 10437 10436 10698 10699
f 10438 10437 10699 10700
f 10439 10438 10700 10701
f 10440 10439 10701 10702
f 10441 10440 10702 10703
f 10442 10441 10703 10704
f 10443 10442 10704 10705
f 10444 10443 10705 10706
f 10445 10444 10706 10707
f 10446 10445 10707 10708
f 10447 10446 10708 10709
f 10448 10447 10709 10710
f 10449 10448 10710 10711
f 10450 10449 10711 10712
f 10451 10450 10712 10713
f 10452 10451 10713 10714
f 10453 10452 10714 10715
f 10454 10453 10715 10716
f 10455 10454 10716 10717
f 10456 10455 10717 10718
f 10457 10456 10718 10719
f 10458 10457 10719 10720
f 10459 10458 10720 10721
f 10460 10459 10721 10722
f 10461 10460 10722 10723
f 10462 10461 10723 10724
f 10463 10462 10724 10725
f 10464 10463 10725 10726
f 10465 10464 10726 10727
f 10466 10465 10727 10728
f 10467 10466 10728 10729
f 10468 10467 10729 10730
f 10469 10468 10730 10731
f 10470 10469 10731 10732
f 10471 10470 10732 10733
f 10472 10471 10733 10734
f 10473 10472 10734 10735
f 10474 10473 10735 10736
f 10475 10474 10736 10737
f 10476 10475 10737 10738
f 10477 10476 10738 10739
f 10478 10477 10739 10740
f 10479 10478 10740 10741
f 10480 10479 10741 10742
f 10481 10480 10742 10743
f 10482 10481 10743 10744
f 10221 10482 10744 10483
f 10484 10483 10745 10746
f 10485 10484 10746 10747
f 10486 10485 10747 10748
f 10487 10486 10748 10749
f 10488 10487 10749 10750
f 10489 10488 10750 10751
f 10490 10489 10751 10752
f 10491 10490 10752 10753
f 10492 10491 10753 10754
f 10493 10492 10754 10755
f 10494 10493 10755 10756
f 10495 10494 10756 10757
f 10496 10495 10757 10758
f 10497 10496 10758 10759
f 10498 10497 10759 10760
f 10499 10498 10760 10761
f 10500 10499 10761 10762
f 10501 10500 10762 10763
f 10502 10501 10763 10764
f 10503 10502 10764 10765
f 10504 10503 10765 10766
f 10505 10504 10766 10767
f 10506 10505 10767 10768
f 10507 10506 10768 10769
f 10508 10507 10769 10770
f 10509 10508 10770 10771
f 10510 10509 10771 10772
f 10511 10510 10772 10773
f 10512 10511 10773 10774
f 10513 10512 10774 10775
f 10514 10513 10775 10776
f 10515 10514 10776 10777
f 10516 10515 10777 10778
f 10517 10516 10778 10779
f 10518 10517 10779 10780
f 10519 10518 10780 10781
f 10520 10519 10781 10782
f 10521 10520 10782 10783
f 10522 10521 10783 10784
f 10523 10522 10784 10785
f 10524 10523 10785 10786
f 10525 10524 10786 10787
f 10526 10525 10787 10788
f 10527 10526 10788 10789
f 10528 10527 10789 10790
f 10529 10528 10790 10791
f 10530 10529 10791 10792
f 10531 10530 10792 10793
f 10532 10531 10793 10794
f 10533 10532 10794 10795
f 10534 10533 10795 10796
f 10535 10534 10796 10797
f 10536 10535 10797 10798
f 10537 10536 10798 10799
f 10538 10537 10799 10800
f 10539 10538 10800 10801
f 10540 10539 10801 10802
f 10541 10540 10802 10803
f 10542 10541 10803 10804
f 10543 10542 10804 10805
f 10544 10543 10805 10806
f 10545 10544 10806 10807
f 10546 10545 10807 10808
f 10547 10546 10808 10809
f 10548 10547 10809 10810
f 10549 10548 10810 10811
f 10550 10549 10811 10812
f 10551 10550 10812 10813
f 10552 10551 10813 10814
f 10553 10552 10814 10815
f 10554 10553 10815 10816
f 10555 10554 10816 10817
f 10556 10555 10817 10818
f 10557 10556 10818 10819
f 10558 10557 10819 10820
f 10559 10558 10820 10821
f 10560 10559 10821 10822
f 10561 10560 10822 10823
f 10562 10561 10823 10824
f 10563 10562 10824 10825
f 10564 10563 10825 10826
f 10565 10564 10826 10827
f 10566 10565 10827 10828
f 10567 10566 10828 10829
f 10568 10567 10829 10830
f 10569 10568 10830 10831
f 10570 10569 10831 10832
f 10571 10570 10832 10833
f 10572 10571 10833 10834
f 10573 10572 10834 10835
f 10574 10573 10835 10836
f 10575 10574 10836 10837
f 10576 10575 10837 10838
f 10577 10576 10838 10839
f 10578 10577 10839 10840
f 10579 10578 10840 10841
f 10580 10579 10841 10842
f 10581 10580 10842 10843
f 10582 10581 10843 10844
f 10583 10582 10844 10845
f 10584 10583 10845 10846
f 10585 10584 10846 10847
f 10586 10585 10847 10848
f 10587 10586 10848 10849
f 10588 10587 10849 10850
f 10589 10588 10850 10851
f 10590 10589 10851 10852
f 10591 10590 10852 10853
f 10592 10591 10853 10854
f 10593 10592 10854 10855
f 10594 10593 10855 10856
f 10595 10594 10856 10857
f 10596 10595 10857 10858
f 10597 10596 10858 10859
f 10598 10597 10859 10860
f 10599 10598 10860 10861
f 10600 10599 10861 10862
f 10601 10600 10862 10863
f 10602 10601 10863 10864
f 10603 10602 10864 10865
f 10604 10603 10865 10866
f 10605 10604 10866 10867
f 10606 10605 10867 10868
f 10607 10606 10868 10869
f 10608 10607 10869 10870
f 10609 10608 10870 10871
f 10610 10609 10871 10872
f 10611 10610 10872 10873
f 10612 10611 10873 10874
f 10613 10612 10874 10875
f 10614 10613 10875 10876
f 10615 10614 10876 10877
f 10616 10615 10877 10878
f 10617 10616 10878 10879
f 10618 10617 10879 10880
f 10619 10618 10880 10881
f 10620 10619 10881 10882
f 10621 10620 10882 10883
f 10622 10621 10883 10884
f 10623 10622 10884 10885
f 10624 10623 10885 10886
f 10625 10624 10886 10887
f 10626 10625 10887 10888
f 10627 10626 10888 10889
f 10628 10627 10889 10890
f 10629 10628 10890 10891
f 10630 10629 10891 10892
f 10631 10630 10892 10893
f 10632 10631 10893 10894
f 10633 10632 10894 10895
f 10634 10633 10895 10896
f 10635 10634 10896 10897
f 10636 10635 10897 10898
f 10637 10636 10898 10899
f 10638 10637 10899 10900
f 10639 10638 10900 10901
f 10640 10639 10901 10902
f 10641 10640 10902 10903
f 10642 10641 10903 10904
f 10643 10642 10904 10905
f 10644 10643 10905 10906
f 10645 10644 10906 10907
f 10646 10645 10907 10908
f 10647 10646 10908 10909
f 10648 10647 10909 10910
f 10649 10648 10910 10911
f 10650 10649 10911 10912
f 10651 10650 10912 10913
f 10652 10651 10913 10914
f 10653 10652 10914 10915
f 10654 10653 10915 10916
f 10655 10654 10916 10917
f 10656 10655 10917 10918
f 10657 10656 10918 10919
f 10658 10657 10919 10920
f 10659 10658 10920 10921
f 10660 10659 10921 10922
f 10661 10660 10922 10923
f 10662 10661 10923 10924
f 10663 10662 10924 10925
f 10664 10663 10925 10926
f 10665 10664 10926 10927
f 10666 10665 10927 10928
f 10667 10666 10928 10929
f 10668 10667 10929 10930
f 10669 10668 10930 10931
f 10670 10669 10931 10932
f 10671 10670 10932 10933
f 10672 10671 10933 10934
f 10673 10672 10934 10935
f 10674 10673 10935 10936
f 10675 10674 10936 10937
f 10676 10675 10937 10938
f 10677 10676 10938 10939
f 10678 10677 10939 10940
f 10679 10678 10940 10941
f 10680 10679 10941 10942
f 10681 10680 10942 10943
f 10682 10681 10943 10944
f 10683 10682 10944 10945
f 10684 10683 10945 10946
f 10685 10684 10946 10947
f 10686 10685 10947 10948
f 10687 10686 10948 10949
f 10688 10687 10949 10950
f 10689 10688 10950 10951
f 10690 10689 10951 10952
f 10691 10690 10952 10953
f 10692 10691 10953 10954
f 10693 10692 10954 10955
f 10694 10693 10955 10956
f 10695 10694 10956 10957
f 10696 10695 10957 10958
f 10697 10696 10958 10959
f 10698 10697 10959 10960
f 10699 10698 10960 10961
f 10700 10699 10961 10962
f 10701 10700 10962 10963
f 10702 10701 10963 10964
f 10703 10702 10964 10965
f 10704 10703 10965 10966
f 10705 10704 10966 10967
f 10706 10705 10967 10968
f 10707 10706 10968 10969
f 10708 10707 10969 10970
f 10709 10708 10970 10971
f 10710 10709 10971 10972
f 10711 10710 10972 10973
f 10712 10711 10973 10974
f 10713 10712 10974 10975
f 10714 10713 10975 10976
f 10715 10714 10976 10977
f 10716 10715 10977 10978
f 10717 10716 10978 10979
f 10718 10717 10979 10980
f 10719 10718 10980 10981
f 10720 10719 10981 10982
f 10721 10720 10982 10983
f 10722 10721 10983 10984
f 10723 10722 10984 10985
f 10724 10723 10985 10986
f 10725 10724 10986 10987
f 10726 10725 10987 10988
f 10727 10726 10988 10989
f 10728 10727 10989 10990
f 10729 10728 10990 10991
f 10730 10729 10991 10992
f 10731 10730 10992 10993
f 10732 10731 10993 10994
f 10733 10732 10994 10995
f 10734 10733 10995 10996
f 10735 10734 10996 10997
f 10736 10735 10997 10998
f 10737 10736 10998 10999
f 10738 10737 10999 11000
f 10739 10738 11000 11001
f 10740 10739 11001 11002
f 10741 10740 11002 11003
f 10742 10741 11003 11004
f 10743 10742 11004 11005
f 10744 10743 11005 11006
f 10483 10744 11006 10745
f 10746 10745 11007 11008
f 10747 10746 11008 11009
f 10748 10747 11009 11010
f 10749 10748 11010 11011
f 10750 10749 11011 11012
f 10751 10750 11012 11013
f 10752 10751 11013 11014
f 10753 10752 11014 11015
f 10754 10753 11015 11016
f 10755 10754 11016 11017
f 10756 10755 11017 11018
f 10757 10756 11018 11019
f 10758 10757 11019 11020
f 10759 10758 11020 11021
f 10760 10759 11021 11022
f 10761 10760 11022 11023
f 10762 10761 11023 11024
f 10763 10762 11024 11025
f 10764 10763 11025 11026
f 10765 10764 11026 11027
f 10766 10765 11027 11028
f 10767 10766 11028 11029
f 10768 10767 11029 11030
f 10769 10768 11030 11031
f 10770 10769 11031 11032
f 10771 10770 11032 11033
f 10772 10771 11033 11034
f 10773 10772 11034 11035
f 10774 10773 11035 11036
f 10775 10774 11036 11037
f 10776 10775 11037 11038
f 10777 10776 11038 11039
f 10778 10777 11039 11040
f 10779 10778 11040 11041
f 10780 10779 11041 11042
f 10781 10780 11042 11043
f 10782 10781 11043 11044
f 10783 10782 11044 11045
f 10784 10783 11045 11046
f 10785 10784 11046 11047
f 10786 10785 11047 11048
f 10787 10786 11048 11049
f 10788 10787 11049 11050
f 10789 10788 11050 11051
f 10790 10789 11051 11052
f 10791 10790 11052 11053
f 10792 10791 11053 11054
f 10793 10792 11054 11055
f 10794 10793 11055 11056
f 10795 10794 11056 11057
f 10796 10795 11057 11058
f 10797 10796 11058 11059
f 10798 10797 11059 11060
f 10799 10798 11060 11061
f 10800 10799 11061 11062
f 10801 10800 11062 11063
f 10802 10801 11063 11064
f 10803 10802 11064 11065
f 10804 10803 11065 11066
f 10805 10804 11066 11067
f 10806 10805 11067 11068
f 10807 10806 11068 11069
f 10808 10807 11069 11070
f 10809 10808 11070 11071
f 10810 10809 11071 11072
f 10811 10810 11072 11073
f 10812 10811 11073 11074
f 10813 10812 11074 11075
f 10814 10813 11075 11076
f 10815 10814 11076 11077
f 10816 10815 11077 11078
f 10817 10816 11078 11079
f 10818 10817 11079 11080
f 10819 10818 11080 11081
f 10820 10819 11081 11082
f 10821 10820 11082 11083
f 10822 10821 11083 11084
f 10823 10822 11084 11085
f 10824 10823 11085 11086
f 10825 10824 11086 11087
f 10826 10825 11087 11088
f 10827 10826 11088 11089
f 10828 10827 11089 11090
f 10829 10828 11090 11091
f 10830 10829 11091 11092
f 10831 10830 11092 11093
f 10832 10831 11093 11094
f 10833 10832 11094 11095
f 10834 10833 11095 11096
f 10835 10834 11096 11097
f 10836 10835 11097 11098
f 10837 10836 11098 11099
f 10838 10837 11099 11100
f 10839 10838 11100 11101
f 10840 10839 11101 11102
f 10841 10840 11102 11103
f 10842 10841 11103 11104
f 10843 10842 11104 11105
f 10844 10843 11105 11106
f 10845 10844 11106 11107
f 10846 10845 11107 11108
f 10847 10846 11108 11109
f 10848 10847 11109 11110
f 10849 10848 11110 11111
f 10850 10849 11111 11112
f 10851 10850 11112 11113
f 10852 10851 11113 11114
f 10853 10852 11114 11115
f 10854 10853 11115 11116
f 10855 10854 11116 11117
f 10856 10855 11117 11118
f 10857 10856 11118 11119
f 10858 10857 11119 11120
f 10859 10858 11120 11121
f 10860 10859 11121 11122
f 10861 10860 11122 11123
f 10862 10861 11123 11124
f 10863 10862 11124 11125
f 10864 10863 11125 11126
f 10865 10864 11126 11127
f 10866 10865 11127 11128
f 10867 10866 11128 11129
f 10868 10867 11129 11130
f 10869 10868 11130 11131
f 10870 10869 11131 11132
f 10871 10870 11132 11133
f 10872 10871 11133 11134
f 10873 10872 11134 11135
f 10874 10873 11135 11136
f 10875 10874 11136 11137
f 10876 10875 11137 11138
f 10877 10876 11138 11139
f 10878 10877 11139 11140
f 10879 10878 11140 11141
f 10880 10879 11141 11142
f 10881 10880 11142 11143
f 10882 10881 11143 11144
f 10883 10882 11144 11145
f 10884 10883 11145 11146
f 10885 10884 11146 11147
f 10886 10885 11147 11148
f 10887 10886 11148 11149
f 10888 10887 11149 11150
f 10889 10888 11150 11151
f 10890 10889 11151 11152
f 10891 10890 11152 11153
f 10892 10891 11153 11154
f 10893 10892 11154 11155
f 10894 10893 11155 11156
f 10895 10894 11156 11157
f 10896 10895 11157 11158
f 10897 10896 11158 11159
f 10898 10897 11159 11160
f 10899 10898 11160 11161
f 10900 10899 11161 11162
f 10901 10900 11162 11163
f 10902 10901 11163 11164
f 10903 10902 11164 11165
f 10904 10903 11165 11166
f 10905 10904 11166 11167
f 10906 10905 11167 11168
f 10907 10906 11168 11169
f 10908 10907 11169 11170
f 10909 10908 11170 11171
f 10910 10909 11171 11172
f 10911 10910 11172 11173
f 10912 10911 11173 11174
f 10913 10912 11174 11175
f 10914 10913 11175 11176
f 10915 10914 11176 11177
f 10916 10915 11177 11178
f 10917 10916 11178 11179
f 10918 10917 11179 11180
f 10919 10918 11180 11181
f 10920 10919 11181 11182
f 10921 10920 11182 11183
f 10922 10921 11183 11184
f 10923 10922 11184 11185
f 10924 10923 11185 11186
f 10925 10924 11186 11187
f 10926 10925 11187 11188
f 10927 10926 11188 11189
f 10928 10927 11189 11190
f 10929 10928 11190 11191
f 10930 10929 11191 11192
f 10931 10930 11192 11193
f 10932 10931 11193 11194
f 10933 10932 11194 11195
f 10934 10933 11195 11196
f 10935 10934 11196 11197
f 10936 10935 11197 11198
f 10937 10936 11198 11199
f 10938 10937 11199 11200
f 10939 10938 11200 11201
f 10940 10939 11201 11202
f 10941 10940 11202 11203
f 10942 10941 11203 11204
f 10943 10942 11204 11205
f 10944 10943 11205 11206
f 10945 10944 11206 11207
f 10946 10945 11207 11208
f 10947 10946 11208 11209
f 10948 10947 11209 11210
f 10949 10948 11210 11211
f 10950 10949 11211 11212
f 10951 10950 11212 11213
f 10952 10951 11213 11214
f 10953 10952 11214 11215
f 10954 10953 11215 11216
f 10955 10954 11216 11217
f 10956 10955 11217 11218
f 10957 10956 11218 11219
f 10958 10957 11219 11220
f 10959 10958 11220 11221
f 10960 10959 11221 11222
f 10961 10960 11222 11223
f 10962 10961 11223 11224
f 10963 10962 11224 11225
f 10964 10963 11225 11226
f 10965 10964 11226 11227
f 10966 10965 11227 11228
f 10967 10966 11228 11229
f 10968 10967 11229 11230
f 10969 10968 11230 11231
f 10970 10969 11231 11232
f 10971 10970 11232 11233
f 10972 10971 11233 11234
f 10973 10972 11234 11235
f 10974 10973 11235 11236
f 10975 10974 11236 11237
f 10976 10975 11237 11238
f 10977 10976 11238 11239
f 10978 10977 11239 11240
f 10979 10978 11240 11241
f 10980 10979 11241 11242
f 10981 10980 11242 11243
f 10982 10981 11243 11244
f 10983 10982 11244 11245
f 10984 10983 11245 11246
f 10985 10984 11246 11247
f 10986 10985 11247 11248
f 10987 10986 11248 11249
f 10988 10987 11249 11250
f 10989 10988 11250 11251
f 10990 10989 11251 11252
f 10991 10990 11252 11253
f 10992 10991 11253 11254
f 10993 10992 11254 11255
f 10994 10993 11255 11256
f 10995 10994 11256 11257
f 10996 10995 11257 11258
f 10997 10996 11258 11259
f 10998 10997 11259 11260
f 10999 10998 11260 11261
f 11000 10999 11261 11262
f 11001 11000 11262 11263
f 11002 11001 11263 11264
f 11003 11002 11264 11265
f 11004 11003 11265 11266
f 11005 11004 11266 11267
f 11006 11005 11267 11268
f 10745 11006 11268 11007
f 11008 11007 11269 11270
f 11009 11008 11270 11271
f 11010 11009 11271 11272
f 11011 11010 11272 11273
f 11012 11011 11273 11274
f 11013 11012 11274 11275
f 11014 11013 11275 11276
f 11015 11014 11276 11277
f 11016 11015 11277 11278
f 11017 11016 11278 11279
f 11018 11017 11279 11280
f 11019 11018 11280 11281
f 11020 11019 11281 11282
f 11021 11020 11282 11283
f 11022 11021 11283 11284
f 11023 11022 11284 11285
f 11024 11023 11285 11286
f 11025 11024 11286 11287
f 11026 11025 11287 11288
f 11027 11026 11288 11289
f 11028 11027 11289 11290
f 11029 11028 11290 11291
f 11030 11029 11291 11292
f 11031 11030 11292 11293
f 11032 11031 11293 11294
f 11033 11032 11294 11295
f 11034 11033 11295 11296
f 11035 11034 11296 11297
f 11036 11035 11297 11298
f 11037 11036 11298 11299
f 11038 11037 11299 11300
f 11039 11038 11300 11301
f 11040 11039 11301 11302
f 11041 11040 11302 11303
f 11042 11041 11303 11304
f 11043 11042 11304 11305
f 11044 11043 11305 11306
f 11045 11044 11306 11307
f 11046 11045 11307 11308
f 11047 11046 11308 11309
f 11048 11047 11309 11310
f 11049 11048 11310 11311
f 11050 11049 11311 11312
f 11051 11050 11312 11313
f 11052 11051 11313 11314
f 11053 11052 11314 11315
f 11054 11053 11315 11316
f 11055 11054 11316 11317
f 11056 11055 11317 11318
f 11057 11056 11318 11319
f 11058 11057 11319 11320
f 11059 11058 11320 11321
f 11060 11059 11321 11322
f 11061 11060 11322 11323
f 11062 11061 11323 11324
f 11063 11062 11324 11325
f 11064 11063 11325 11326
f 11065 11064 11326 11327
f 11066 11065 11327 11328
f 11067 11066 11328 11329
f 11068 11067 11329 11330
f 11069 11068 11330 11331
f 11070 11069 11331 11332
f 11071 11070 11332 11333
f 11072 11071 11333 11334
f 11073 11072 11334 11335
f 11074 11073 11335 11336
f 11075 11074 11336 11337
f 11076 11075 11337 11338
f 11077 11076 11338 11339
f 11078 11077 11339 11340
f 11079 11078 11340 11341
f 11080 11079 11341 11342
f 11081 11080 11342 11343
f 11082 11081 11343 11344
f 11083 11082 11344 11345
f 11084 11083 11345 11346
f 11085 11084 11346 11347
f 11086 11085 11347 11348
f 11087 11086 11348 11349
f 11088 11087 11349 11350
f 11089 11088 11350 11351
f 11090 11089 11351 11352
f 11091 11090 11352 11353
f 11092 11091 11353 11354
f 11093 11092 11354 11355
f 11094 11093 11355 11356
f 11095 11094 11356 11357
f 11096 11095 11357 11358
f 11097 11096 11358 11359
f 11098 11097 11359 11360
f 11099 11098 11360 11361
f 11100 11099 11361 11362
f 11101 11100 11362 11363
f 11102 11101 11363 11364
f 11103 11102 11364 11365
f 11104 11103 11365 11366
f 11105 11104 11366 11367
f 11106 11105 11367 11368
f 11107 11106 11368 11369
f 11108 11107 11369 11370
f 11109 11108 11370 11371
f 11110 11109 11371 11372
f 11111 11110 11372 11373
f 11112 11111 11373 11374
f 11113 11112 11374 11375
f 11114 11113 11375 11376
f 11115 11114 11376 11377
f 11116 11115 11377 11378
f 11117 11116 11378 11379
f 11118 11117 11379 11380
f 11119 11118 11380 11381
f 11120 11119 11381 11382
f 11121 11120 11382 11383
f 11122 11121 11383 11384
f 11123 11122 11384 11385
f 11124 11123 11385 11386
f 11125 11124 11386 11387
f 11126 11125 11387 11388
f 11127 11126 11388 11389
f 11128 11127 11389 11390
f 11129 11128 11390 11391
f 11130 11129 11391 11392
f 11131 11130 11392 11393
f 11132 11131 11393 11394
f 11133 11132 11394 11395
f 11134 11133 11395 11396
f 11135 11134 11396 11397
f 11136 11135 11397 11398
f 11137 11136 11398 11399
f 11138 11137 11399 11400
f 11139 11138 11400 11401
f 11140 11139 11401 11402
f 11141 11140 11402 11403
f 11142 11141 11403 11404
f 11143 11142 11404 11405
f 11144 11143 11405 11406
f 11145 11144 11406 11407
f 11146 11145 11407 11408
f 11147 11146 11408 11409
f 11148 11147 11409 11410
f 11149 11148 11410 11411
f 11150 11149 11411 11412
f 11151 11150 11412 11413
f 11152 11151 11413 11414
f 11153 11152 11414 11415
f 11154 11153 11415 11416
f 11155 11154 11416 11417
f 11156 11155 11417 11418
f 11157 11156 11418 11419
f 11158 11157 11419 11420
f 11159 11158 11420 11421
f 11160 11159 11421 11422
f 11161 11160 11422 11423
f 11162 11161 11423 11424
f 11163 11162 11424 11425
f 11164 11163 11425 11426
f 11165 11164 11426 11427
f 11166 11165 11427 11428
f 11167 11166 11428 11429
f 11168 11167 11429 11430
f 11169 11168 11430 11431
f 11170 11169 11431 11432
f 11171 11170 11432 11433
f 11172 11171 11433 11434
f 11173 11172 11434 11435
f 11174 11173 11435 11436
f 11175 11174 11436 11437
f 11176 11175 11437 11438
f 11177 11176 11438 11439
f 11178 11177 11439 11440
f 11179 11178 11440 11441
f 11180 11179 11441 11442
f 11181 11180 11442 11443
f 11182 11181 11443 11444
f 11183 11182 11444 11445
f 11184 11183 11445 11446
f 11185 11184 11446 11447
f 11186 11185 11447 11448
f 11187 11186 11448 11449
f 11188 11187 11449 11450
f 11189 11188 11450 11451
f 11190 11189 11451 11452
f 11191 11190 11452 11453
f 11192 11191 11453 11454
f 11193 11192 11454 11455
f 11194 11193 11455 11456
f 11195 11194 11456 11457
f 11196 11195 11457 11458
f 11197 11196 11458 11459
f 11198 11197 11459 11460
f 11199 11198 11460 11461
f 11200 11199 11461 11462
f 11201 11200 11462 11463
f 11202 11201 11463 11464
f 11203 11202 11464 11465
f 11204 11203 11465 11466
f 11205 11204 11466 11467
f 11206 11205 11467 11468
f 11207 11206 11468 11469
f 11208 11207 11469 11470
f 11209 11208 11470 11471
f 11210 11209 11471 11472
f 11211 11210 11472 11473
f 11212 11211 11473 11474
f 11213 11212 11474 11475
f 11214 11213 11475 11476
f 11215 11214 11476 11477
f 11216 11215 11477 11478
f 11217 11216 11478 11479
f 11218 11217 11479 11480
f 11219 11218 11480 11481
f 11220 11219 11481 11482
f 11221 11220 11482 11483
f 11222 11221 11483 11484
f 11223 11222 11484 11485
f 11224 11223 11485 11486
f 11225 11224 11486 11487
f 11226 11225 11487 11488
f 11227 11226 11488 11489
f 11228 11227 11489 11490
f 11229 11228 11490 11491
f 11230 11229 11491 11492
f 11231 11230 11492 11493
f 11232 11231 11493 11494
f 11233 11232 11494 11495
f 11234 11233 11495 11496
f 11235 11234 11496 11497
f 11236 11235 11497 11498
f 11237 11236 11498 11499
f 11238 11237 11499 11500
f 11239 11238 11500 11501
f 11240 11239 11501 11502
f 11241 11240 11502 11503
f 11242 11241 11503 11504
f 11243 11242 11504 11505
f 11244 11243 11505 11506
f 11245 11244 11506 11507
f 11246 11245 11507 11508
f 11247 11246 11508 11509
f 11248 11247 11509 11510
f 11249 11248 11510 11511
f 11250 11249 11511 11512
f 11251 11250 11512 11513
f 11252 11251 11513 11514
f 11253 11252 11514 11515
f 11254 11253 11515 11516
f 11255 11254 11516 11517
f 11256 11255 11517 11518
f 11257 11256 11518 11519
f 11258 11257 11519 11520
f 11259 11258 11520 11521
f 11260 11259 11521 11522
f 11261 11260 11522 11523
f 11262 11261 11523 11524
f 11263 11262 11524 11525
f 11264 11263 11525 11526
f 11265 11264 11526 11527
f 11266 11265 11527 11528
f 11267 11266 11528 11529
f 11268 11267 11529 11530
f 11007 11268 11530 11269
f 11270 11269 11531 11532
f 11271 11270 11532 11533
f 11272 11271 11533 11534
f 11273 11272 11534 11535
f 11274 11273 11535 11536
f 11275 11274 11536 11537
f 11276 11275 11537 11538
f 11277 11276 11538 11539
f 11278 11277 11539 11540
f 11279 11278 11540 11541
f 11280 11279 11541 11542
f 11281 11280 11542 11543
f 11282 11281 11543 11544
f 11283 11282 11544 11545
f 11284 11283 11545 11546
f 11285 11284 11546 11547
f 11286 11285 11547 11548
f 11287 11286 11548 11549
f 11288 11287 11549 11550
f 11289 11288 11550 11551
f 11290 11289 11551 11552
f 11291 11290 11552 11553
f 11292 11291 11553 11554
f 11293 11292 11554 11555
f 11294 11293 11555 11556
f 11295 11294 11556 11557
f 11296 11295 11557 11558
f 11297 11296 11558 11559
f 11298 11297 11559 11560
f 11299 11298 11560 11561
f 11300 11299 11561 11562
f 11301 11300 11562 11563
f 11302 11301 11563 11564
f 11303 11302 11564 11565
f 11304 11303 11565 11566
f 11305 11304 11566 11567
f 11306 11305 11567 11568
f 11307 11306 11568 11569
f 11308 11307 11569 11570
f 11309 11308 11570 11571
f 11310 11309 11571 11572
f 11311 11310 11572 11573
f 11312 11311 11573 11574
f 11313 11312 11574 11575
f 11314 11313 11575 11576
f 11315 11314 11576 11577
f 11316 11315 11577 11578
f 11317 11316 11578 11579
f 11318 11317 11579 11580
f 11319 11318 11580 11581
f 11320 11319 11581 11582
f 11321 11320 11582 11583
f 11322 11321 11583 11584
f 11323 11322 11584 11585
f 11324 11323 11585 11586
f 11325 11324 11586 11587
f 11326 11325 11587 11588
f 11327 11326 11588 11589
f 11328 11327 11589 11590
f 11329 11328 11590 11591
f 11330 11329 11591 11592
f 11331 11330 11592 11593
f 11332 11331 11593 11594
f 11333 11332 11594 11595
f 11334 11333 11595 11596
f 11335 11334 11596 11597
f 11336 11335 11597 11598
f 11337 11336 11598 11599
f 11338 11337 11599 11600
f 11339 11338 11600 11601
f 11340 11339 11601 11602
f 11341 11340 11602 11603
f 11342 11341 11603 11604
f 11343 11342 11604 11605
f 11344 11343 11605 11606
f 11345 11344 11606 11607
f 11346 11345 11607 11608
f 11347 11346 11608 11609
f 11348 11347 11609 11610
f 11349 11348 11610 11611
f 11350 11349 11611 11612
f 11351 11350 11612 11613
f 11352 11351 11613 11614
f 11353 11352 11614 11615
f 11354 11353 11615 11616
f 11355 11354 11616 11617
f 11356 11355 11617 11618
f 11357 11356 11618 11619
f 11358 11357 11619 11620
f 11359 11358 11620 11621
f 11360 11359 11621 11622
f 11361 11360 11622 11623
f 11362 11361 11623 11624
f 11363 11362 11624 11625
f 11364 11363 11625 11626
f 11365 11364 11626 11627
f 11366 11365 11627 11628
f 11367 11366 11628 11629
f 11368 11367 11629 11630
f 11369 11368 11630 11631
f 11370 11369 11631 11632
f 11371 11370 11632 11633
f 11372 11371 11633 11634
f 11373 11372 11634 11635
f 11374 11373 11635 11636
f 11375 11374 11636 11637
f 11376 11375 11637 11638
f 11377 11376 11638 11639
f 11378 11377 11639 11640
f 11379 11378 11640 11641
f 11380 11379 11641 11642
f 11381 11380 11642 11643
f 11382 11381 11643 11644
f 11383 11382 11644 11645
f 11384 11383 11645 11646
f 11385 11384 11646 11647
f 11386 11385 11647 11648
f 11387 11386 11648 11649
f 11388 11387 11649 11650
f 11389 11388 11650 11651
f 11390 11389 11651 11652
f 11391 11390 11652 11653
f 11392 11391 11653 11654
f 11393 11392 11654 11655
f 11394 11393 11655 11656
f 11395 11394 11656 11657
f 11396 11395 11657 11658
f 11397 11396 11658 11659
f 11398 11397 11659 11660
f 11399 11398 11660 11661
f 11400 11399 11661 11662
f 11401 11400 11662 11663
f 11402 11401 11663 11664
f 11403 11402 11664 11665
f 11404 11403 11665 11666
f 11405 11404 11666 11667
f 11406 11405 11667 11668
f 11407 11406 11668 11669
f 11408 11407 11669 11670
f 11409 11408 11670 11671
f 11410 11409 11671 11672
f 11411 11410 11672 11673
f 11412 11411 11673 11674
f 11413 11412 11674 11675
f 11414 11413 11675 11676
f 11415 11414 11676 11677
f 11416 11415 11677 11678
f 11417 11416 11678 11679
f 11418 11417 11679 11680
f 11419 11418 11680 11681
f 11420 11419 11681 11682
f 11421 11420 11682 11683
f 11422 11421 11683 11684
f 11423 11422 11684 11685
f 11424 11423 11685 11686
f 11425 11424 11686 11687
f 11426 11425 11687 11688
f 11427 11426 11688 11689
f 11428 11427 11689 11690
f 11429 11428 11690 11691
f 11430 11429 11691 11692
f 11431 11430 11692 11693
f 11432 11431 11693 11694
f 11433 11432 11694 11695
f 11434 11433 11695 11696
f 11435 11434 11696 11697
f 11436 11435 11697 11698
f 11437 11436 11698 11699
f 11438 11437 11699 11700
f 11439 11438 11700 11701
f 11440 11439 11701 11702
f 11441 11440 11702 11703
f 11442 11441 11703 11704
f 11443 11442 11704 11705
f 11444 11443 11705 11706
f 11445 11444 11706 11707
f 11446 11445 11707 11708
f 11447 11446 11708 11709
f 11448 11447 11709 11710
f 11449 11448 11710 11711
f 11450 11449 11711 11712
f 11451 11450 11712 11713
f 11452 11451 11713 11714
f 11453 11452 11714 11715
f 11454 11453 11715 11716
f 11455 11454 11716 11717
f 11456 11455 11717 11718
f 11457 11456 11718 11719
f 11458 11457 11719 11720
f 11459 11458 11720 11721
f 11460 11459 11721 11722
f 11461 11460 11722 11723
f 11462 11461 11723 11724
f 11463 11462 11724 11725
f 11464 11463 11725 11726
f 11465 11464 11726 11727
f 11466 11465 11727 11728
f 11467 11466 11728 11729
f 11468 11467 11729 11730
f 11469 11468 11730 11731
f 11470 11469 11731 11732
f 11471 11470 11732 11733
f 11472 11471 11733 11734
f 11473 11472 11734 11735
f 11474 11473 11735 11736
f 11475 11474 11736 11737
f 11476 11475 11737 11738
f 11477 11476 11738 11739
f 11478 11477 11739 11740
f 11479 11478 11740 11741
f 11480 11479 11741 11742
f 11481 11480 11742 11743
f 11482 11481 11743 11744
f 11483 11482 11744 11745
f 11484 11483 11745 11746
f 11485 11484 11746 11747
f 11486 11485 11747 11748
f 11487 11486 11748 11749
f 11488 11487 11749 11750
f 11489 11488 11750 11751
f 11490 11489 11751 11752
f 11491 11490 11752 11753
f 11492 11491 11753 11754
f 11493 11492 11754 11755
f 11494 11493 11755 11756
f 11495 11494 11756 11757
f 11496 11495 11757 11758
f 11497 11496 11758 11759
f 11498 11497 11759 11760
f 11499 11498 11760 11761
f 11500 11499 11761 11762
f 11501 11500 11762 11763
f 11502 11501 11763 11764
f 11503 11502 11764 11765
f 11504 11503 11765 11766
f 11505 11504 11766 11767
f 11506 11505 11767 11768
f 11507 11506 11768 11769
f 11508 11507 11769 11770
f 11509 11508 11770 11771
f 11510 11509 11771 11772
f 11511 11510 11772 11773
f 11512 11511 11773 11774
f 11513 11512 11774 11775
f 11514 11513 11775 11776
f 11515 11514 11776 11777
f 11516 11515 11777 11778
f 11517 11516 11778 11779
f 11518 11517 11779 11780
f 11519 11518 11780 11781
f 11520 11519 11781 11782
f 11521 11520 11782 11783
f 11522 11521 11783 11784
f 11523 11522 11784 11785
f 11524 11523 11785 11786
f 11525 11524 11786 11787
f 11526 11525 11787 11788
f 11527 11526 11788 11789
f 11528 11527 11789 11790
f 11529 11528 11790 11791
f 11530 11529 11791 11792
f 11269 11530 11792 11531
f 11532 11531 11793 11794
f 11533 11532 11794 11795
f 11534 11533 11795 11796
f 11535 11534 11796 11797
f 11536 11535 11797 11798
f 11537 11536 11798 11799
f 11538 11537 11799 11800
f 11539 11538 11800 11801
f 11540 11539 11801 11802
f 11541 11540 11802 11803
f 11542 11541 11803 11804
f 11543 11542 11804 11805
f 11544 11543 11805 11806
f 11545 11544 11806 11807
f 11546 11545 11807 11808
f 11547 11546 11808 11809
f 11548 11547 11809 11810
f 11549 11548 11810 11811
f 11550 11549 11811 11812
f 11551 11550 11812 11813
f 11552 11551 11813 11814
f 11553 11552 11814 11815
f 11554 11553 11815 11816
f 11555 11554 11816 11817
f 11556 11555 11817 11818
f 11557 11556 11818 11819
f 11558 11557 11819 11820
f 11559 11558 11820 11821
f 11560 11559 11821 11822
f 11561 11560 11822 11823
f 11562 11561 11823 11824
f 11563 11562 11824 11825
f 11564 11563 11825 11826
f 11565 11564 11826 11827
f 11566 11565 11827 11828
f 11567 11566 11828 11829
f 11568 11567 11829 11830
f 11569 11568 11830 11831
f 11570 11569 11831 11832
f 11571 11570 11832 11833
f 11572 11571 11833 11834
f 11573 11572 11834 11835
f 11574 11573 11835 11836
f 11575 11574 11836 11837
f 11576 11575 11837 11838
f 11577 11576 11838 11839
f 11578 11577 11839 11840
f 11579 11578 11840 11841
f 11580 11579 11841 11842
f 11581 11580 11842 11843
f 11582 11581 11843 11844
f 11583 11582 11844 11845
f 11584 11583 11845 11846
f 11585 11584 11846 11847
f 11586 11585 11847 11848
f 11587 11586 11848 11849
f 11588 11587 11849 11850
f 11589 11588 11850 11851
f 11590 11589 11851 11852
f 11591 11590 11852 11853
f 11592 11591 11853 11854
f 11593 11592 11854 11855
f 11594 11593 11855 11856
f 11595 11594 11856 11857
f 11596 11595 11857 11858
f 11597 11596 11858 11859
f 11598 11597 11859 11860
f 11599 11598 11860 11861
f 11600 11599 11861 11862
f 11601 11600 11862 11863
f 11602 11601 11863 11864
f 11603 11602 11864 11865
f 11604 11603 11865 11866
f 11605 11604 11866 11867
f 11606 11605 11867 11868
f 11607 11606 11868 11869
f 11608 11607 11869 11870
f 11609 11608 11870 11871
f 11610 11609 11871 11872
f 11611 11610 11872 11873
f 11612 11611 11873 11874
f 11613 11612 11874 11875
f 11614 11613 11875 11876
f 11615 11614 11876 11877
f 11616 11615 11877 11878
f 11617 11616 11878 11879
f 11618 11617 11879 11880
f 11619 11618 11880 11881
f 11620 11619 11881 11882
f 11621 11620 11882 11883
f 11622 11621 11883 11884
f 11623 11622 11884 11885
f 11624 11623 11885 11886
f 11625 11624 11886 11887
f 11626 11625 11887 11888
f 11627 11626 11888 11889
f 11628 11627 11889 11890
f 11629 11628 11890 11891
f 11630 11629 11891 11892
f 11631 11630 11892 11893
f 11632 11631 11893 11894
f 11633 11632 11894 11895
f 11634 11633 11895 11896
f 11635 11634 11896 11897
f 11636 11635 11897 11898
f 11637 11636 11898 11899
f 11638 11637 11899 11900
f 11639 11638 11900 11901
f 11640 11639 11901 11902
f 11641 11640 11902 11903
f 11642 11641 11903 11904
f 11643 11642 11904 11905
f 11644 11643 11905 11906
f 11645 11644 11906 11907
f 11646 11645 11907 11908
f 11647 11646 11908 11909
f 11648 11647 11909 11910
f 11649 11648 11910 11911
f 11650 11649 11911 11912
f 11651 11650 11912 11913
f 11652 11651 11913 11914
f 11653 11652 11914 11915
f 11654 11653 11915 11916
f 11655 11654 11916 11917
f 11656 11655 11917 11918
f 11657 11656 11918 11919
f 11658 11657 11919 11920
f 11659 11658 11920 11921
f 11660 11659 11921 11922
f 11661 11660 11922 11923
f 11662 11661 11923 11924
f 11663 11662 11924 11925
f 11664 11663 11925 11926
f 11665 11664 11926 11927
f 11666 11665 11927 11928
f 11667 11666 11928 11929
f 11668 11667 11929 11930
f 11669 11668 11930 11931
f 11670 11669 11931 11932
f 11671 11670 11932 11933
f 11672 11671 11933 11934
f 11673 11672 11934 11935
f 11674 11673 11935 11936
f 11675 11674 11936 11937
f 11676 11675 11937 11938
f 11677 11676 11938 11939
f 11678 11677 11939 11940
f 11679 11678 11940 11941
f 11680 11679 11941 11942
f 11681 11680 11942 11943
f 11682 11681 11943 11944
f 11683 11682 11944 11945
f 11684 11683 11945 11946
f 11685 11684 11946 11947
f 11686 11685 11947 11948
f 11687 11686 11948 11949
f 11688 11687 11949 11950
f 11689 11688 11950 11951
f 11690 11689 11951 11952
f 11691 11690 11952 11953
f 11692 11691 11953 11954
f 11693 11692 11954 11955
f 11694 11693 11955 11956
f 11695 11694 11956 11957
f 11696 11695 11957 11958
f 11697 11696 11958 11959
f 11698 11697 11959 11960
f 11699 11698 11960 11961
f 11700 11699 11961 11962
f 11701 11700 11962 11963
f 11702 11701 11963 11964
f 11703 11702 11964 11965
f 11704 11703 11965 11966
f 11705 11704 11966 11967
f 11706 11705 11967 11968
f 11707 11706 11968 11969
f 11708 11707 11969 11970
f 11709 11708 11970 11971
f 11710 11709 11971 11972
f 11711 11710 11972 11973
f 11712 11711 11973 11974
f 11713 11712 11974 11975
f 11714 11713 11975 11976
f 11715 11714 11976 11977
f 11716 11715 11977 11978
f 11717 11716 11978 11979
f 11718 11717 11979 11980
f 11719 11718 11980 11981
f 11720 11719 11981 11982
f 11721 11720 11982 11983
f 11722 11721 11983 11984
f 11723 11722 11984 11985
f 11724 11723 11985 11986
f 11725 11724 11986 11987
f 11726 11725 11987 11988
f 11727 11726 11988 11989
f 11728 11727 11989 11990
f 11729 11728 11990 11991
f 11730 11729 11991 11992
f 11731 11730 11992 11993
f 11732 11731 11993 11994
f 11733 11732 11994 11995
f 11734 11733 11995 11996
f 11735 11734 11996 11997
f 11736 11735 11997 11998
f 11737 11736 11998 11999
f 11738 11737 11999 12000
f 11739 11738 12000 12001
f 11740 11739 12001 12002
f 11741 11740 12002 12003
f 11742 11741 12003 12004
f 11743 11742 12004 12005
f 11744 11743 12005 12006
f 11745 11744 12006 12007
f 11746 11745 12007 12008
f 11747 11746 12008 12009
f 11748 11747 12009 12010
f 11749 11748 12010 12011
f 11750 11749 12011 12012
f 11751 11750 12012 12013
f 11752 11751 12013 12014
f 11753 11752 12014 12015
f 11754 11753 12015 12016
f 11755 11754 12016 12017
f 11756 11755 12017 12018
f 11757 11756 12018 12019
f 11758 11757 12019 12020
f 11759 11758 12020 12021
f 11760 11759 12021 12022
f 11761 11760 12022 12023
f 11762 11761 12023 12024
f 11763 11762 12024 12025
f 11764 11763 12025 12026
f 11765 11764 12026 12027
f 11766 11765 12027 12028
f 11767 11766 12028 12029
f 11768 11767 12029 12030
f 11769 11768 12030 12031
f 11770 11769 12031 12032
f 11771 11770 12032 12033
f 11772 11771 12033 12034
f 11773 11772 12034 12035
f 11774 11773 12035 12036
f 11775 11774 12036 12037
f 11776 11775 12037 12038
f 11777 11776 12038 12039
f 11778 11777 12039 12040
f 11779 11778 12040 12041
f 11780 11779 12041 12042
f 11781 11780 12042 12043
f 11782 11781 12043 12044
f 11783 11782 12044 12045
f 11784 11783 12045 12046
f 11785 11784 12046 12047
f 11786 11785 12047 12048
f 11787 11786 12048 12049
f 11788 11787 12049 12050
f 11789 11788 12050 12051
f 11790 11789 12051 12052
f 11791 11790 12052 12053
f 11792 11791 12053 12054
f 11531 11792 12054 11793
f 11794 11793 12055 12056
f 11795 11794 12056 12057
f 11796 11795 12057 12058
f 11797 11796 12058 12059
f 11798 11797 12059 12060
f 11799 11798 12060 12061
f 11800 11799 12061 12062
f 11801 11800 12062 12063
f 11802 11801 12063 12064
f 11803 11802 12064 12065
f 11804 11803 12065 12066
f 11805 11804 12066 12067
f 11806 11805 12067 12068
f 11807 11806 12068 12069
f 11808 11807 12069 12070
f 11809 11808 12070 12071
f 11810 11809 12071 12072
f 11811 11810 12072 12073
f 11812 11811 12073 12074
f 11813 11812 12074 12075
f 11814 11813 12075 12076
f 11815 11814 12076 12077
f 11816 11815 12077 12078
f 11817 11816 12078 12079
f 11818 11817 12079 12080
f 11819 11818 12080 12081
f 11820 11819 12081 12082
f 11821 11820 12082 12083
f 11822 11821 12083 12084
f 11823 11822 12084 12085
f 11824 11823 12085 12086
f 11825 11824 12086 12087
f 11826 11825 12087 12088
f 11827 11826 12088 12089
f 11828 11827 12089 12090
f 11829 11828 12090 12091
f 11830 11829 12091 12092
f 11831 11830 12092 12093
f 11832 11831 12093 12094
f 11833 11832 12094 12095
f 11834 11833 12095 12096
f 11835 11834 12096 12097
f 11836 11835 12097 12098
f 11837 11836 12098 12099
f 11838 11837 12099 12100
f 11839 11838 12100 12101
f 11840 11839 12101 12102
f 11841 11840 12102 12103
f 11842 11841 12103 12104
f 11843 11842 12104 12105
f 11844 11843 12105 12106
f 11845 11844 12106 12107
f 11846 11845 12107 12108
f 11847 11846 12108 12109
f 11848 11847 12109 12110
f 11849 11848 12110 12111
f 11850 11849 12111 12112
f 11851 11850 12112 12113
f 11852 11851 12113 12114
f 11853 11852 12114 12115
f 11854 11853 12115 12116
f 11855 11854 12116 12117
f 11856 11855 12117 12118
f 11857 11856 12118 12119
f 11858 11857 12119 12120
f 11859 11858 12120 12121
f 11860 11859 12121 12122
f 11861 11860 12122 12123
f 11862 11861 12123 12124
f 11863 11862 12124 12125
f 11864 11863 12125 12126
f 11865 11864 12126 12127
f 11866 11865 12127 12128
f 11867 11866 12128 12129
f 11868 11867 12129 12130
f 11869 11868 12130 12131
f 11870 11869 12131 12132
f 11871 11870 12132 12133
f 11872 11871 12133 12134
f 11873 11872 12134 12135
f 11874 11873 12135 12136
f 11875 11874 12136 12137
f 11876 11875 12137 12138
f 11877 11876 12138 12139
f 11878 11877 12139 12140
f 11879 11878 12140 12141
f 11880 11879 12141 12142
f 11881 11880 12142 12143
f 11882 11881 12143 12144
f 11883 11882 12144 12145
f 11884 11883 12145 12146
f 11885 11884 12146 12147
f 11886 11885 12147 12148
f 11887 11886 12148 12149
f 11888 11887 12149 12150
f 11889 11888 12150 12151
f 11890 11889 12151 12152
f 11891 11890 12152 12153
f 11892 11891 12153 12154
f 11893 11892 12154 12155
f 11894 11893 12155 12156
f 11895 11894 12156 12157
f 11896 11895 12157 12158
f 11897 11896 12158 12159
f 11898 11897 12159 12160
f 11899 11898 12160 12161
f 11900 11899 12161 12162
f 11901 11900 12162 12163
f 11902 11901 12163 12164
f 11903 11902 12164 12165
f 11904 11903 12165 12166
f 11905 11904 12166 12167
f 11906 11905 12167 12168
f 11907 11906 12168 12169
f 11908 11907 12169 12170
f 11909 11908 12170 12171
f 11910 11909 12171 12172
f 11911 11910 12172 12173
f 11912 11911 12173 12174
f 11913 11912 12174 12175
f 11914 11913 12175 12176
f 11915 11914 12176 12177
f 11916 11915 12177 12178
f 11917 11916 12178 12179
f 11918 11917 12179 12180
f 11919 11918 12180 12181
f 11920 11919 12181 12182
f 11921 11920 12182 12183
f 11922 11921 12183 12184
f 11923 11922 12184 12185
f 11924 11923 12185 12186
f 11925 11924 12186 12187
f 11926 11925 12187 12188
f 11927 11926 12188 12189
f 11928 11927 12189 12190
f 11929 11928 12190 12191
f 11930 11929 12191 12192
f 11931 11930 12192 12193
f 11932 11931 12193 12194
f 11933 11932 12194 12195
f 11934 11933 12195 12196
f 11935 11934 12196 12197
f 11936 11935 12197 12198
f 11937 11936 12198 12199
f 11938 11937 12199 12200
f 11939 11938 12200 12201
f 11940 11939 12201 12202
f 11941 11940 12202 12203
f 11942 11941 12203 12204
f 11943 11942 12204 12205
f 11944 11943 12205 12206
f 11945 11944 12206 12207
f 11946 11945 12207 12208
f 11947 11946 12208 12209
f 11948 11947 12209 12210
f 11949 11948 12210 12211
f 11950 11949 12211 12212
f 11951 11950 12212 12213
f 11952 11951 12213 12214
f 11953 11952 12214 12215
f 11954 11953 12215 12216
f 11955 11954 12216 12217
f 11956 11955 12217 12218
f 11957 11956 12218 12219
f 11958 11957 12219 12220
f 11959 11958 12220 12221
f 11960 11959 12221 12222
f 11961 11960 12222 12223
f 11962 11961 12223 12224
f 11963 11962 12224 12225
f 11964 11963 12225 12226
f 11965 11964 12226 12227
f 11966 11965 12227 12228
f 11967 11966 12228 12229
f 11968 11967 12229 12230
f 11969 11968 12230 12231
f 11970 11969 12231 12232
f 11971 11970 12232 12233
f 11972 11971 12233 12234
f 11973 11972 12234 12235
f 11974 11973 12235 12236
f 11975 11974 12236 12237
f 11976 11975 12237 12238
f 11977 11976 12238 12239
f 11978 11977 12239 12240
f 11979 11978 12240 12241
f 11980 11979 12241 12242
f 11981 11980 12242 12243
f 11982 11981 12243 12244
f 11983 11982 12244 12245
f 11984 11983 12245 12246
f 11985 11984 12246 12247
f 11986 11985 12247 12248
f 11987 11986 12248 12249
f 11988 11987 12249 12250
f 11989 11988 12250 12251
f 11990 11989 12251 12252
f 11991 11990 12252 12253
f 11992 11991 12253 12254
f 11993 11992 12254 12255
f 11994 11993 12255 12256
f 11995 11994 12256 12257
f 11996 11995 12257 12258
f 11997 11996 12258 12259
f 11998 11997 12259 12260
f 11999 11998 12260 12261
f 12000 11999 12261 12262
f 12001 12000 12262 12263
f 12002 12001 12263 12264
f 12003 12002 12264 12265
f 12004 12003 12265 12266
f 12005 12004 12266 12267
f 12006 12005 12267 12268
f 12007 12006 12268 12269
f 12008 12007 12269 12270
f 12009 12008 12270 12271
f 12010 12009 12271 12272
f 12011 12010 12272 12273
f 12012 12011 12273 12274
f 12013 12012 12274 12275
f 12014 12013 12275 12276
f 12015 12014 12276 12277
f 12016 12015 12277 12278
f 12017 12016 12278 12279
f 12018 12017 12279 12280
f 12019 12018 12280 12281
f 12020 12019 12281 12282
f 12021 12020 12282 12283
f 12022 12021 12283 12284
f 12023 12022 12284 12285
f 12024 12023 12285 12286
f 12025 12024 12286 12287
f 12026 12025 12287 12288
f 12027 12026 12288 12289
f 12028 12027 12289 12290
f 12029 12028 12290 12291
f 12030 12029 12291 12292
f 12031 12030 12292 12293
f 12032 12031 12293 12294
f 12033 12032 12294 12295
f 12034 12033 12295 12296
f 12035 12034 12296 12297
f 12036 12035 12297 12298
f 12037 12036 12298 12299
f 12038 12037 12299 12300
f 12039 12038 12300 12301
f 12040 12039 12301 12302
f 12041 12040 12302 12303
f 12042 12041 12303 12304
f 12043 12042 12304 12305
f 12044 12043 12305 12306
f 12045 12044 12306 12307
f 12046 12045 12307 12308
f 12047 12046 12308 12309
f 12048 12047 12309 12310
f 12049 12048 12310 12311
f 12050 12049 12311 12312
f 12051 12050 12312 12313
f 12052 12051 12313 12314
f 12053 12052 12314 12315
f 12054 12053 12315 12316
f 11793 12054 12316 12055
f 12056 12055 12317 12318
f 12057 12056 12318 12319
f 12058 12057 12319 12320
f 12059 12058 12320 12321
f 12060 12059 12321 12322
f 12061 12060 12322 12323
f 12062 12061 12323 12324
f 12063 12062 12324 12325
f 12064 12063 12325 12326
f 12065 12064 12326 12327
f 12066 12065 12327 12328
f 12067 12066 12328 12329
f 12068 12067 12329 12330
f 12069 12068 12330 12331
f 12070 12069 12331 12332
f 12071 12070 12332 12333
f 12072 12071 12333 12334
f 12073 12072 12334 12335
f 12074 12073 12335 12336
f 12075 12074 12336 12337
f 12076 12075 12337 12338
f 12077 12076 12338 12339
f 12078 12077 12339 12340
f 12079 12078 12340 12341
f 12080 12079 12341 12342
f 12081 12080 12342 12343
f 12082 12081 12343 12344
f 12083 12082 12344 12345
f 12084 12083 12345 12346
f 12085 12084 12346 12347
f 12086 12085 12347 12348
f 12087 12086 12348 12349
f 12088 12087 12349 12350
f 12089 12088 12350 12351
f 12090 12089 12351 12352
f 12091 12090 12352 12353
f 12092 12091 12353 12354
f 12093 12092 12354 12355
f 12094 12093 12355 12356
f 12095 12094 12356 12357
f 12096 12095 12357 12358
f 12097 12096 12358 12359
f 12098 12097 12359 12360
f 12099 12098 12360 12361
f 12100 12099 12361 12362
f 12101 12100 12362 12363
f 12102 12101 12363 12364
f 12103 12102 12364 12365
f 12104 12103 12365 12366
f 12105 12104 12366 12367
f 12106 12105 12367 12368
f 12107 12106 12368 12369
f 12108 12107 12369 12370
f 12109 12108 12370 12371
f 12110 12109 12371 12372
f 12111 12110 12372 12373
f 12112 12111 12373 12374
f 12113 12112 12374 12375
f 12114 12113 12375 12376
f 12115 12114 12376 12377
f 12116 12115 12377 12378
f 12117 12116 12378 12379
f 12118 12117 12379 12380
f 12119 12118 12380 12381
f 12120 12119 12381 12382
f 12121 12120 12382 12383
f 12122 12121 12383 12384
f 12123 12122 12384 12385
f 12124 12123 12385 12386
f 12125 12124 12386 12387
f 12126 12125 12387 12388
f 12127 12126 12388 12389
f 12128 12127 12389 12390
f 12129 12128 12390 12391
f 12130 12129 12391 12392
f 12131 12130 12392 12393
f 12132 12131 12393 12394
f 12133 12132 12394 12395
f 12134 12133 12395 12396
f 12135 12134 12396 12397
f 12136 12135 12397 12398
f 12137 12136 12398 12399
f 12138 12137 12399 12400
f 12139 12138 12400 12401
f 12140 12139 12401 12402
f 12141 12140 12402 12403
f 12142 12141 12403 12404
f 12143 12142 12404 12405
f 12144 12143 12405 12406
f 12145 12144 12406 12407
f 12146 12145 12407 12408
f 12147 12146 12408 12409
f 12148 12147 12409 12410
f 12149 12148 12410 12411
f 12150 12149 12411 12412
f 12151 12150 12412 12413
f 12152 12151 12413 12414
f 12153 12152 12414 12415
f 12154 12153 12415 12416
f 12155 12154 12416 12417
f 12156 12155 12417 12418
f 12157 12156 12418 12419
f 12158 12157 12419 12420
f 12159 12158 12420 12421
f 12160 12159 12421 12422
f 12161 12160 12422 12423
f 12162 12161 12423 12424
f 12163 12162 12424 12425
f 12164 12163 12425 12426
f 12165 12164 12426 12427
f 12166 12165 12427 12428
f 12167 12166 12428 12429
f 12168 12167 12429 12430
f 12169 12168 12430 12431
f 12170 12169 12431 12432
f 12171 12170 12432 12433
f 12172 12171 12433 12434
f 12173 12172 12434 12435
f 12174 12173 12435 12436
f 12175 12174 12436 12437
f 12176 12175 12437 12438
f 12177 12176 12438 12439
f 12178 12177 12439 12440
f 12179 12178 12440 12441
f 12180 12179 12441 12442
f 12181 12180 12442 12443
f 12182 12181 12443 12444
f 12183 12182 12444 12445
f 12184 12183 12445 12446
f 12185 12184 12446 12447
f 12186 12185 12447 12448
f 12187 12186 12448 12449
f 12188 12187 12449 12450
f 12189 12188 12450 12451
f 12190 12189 12451 12452
f 12191 12190 12452 12453
f 12192 12191 12453 12454
f 12193 12192 12454 12455
f 12194 12193 12455 12456
f 12195 12194 12456 12457
f 12196 12195 12457 12458
f 12197 12196 12458 12459
f 12198 12197 12459 12460
f 12199 12198 12460 12461
f 12200 12199 12461 12462
f 12201 12200 12462 12463
f 12202 12201 12463 12464
f 12203 12202 12464 12465
f 12204 12203 12465 12466
f 12205 12204 12466 12467
f 12206 12205 12467 12468
f 12207 12206 12468 12469
f 12208 12207 12469 12470
f 12209 12208 12470 12471
f 12210 12209 12471 12472
f 12211 12210 12472 12473
f 12212 12211 12473 12474
f 12213 12212 12474 12475
f 12214 12213 12475 12476
f 12215 12214 12476 12477
f 12216 12215 12477 12478
f 12217 12216 12478 12479
f 12218 12217 12479 12480
f 12219 12218 12480 12481
f 12220 12219 12481 12482
f 12221 12220 12482 12483
f 12222 12221 12483 12484
f 12223 12222 12484 12485
f 12224 12223 12485 12486
f 12225 12224 12486 12487
f 12226 12225 12487 12488
f 12227 12226 12488 12489
f 12228 12227 12489 12490
f 12229 12228 12490 12491
f 12230 12229 12491 12492
f 12231 12230 12492 12493
f 12232 12231 12493 12494
f 12233 12232 12494 12495
f 12234 12233 12495 12496
f 12235 12234 12496 12497
f 12236 12235 12497 12498
f 12237 12236 12498 12499
f 12238 12237 12499 12500
f 12239 12238 12500 12501
f 12240 12239 12501 12502
f 12241 12240 12502 12503
f 12242 12241 12503 12504
f 12243 12242 12504 12505
f 12244 12243 12505 12506
f 12245 12244 12506 12507
f 12246 12245 12507 12508
f 12247 12246 12508 12509
f 12248 12247 12509 12510
f 12249 12248 12510 12511
f 12250 12249 12511 12512
f 12251 12250 12512 12513
f 12252 12251 12513 12514
f 12253 12252 12514 12515
f 12254 12253 12515 12516
f 12255 12254 12516 12517
f 12256 12255 12517 12518
f 12257 12256 12518 12519
f 12258 12257 12519 12520
f 12259 12258 12520 12521
f 12260 12259 12521 12522
f 12261 12260 12522 12523
f 12262 12261 12523 12524
f 12263 12262 12524 12525
f 12264 12263 12525 12526
f 12265 12264 12526 12527
f 12266 12265 12527 12528
f 12267 12266 12528 12529
f 12268 12267 12529 12530
f 12269 12268 12530 12531
f 12270 12269 12531 12532
f 12271 12270 12532 12533
f 12272 12271 12533 12534
f 12273 12272 12534 12535
f 12274 12273 12535 12536
f 12275 12274 12536 12537
f 12276 12275 12537 12538
f 12277 12276 12538 12539
f 12278 12277 12539 12540
f 12279 12278 12540 12541
f 12280 12279 12541 12542
f 12281 12280 12542 12543
f 12282 12281 12543 12544
f 12283 12282 12544 12545
f 12284 12283 12545 12546
f 12285 12284 12546 12547
f 12286 12285 12547 12548
f 12287 12286 12548 12549
f 12288 12287 12549 12550
f 12289 12288 12550 12551
f 12290 12289 12551 12552
f 12291 12290 12552 12553
f 12292 12291 12553 12554
f 12293 12292 12554 12555
f 12294 12293 12555 12556
f 12295 12294 12556 12557
f 12296 12295 12557 12558
f 12297 12296 12558 12559
f 12298 12297 12559 12560
f 12299 12298 12560 12561
f 12300 12299 12561 12562
f 12301 12300 12562 12563
f 12302 12301 12563 12564
f 12303 12302 12564 12565
f 12304 12303 12565 12566
f 12305 12304 12566 12567
f 12306 12305 12567 12568
f 12307 12306 12568 12569
f 12308 12307 12569 12570
f 12309 12308 12570 12571
f 12310 12309 12571 12572
f 12311 12310 12572 12573
f 12312 12311 12573 12574
f 12313 12312 12574 12575
f 12314 12313 12575 12576
f 12315 12314 12576 12577
f 12316 12315 12577 12578
f 12055 12316 12578 12317
f 12318 12317 12579 12580
f 12319 12318 12580 12581
f 12320 12319 12581 12582
f 12321 12320 12582 12583
f 12322 12321 12583 12584
f 12323 12322 12584 12585
f 12324 12323 12585 12586
f 12325 12324 12586 12587
f 12326 12325 12587 12588
f 12327 12326 12588 12589
f 12328 12327 12589 12590
f 12329 12328 12590 12591
f 12330 12329 12591 12592
f 12331 12330 12592 12593
f 12332 12331 12593 12594
f 12333 12332 12594 12595
f 12334 12333 12595 12596
f 12335 12334 12596 12597
f 12336 12335 12597 12598
f 12337 12336 12598 12599
f 12338 12337 12599 12600
f 12339 12338 12600 12601
f 12340 12339 12601 12602
f 12341 12340 12602 12603
f 12342 12341 12603 12604
f 12343 12342 12604 12605
f 12344 12343 12605 12606
f 12345 12344 12606 12607
f 12346 12345 12607 12608
f 12347 12346 12608 12609
f 12348 12347 12609 12610
f 12349 12348 12610 12611
f 12350 12349 12611 12612
f 12351 12350 12612 12613
f 12352 12351 12613 12614
f 12353 12352 12614 12615
f 12354 12353 12615 12616
f 12355 12354 12616 12617
f 12356 12355 12617 12618
f 12357 12356 12618 12619
f 12358 12357 12619 12620
f 12359 12358 12620 12621
f 12360 12359 12621 12622
f 12361 12360 12622 12623
f 12362 12361 12623 12624
f 12363 12362 12624 12625
f 12364 12363 12625 12626
f 12365 12364 12626 12627
f 12366 12365 12627 12628
f 12367 12366 12628 12629
f 12368 12367 12629 12630
f 12369 12368 12630 12631
f 12370 12369 12631 12632
f 12371 12370 12632 12633
f 12372 12371 12633 12634
f 12373 12372 12634 12635
f 12374 12373 12635 12636
f 12375 12374 12636 12637
f 12376 12375 12637 12638
f 12377 12376 12638 12639
f 12378 12377 12639 12640
f 12379 12378 12640 12641
f 12380 12379 12641 12642
f 12381 12380 12642 12643
f 12382 12381 12643 12644
f 12383 12382 12644 12645
f 12384 12383 12645 12646
f 12385 12384 12646 12647
f 12386 12385 12647 12648
f 12387 12386 12648 12649
f 12388 12387 12649 12650
f 12389 12388 12650 12651
f 12390 12389 12651 12652
f 12391 12390 12652 12653
f 12392 12391 12653 12654
f 12393 12392 12654 12655
f 12394 12393 12655 12656
f 12395 12394 12656 12657
f 12396 12395 12657 12658
f 12397 12396 12658 12659
f 12398 12397 12659 12660
f 12399 12398 12660 12661
f 12400 12399 12661 12662
f 12401 12400 12662 12663
f 12402 12401 12663 12664
f 12403 12402 12664 12665
f 12404 12403 12665 12666
f 12405 12404 12666 12667
f 12406 12405 12667 12668
f 12407 12406 12668 12669
f 12408 12407 12669 12670
f 12409 12408 12670 12671
f 12410 12409 12671 12672
f 12411 12410 12672 12673
f 12412 12411 12673 12674
f 12413 12412 12674 12675
f 12414 12413 12675 12676
f 12415 12414 12676 12677
f 12416 12415 12677 12678
f 12417 12416 12678 12679
f 12418 12417 12679 12680
f 12419 12418 12680 12681
f 12420 12419 12681 12682
f 12421 12420 12682 12683
f 12422 12421 12683 12684
f 12423 12422 12684 12685
f 12424 12423 12685 12686
f 12425 12424 12686 12687
f 12426 12425 12687 12688
f 12427 12426 12688 12689
f 12428 12427 12689 12690
f 12429 12428 12690 12691
f 12430 12429 12691 12692
f 12431 12430 12692 12693
f 12432 12431 12693 12694
f 12433 12432 12694 12695
f 12434 12433 12695 12696
f 12435 12434 12696 12697
f 12436 12435 12697 12698
f 12437 12436 12698 12699
f 12438 12437 12699 12700
f 12439 12438 12700 12701
f 12440 12439 12701 12702
f 12441 12440 12702 12703
f 12442 12441 12703 12704
f 12443 12442 12704 12705
f 12444 12443 12705 12706
f 12445 12444 12706 12707
f 12446 12445 12707 12708
f 12447 12446 12708 12709
f 12448 12447 12709 12710
f 12449 12448 12710 12711
f 12450 12449 12711 12712
f 12451 12450 12712 12713
f 12452 12451 12713 12714
f 12453 12452 12714 12715
f 12454 12453 12715 12716
f 12455 12454 12716 12717
f 12456 12455 12717 12718
f 12457 12456 12718 12719
f 12458 12457 12719 12720
f 12459 12458 12720 12721
f 12460 12459 12721 12722
f 12461 12460 12722 12723
f 12462 12461 12723 12724
f 12463 12462 12724 12725
f 12464 12463 12725 12726
f 12465 12464 12726 12727
f 12466 12465 12727 12728
f 12467 12466 12728 12729
f 12468 12467 12729 12730
f 12469 12468 12730 12731
f 12470 12469 12731 12732
f 12471 12470 12732 12733
f 12472 12471 12733 12734
f 12473 12472 12734 12735
f 12474 12473 12735 12736
f 12475 12474 12736 12737
f 12476 12475 12737 12738
f 12477 12476 12738 12739
f 12478 12477 12739 12740
f 12479 12478 12740 12741
f 12480 12479 12741 12742
f 12481 12480 12742 12743
f 12482 12481 12743 12744
f 12483 12482 12744 12745
f 12484 12483 12745 12746
f 12485 12484 12746 12747
f 12486 12485 12747 12748
f 12487 12486 12748 12749
f 12488 12487 12749 12750
f 12489 12488 12750 12751
f 12490 12489 12751 12752
f 12491 12490 12752 12753
f 12492 12491 12753 12754
f 12493 12492 12754 12755
f 12494 12493 12755 12756
f 12495 12494 12756 12757
f 12496 12495 12757 12758
f 12497 12496 12758 12759
f 12498 12497 12759 12760
f 12499 12498 12760 12761
f 12500 12499 12761 12762
f 12501 12500 12762 12763
f 12502 12501 12763 12764
f 12503 12502 12764 12765
f 12504 12503 12765 12766
f 12505 12504 12766 12767
f 12506 12505 12767 12768
f 12507 12506 12768 12769
f 12508 12507 12769 12770
f 12509 12508 12770 12771
f 12510 12509 12771 12772
f 12511 12510 12772 12773
f 12512 12511 12773 12774
f 12513 12512 12774 12775
f 12514 12513 12775 12776
f 12515 12514 12776 12777
f 12516 12515 12777 12778
f 12517 12516 12778 12779
f 12518 12517 12779 12780
f 12519 12518 12780 12781
f 12520 12519 12781 12782
f 12521 12520 12782 12783
f 12522 12521 12783 12784
f 12523 12522 12784 12785
f 12524 12523 12785 12786
f 12525 12524 12786 12787
f 12526 12525 12787 12788
f 12527 12526 12788 12789
f 12528 12527 12789 12790
f 12529 12528 12790 12791
f 12530 12529 12791 12792
f 12531 12530 12792 12793
f 12532 12531 12793 12794
f 12533 12532 12794 12795
f 12534 12533 12795 12796
f 12535 12534 12796 12797
f 12536 12535 12797 12798
f 12537 12536 12798 12799
f 12538 12537 12799 12800
f 12539 12538 12800 12801
f 12540 12539 12801 12802
f 12541 12540 12802 12803
f 12542 12541 12803 12804
f 12543 12542 12804 12805
f 12544 12543 12805 12806
f 12545 12544 12806 12807
f 12546 12545 12807 12808
f 12547 12546 12808 12809
f 12548 12547 12809 12810
f 12549 12548 12810 12811
f 12550 12549 12811 12812
f 12551 12550 12812 12813
f 12552 12551 12813 12814
f 12553 12552 12814 12815
f 12554 12553 12815 12816
f 12555 12554 12816 12817
f 12556 12555 12817 12818
f 12557 12556 12818 12819
f 12558 12557 12819 12820
f 12559 12558 12820 12821
f 12560 12559 12821 12822
f 12561 12560 12822 12823
f 12562 12561 12823 12824
f 12563 12562 12824 12825
f 12564 12563 12825 12826
f 12565 12564 12826 12827
f 12566 12565 12827 12828
f 12567 12566 12828 12829
f 12568 12567 12829 12830
f 12569 12568 12830 12831
f 12570 12569 12831 12832
f 12571 12570 12832 12833
f 12572 12571 12833 12834
f 12573 12572 12834 12835
f 12574 12573 12835 12836
f 12575 12574 12836 12837
f 12576 12575 12837 12838
f 12577 12576 12838 12839
f 12578 12577 12839 12840
f 12317 12578 12840 12579
f 12580 12579 12841 12842
f 12581 12580 12842 12843
f 12582 12581 12843 12844
f 12583 12582 12844 12845
f 12584 12583 12845 12846
f 12585 12584 12846 12847
f 12586 12585 12847 12848
f 12587 12586 12848 12849
f 12588 12587 12849 12850
f 12589 12588 12850 12851
f 12590 12589 12851 12852
f 12591 12590 12852 12853
f 12592 12591 12853 12854
f 12593 12592 12854 12855
f 12594 12593 12855 12856
f 12595 12594 12856 12857
f 12596 12595 12857 12858
f 12597 12596 12858 12859
f 12598 12597 12859 12860
f 12599 12598 12860 12861
f 12600 12599 12861 12862
f 12601 12600 12862 12863
f 12602 12601 12863 12864
f 12603 12602 12864 12865
f 12604 12603 12865 12866
f 12605 12604 12866 12867
f 12606 12605 12867 12868
f 12607 12606 12868 12869
f 12608 12607 12869 12870
f 12609 12608 12870 12871
f 12610 12609 12871 12872
f 12611 12610 12872 12873
f 12612 12611 12873 12874
f 12613 12612 12874 12875
f 12614 12613 12875 12876
f 12615 12614 12876 12877
f 12616 12615 12877 12878
f 12617 12616 12878 12879
f 12618 12617 12879 12880
f 12619 12618 12880 12881
f 12620 12619 12881 12882
f 12621 12620 12882 12883
f 12622 12621 12883 12884
f 12623 12622 12884 12885
f 12624 12623 12885 12886
f 12625 12624 12886 12887
f 12626 12625 12887 12888
f 12627 12626 12888 12889
f 12628 12627 12889 12890
f 12629 12628 12890 12891
f 12630 12629 12891 12892
f 12631 12630 12892 12893
f 12632 12631 12893 12894
f 12633 12632 12894 12895
f 12634 12633 12895 12896
f 12635 12634 12896 12897
f 12636 12635 12897 12898
f 12637 12636 12898 12899
f 12638 12637 12899 12900
f 12639 12638 12900 12901
f 12640 12639 12901 12902
f 12641 12640 12902 12903
f 12642 12641 12903 12904
f 12643 12642 12904 12905
f 12644 12643 12905 12906
f 12645 12644 12906 12907
f 12646 12645 12907 12908
f 12647 12646 12908 12909
f 12648 12647 12909 12910
f 12649 12648 12910 12911
f 12650 12649 12911 12912
f 12651 12650 12912 12913
f 12652 12651 12913 12914
f 12653 12652 12914 12915
f 12654 12653 12915 12916
f 12655 12654 12916 12917
f 12656 12655 12917 12918
f 12657 12656 12918 12919
f 12658 12657 12919 12920
f 12659 12658 12920 12921
f 12660 12659 12921 12922
f 12661 12660 12922 12923
f 12662 12661 12923 12924
f 12663 12662 12924 12925
f 12664 12663 12925 12926
f 12665 12664 12926 12927
f 12666 12665 12927 12928
f 12667 12666 12928 12929
f 12668 12667 12929 12930
f 12669 12668 12930 12931
f 12670 12669 12931 12932
f 12671 12670 12932 12933
f 12672 12671 12933 12934
f 12673 12672 12934 12935
f 12674 12673 12935 12936
f 12675 12674 12936 12937
f 12676 12675 12937 12938
f 12677 12676 12938 12939
f 12678 12677 12939 12940
f 12679 12678 12940 12941
f 12680 12679 12941 12942
f 12681 12680 12942 12943
f 12682 12681 12943 12944
f 12683 12682 12944 12945
f 12684 12683 12945 12946
f 12685 12684 12946 12947
f 12686 12685 12947 12948
f 12687 12686 12948 12949
f 12688 12687 12949 12950
f 12689 12688 12950 12951
f 12690 12689 12951 12952
f 12691 12690 12952 12953
f 12692 12691 12953 12954
f 12693 12692 12954 12955
f 12694 12693 12955 12956
f 12695 12694 12956 12957
f 12696 12695 12957 12958
f 12697 12696 12958 12959
f 12698 12697 12959 12960
f 12699 12698 12960 12961
f 12700 12699 12961 12962
f 12701 12700 12962 12963
f 12702 12701 12963 12964
f 12703 12702 12964 12965
f 12704 12703 12965 12966
f 12705 12704 12966 12967
f 12706 12705 12967 12968
f 12707 12706 12968 12969
f 12708 12707 12969 12970
f 12709 12708 12970 12971
f 12710 12709 12971 12972
f 12711 12710 12972 12973
f 12712 12711 12973 12974
f 12713 12712 12974 12975
f 12714 12713 12975 12976
f 12715 12714 12976 12977
f 12716 12715 12977 12978
f 12717 12716 12978 12979
f 12718 12717 12979 12980
f 12719 12718 12980 12981
f 12720 12719 12981 12982
f 12721 12720 12982 12983
f 12722 12721 12983 12984
f 12723 12722 12984 12985
f 12724 12723 12985 12986
f 12725 12724 12986 12987
f 12726 12725 12987 12988
f 12727 12726 12988 12989
f 12728 12727 12989 12990
f 12729 12728 12990 12991
f 12730 12729 12991 12992
f 12731 12730 12992 12993
f 12732 12731 12993 12994
f 12733 12732 12994 12995
f 12734 12733 12995 12996
f 12735 12734 12996 12997
f 12736 12735 12997 12998
f 12737 12736 12998 12999
f 12738 12737 12999 13000
f 12739 12738 13000 13001
f 12740 12739 13001 13002
f 12741 12740 13002 13003
f 12742 12741 13003 13004
f 12743 12742 13004 13005
f 12744 12743 13005 13006
f 12745 12744 13006 13007
f 12746 12745 13007 13008
f 12747 12746 13008 13009
f 12748 12747 13009 13010
f 12749 12748 13010 13011
f 12750 12749 13011 13012
f 12751 12750 13012 13013
f 12752 12751 13013 13014
f 12753 12752 13014 13015
f 12754 12753 13015 13016
f 12755 12754 13016 13017
f 12756 12755 13017 13018
f 12757 12756 13018 13019
f 12758 12757 13019 13020
f 12759 12758 13020 13021
f 12760 12759 13021 13022
f 12761 12760 13022 13023
f 12762 12761 13023 13024
f 12763 12762 13024 13025
f 12764 12763 13025 13026
f 12765 12764 13026 13027
f 12766 12765 13027 13028
f 12767 12766 13028 13029
f 12768 12767 13029 13030
f 12769 12768 13030 13031
f 12770 12769 13031 13032
f 12771 12770 13032 13033
f 12772 12771 13033 13034
f 12773 12772 13034 13035
f 12774 12773 13035 13036
f 12775 12774 13036 13037
f 12776 12775 13037 13038
f 12777 12776 13038 13039
f 12778 12777 13039 13040
f 12779 12778 13040 13041
f 12780 12779 13041 13042
f 12781 12780 13042 13043
f 12782 12781 13043 13044
f 12783 12782 13044 13045
f 12784 12783 13045 13046
f 12785 12784 13046 13047
f 12786 12785 13047 13048
f 12787 12786 13048 13049
f 12788 12787 13049 13050
f 12789 12788 13050 13051
f 12790 12789 13051 13052
f 12791 12790 13052 13053
f 12792 12791 13053 13054
f 12793 12792 13054 13055
f 12794 12793 13055 13056
f 12795 12794 13056 13057
f 12796 12795 13057 13058
f 12797 12796 13058 13059
f 12798 12797 13059 13060
f 12799 12798 13060 13061
f 12800 12799 13061 13062
f 12801 12800 13062 13063
f 12802 12801 13063 13064
f 12803 12802 13064 13065
f 12804 12803 13065 13066
f 12805 12804 13066 13067
f 12806 12805 13067 13068
f 12807 12806 13068 13069
f 12808 12807 13069 13070
f 12809 12808 13070 13071
f 12810 12809 13071 13072
f 12811 12810 13072 13073
f 12812 12811 13073 13074
f 12813 12812 13074 13075
f 12814 12813 13075 13076
f 12815 12814 13076 13077
f 12816 12815 13077 13078
f 12817 12816 13078 13079
f 12818 12817 13079 13080
f 12819 12818 13080 13081
f 12820 12819 13081 13082
f 12821 12820 13082 13083
f 12822 12821 13083 13084
f 12823 12822 13084 13085
f 12824 12823 13085 13086
f 12825 12824 13086 13087
f 12826 12825 13087 13088
f 12827 12826 13088 13089
f 12828 12827 13089 13090
f 12829 12828 13090 13091
f 12830 12829 13091 13092
f 12831 12830 13092 13093
f 12832 12831 13093 13094
f 12833 12832 13094 13095
f 12834 12833 13095 13096
f 12835 12834 13096 13097
f 12836 12835 13097 13098
f 12837 12836 13098 13099
f 12838 12837 13099 13100
f 12839 12838 13100 13101
f 12840 12839 13101 13102
f 12579 12840 13102 12841
f 12842 12841 13103 13104
f 12843 12842 13104 13105
f 12844 12843 13105 13106
f 12845 12844 13106 13107
f 12846 12845 13107 13108
f 12847 12846 13108 13109
f 12848 12847 13109 13110
f 12849 12848 13110 13111
f 12850 12849 13111 13112
f 12851 12850 13112 13113
f 12852 12851 13113 13114
f 12853 12852 13114 13115
f 12854 12853 13115 13116
f 12855 12854 13116 13117
f 12856 12855 13117 13118
f 12857 12856 13118 13119
f 12858 12857 13119 13120
f 12859 12858 13120 13121
f 12860 12859 13121 13122
f 12861 12860 13122 13123
f 12862 12861 13123 13124
f 12863 12862 13124 13125
f 12864 12863 13125 13126
f 12865 12864 13126 13127
f 12866 12865 13127 13128
f 12867 12866 13128 13129
f 12868 12867 13129 13130
f 12869 12868 13130 13131
f 12870 12869 13131 13132
f 12871 12870 13132 13133
f 12872 12871 13133 13134
f 12873 12872 13134 13135
f 12874 12873 13135 13136
f 12875 12874 13136 13137
f 12876 12875 13137 13138
f 12877 12876 13138 13139
f 12878 12877 13139 13140
f 12879 12878 13140 13141
f 12880 12879 13141 13142
f 12881 12880 13142 13143
f 12882 12881 13143 13144
f 12883 12882 13144 13145
f 12884 12883 13145 13146
f 12885 12884 13146 13147
f 12886 12885 13147 13148
f 12887 12886 13148 13149
f 12888 12887 13149 13150
f 12889 12888 13150 13151
f 12890 12889 13151 13152
f 12891 12890 13152 13153
f 12892 12891 13153 13154
f 12893 12892 13154 13155
f 12894 12893 13155 13156
f 12895 12894 13156 13157
f 12896 12895 13157 13158
f 12897 12896 13158 13159
f 12898 12897 13159 13160
f 12899 12898 13160 13161
f 12900 12899 13161 13162
f 12901 12900 13162 13163
f 12902 12901 13163 13164
f 12903 12902 13164 13165
f 12904 12903 13165 13166
f 12905 12904 13166 13167
f 12906 12905 13167 13168
f 12907 12906 13168 13169
f 12908 12907 13169 13170
f 12909 12908 13170 13171
f 12910 12909 13171 13172
f 12911 12910 13172 13173
f 12912 12911 13173 13174
f 12913 12912 13174 13175
f 12914 12913 13175 13176
f 12915 12914 13176 13177
f 12916 12915 13177 13178
f 12917 12916 13178 13179
f 12918 12917 13179 13180
f 12919 12918 13180 13181
f 12920 12919 13181 13182
f 12921 12920 13182 13183
f 12922 12921 13183 13184
f 12923 12922 13184 13185
f 12924 12923 13185 13186
f 12925 12924 13186 13187
f 12926 12925 13187 13188
f 12927 12926 13188 13189
f 12928 12927 13189 13190
f 12929 12928 13190 13191
f 12930 12929 13191 13192
f 12931 12930 13192 13193
f 12932 12931 13193 13194
f 12933 12932 13194 13195
f 12934 12933 13195 13196
f 12935 12934 13196 13197
f 12936 12935 13197 13198
f 12937 12936 13198 13199
f 12938 12937 13199 13200
f 12939 12938 13200 13201
f 12940 12939 13201 13202
f 12941 12940 13202 13203
f 12942 12941 13203 13204
f 12943 12942 13204 13205
f 12944 12943 13205 13206
f 12945 12944 13206 13207
f 12946 12945 13207 13208
f 12947 12946 13208 13209
f 12948 12947 13209 13210
f 12949 12948 13210 13211
f 12950 12949 13211 13212
f 12951 12950 13212 13213
f 12952 12951 13213 13214
f 12953 12952 13214 13215
f 12954 12953 13215 13216
f 12955 12954 13216 13217
f 12956 12955 13217 13218
f 12957 12956 13218 13219
f 12958 12957 13219 13220
f 12959 12958 13220 13221
f 12960 12959 13221 13222
f 12961 12960 13222 13223
f 12962 12961 13223 13224
f 12963 12962 13224 13225
f 12964 12963 13225 13226
f 12965 12964 13226 13227
f 12966 12965 13227 13228
f 12967 12966 13228 13229
f 12968 12967 13229 13230
f 12969 12968 13230 13231
f 12970 12969 13231 13232
f 12971 12970 13232 13233
f 12972 12971 13233 13234
f 12973 12972 13234 13235
f 12974 12973 13235 13236
f 12975 12974 13236 13237
f 12976 12975 13237 13238
f 12977 12976 13238 13239
f 12978 12977 13239 13240
f 12979 12978 13240 13241
f 12980 12979 13241 13242
f 12981 12980 13242 13243
f 12982 12981 13243 13244
f 12983 12982 13244 13245
f 12984 12983 13245 13246
f 12985 12984 13246 13247
f 12986 12985 13247 13248
f 12987 12986 13248 13249
f 12988 12987 13249 13250
f 12989 12988 13250 13251
f 12990 12989 13251 13252
f 12991 12990 13252 13253
f 12992 12991 13253 13254
f 12993 12992 13254 13255
f 12994 12993 13255 13256
f 12995 12994 13256 13257
f 12996 12995 13257 13258
f 12997 12996 13258 13259
f 12998 12997 13259 13260
f 12999 12998 13260 13261
f 13000 12999 13261 13262
f 13001 13000 13262 13263
f 13002 13001 13263 13264
f 13003 13002 13264 13265
f 13004 13003 13265 13266
f 13005 13004 13266 13267
f 13006 13005 13267 13268
f 13007 13006 13268 13269
f 13008 13007 13269 13270
f 13009 13008 13270 13271
f 13010 13009 13271 13272
f 13011 13010 13272 13273
f 13012 13011 13273 13274
f 13013 13012 13274 13275
f 13014 13013 13275 13276
f 13015 13014 13276 13277
f 13016 13015 13277 13278
f 13017 13016 13278 13279
f 13018 13017 13279 13280
f 13019 13018 13280 13281
f 13020 13019 13281 13282
f 13021 13020 13282 13283
f 13022 13021 13283 13284
f 13023 13022 13284 13285
f 13024 13023 13285 13286
f 13025 13024 13286 13287
f 13026 13025 13287 13288
f 13027 13026 13288 13289
f 13028 13027 13289 13290
f 13029 13028 13290 13291
f 13030 13029 13291 13292
f 13031 13030 13292 13293
f 13032 13031 13293 13294
f 13033 13032 13294 13295
f 13034 13033 13295 13296
f 13035 13034 13296 13297
f 13036 13035 13297 13298
f 13037 13036 13298 13299
f 13038 13037 13299 13300
f 13039 13038 13300 13301
f 13040 13039 13301 13302
f 13041 13040 13302 13303
f 13042 13041 13303 13304
f 13043 13042 13304 13305
f 13044 13043 13305 13306
f 13045 13044 13306 13307
f 13046 13045 13307 13308
f 13047 13046 13308 13309
f 13048 13047 13309 13310
f 13049 13048 13310 13311
f 13050 13049 13311 13312
f 13051 13050 13312 13313
f 13052 13051 13313 13314
f 13053 13052 13314 13315
f 13054 13053 13315 13316
f 13055 13054 13316 13317
f 13056 13055 13317 13318
f 13057 13056 13318 13319
f 13058 13057 13319 13320
f 13059 13058 13320 13321
f 13060 13059 13321 13322
f 13061 13060 13322 13323
f 13062 13061 13323 13324
f 13063 13062 13324 13325
f 13064 13063 13325 13326
f 13065 13064 13326 13327
f 13066 13065 13327 13328
f 13067 13066 13328 13329
f 13068 13067 13329 13330
f 13069 13068 13330 13331
f 13070 13069 13331 13332
f 13071 13070 13332 13333
f 13072 13071 13333 13334
f 13073 13072 13334 13335
f 13074 13073 13335 13336
f 13075 13074 13336 13337
f 13076 13075 13337 13338
f 13077 13076 13338 13339
f 13078 13077 13339 13340
f 13079 13078 13340 13341
f 13080 13079 13341 13342
f 13081 13080 13342 13343
f 13082 13081 13343 13344
f 13083 13082 13344 13345
f 13084 13083 13345 13346
f 13085 13084 13346 13347
f 13086 13085 13347 13348
f 13087 13086 13348 13349
f 13088 13087 13349 13350
f 13089 13088 13350 13351
f 13090 13089 13351 13352
f 13091 13090 13352 13353
f 13092 13091 13353 13354
f 13093 13092 13354 13355
f 13094 13093 13355 13356
f 13095 13094 13356 13357
f 13096 13095 13357 13358
f 13097 13096 13358 13359
f 13098 13097 13359 13360
f 13099 13098 13360 13361
f 13100 13099 13361 13362
f 13101 13100 13362 13363
f 13102 13101 13363 13364
f 12841 13102 13364 13103
f 13104 13103 13365 13366
f 13105 13104 13366 13367
f 13106 13105 13367 13368
f 13107 13106 13368 13369
f 13108 13107 13369 13370
f 13109 13108 13370 13371
f 13110 13109 13371 13372
f 13111 13110 13372 13373
f 13112 13111 13373 13374
f 13113 13112 13374 13375
f 13114 13113 13375 13376
f 13115 13114 13376 13377
f 13116 13115 13377 13378
f 13117 13116 13378 13379
f 13118 13117 13379 13380
f 13119 13118 13380 13381
f 13120 13119 13381 13382
f 13121 13120 13382 13383
f 13122 13121 13383 13384
f 13123 13122 13384 13385
f 13124 13123 13385 13386
f 13125 13124 13386 13387
f 13126 13125 13387 13388
f 13127 13126 13388 13389
f 13128 13127 13389 13390
f 13129 13128 13390 13391
f 13130 13129 13391 13392
f 13131 13130 13392 13393
f 13132 13131 13393 13394
f 13133 13132 13394 13395
f 13134 13133 13395 13396
f 13135 13134 13396 13397
f 13136 13135 13397 13398
f 13137 13136 13398 13399
f 13138 13137 13399 13400
f 13139 13138 13400 13401
f 13140 13139 13401 13402
f 13141 13140 13402 13403
f 13142 13141 13403 13404
f 13143 13142 13404 13405
f 13144 13143 13405 13406
f 13145 13144 13406 13407
f 13146 13145 13407 13408
f 13147 13146 13408 13409
f 13148 13147 13409 13410
f 13149 13148 13410 13411
f 13150 13149 13411 13412
f 13151 13150 13412 13413
f 13152 13151 13413 13414
f 13153 13152 13414 13415
f 13154 13153 13415 13416
f 13155 13154 13416 13417
f 13156 13155 13417 13418
f 13157 13156 13418 13419
f 13158 13157 13419 13420
f 13159 13158 13420 13421
f 13160 13159 13421 13422
f 13161 13160 13422 13423
f 13162 13161 13423 13424
f 13163 13162 13424 13425
f 13164 13163 13425 13426
f 13165 13164 13426 13427
f 13166 13165 13427 13428
f 13167 13166 13428 13429
f 13168 13167 13429 13430
f 13169 13168 13430 13431
f 13170 13169 13431 13432
f 13171 13170 13432 13433
f 13172 13171 13433 13434
f 13173 13172 13434 13435
f 13174 13173 13435 13436
f 13175 13174 13436 13437
f 13176 13175 13437 13438
f 13177 13176 13438 13439
f 13178 13177 13439 13440
f 13179 13178 13440 13441
f 13180 13179 13441 13442
f 13181 13180 13442 13443
f 13182 13181 13443 13444
f 13183 13182 13444 13445
f 13184 13183 13445 13446
f 13185 13184 13446 13447
f 13186 13185 13447 13448
f 13187 13186 13448 13449
f 13188 13187 13449 13450
f 13189 13188 13450 13451
f 13190 13189 13451 13452
f 13191 13190 13452 13453
f 13192 13191 13453 13454
f 13193 13192 13454 13455
f 13194 13193 13455 13456
f 13195 13194 13456 13457
f 13196 13195 13457 13458
f 13197 13196 13458 13459
f 13198 13197 13459 13460
f 13199 13198 13460 13461
f 13200 13199 13461 13462
f 13201 13200 13462 13463
f 13202 13201 13463 13464
f 13203 13202 13464 13465
f 13204 13203 13465 13466
f 13205 13204 13466 13467
f 13206 13205 13467 13468
f 13207 13206 13468 13469
f 13208 13207 13469 13470
f 13209 13208 13470 13471
f 13210 13209 13471 13472
f 13211 13210 13472 13473
f 13212 13211 13473 13474
f 13213 13212 13474 13475
f 13214 13213 13475 13476
f 13215 13214 13476 13477
f 13216 13215 13477 13478
f 13217 13216 13478 13479
f 13218 13217 13479 13480
f 13219 13218 13480 13481
f 13220 13219 13481 13482
f 13221 13220 13482 13483
f 13222 13221 13483 13484
f 13223 13222 13484 13485
f 13224 13223 13485 13486
f 13225 13224 13486 13487
f 13226 13225 13487 13488
f 13227 13226 13488 13489
f 13228 13227 13489 13490
f 13229 13228 13490 13491
f 13230 13229 13491 13492
f 13231 13230 13492 13493
f 13232 13231 13493 13494
f 13233 13232 13494 13495
f 13234 13233 13495 13496
f 13235 13234 13496 13497
f 13236 13235 13497 13498
f 13237 13236 13498 13499
f 13238 13237 13499 13500
f 13239 13238 13500 13501
f 13240 13239 13501 13502
f 13241 13240 13502 13503
f 13242 13241 13503 13504
f 13243 13242 13504 13505
f 13244 13243 13505 13506
f 13245 13244 13506 13507
f 13246 13245 13507 13508
f 13247 13246 13508 13509
f 13248 13247 13509 13510
f 13249 13248 13510 13511
f 13250 13249 13511 13512
f 13251 13250 13512 13513
f 13252 13251 13513 13514
f 13253 13252 13514 13515
f 13254 13253 13515 13516
f 13255 13254 13516 13517
f 13256 13255 13517 13518
f 13257 13256 13518 13519
f 13258 13257 13519 13520
f 13259 13258 13520 13521
f 13260 13259 13521 13522
f 13261 13260 13522 13523
f 13262 13261 13523 13524
f 13263 13262 13524 13525
f 13264 13263 13525 13526
f 13265 13264 13526 13527
f 13266 13265 13527 13528
f 13267 13266 13528 13529
f 13268 13267 13529 13530
f 13269 13268 13530 13531
f 13270 13269 13531 13532
f 13271 13270 13532 13533
f 13272 13271 13533 13534
f 13273 13272 13534 13535
f 13274 13273 13535 13536
f 13275 13274 13536 13537
f 13276 13275 13537 13538
f 13277 13276 13538 13539
f 13278 13277 13539 13540
f 13279 13278 13540 13541
f 13280 13279 13541 13542
f 13281 13280 13542 13543
f 13282 13281 13543 13544
f 13283 13282 13544 13545
f 13284 13283 13545 13546
f 13285 13284 13546 13547
f 13286 13285 13547 13548
f 13287 13286 13548 13549
f 13288 13287 13549 13550
f 13289 13288 13550 13551
f 13290 13289 13551 13552
f 13291 13290 13552 13553
f 13292 13291 13553 13554
f 13293 13292 13554 13555
f 13294 13293 13555 13556
f 13295 13294 13556 13557
f 13296 13295 13557 13558
f 13297 13296 13558 13559
f 13298 13297 13559 13560
f 13299 13298 13560 13561
f 13300 13299 13561 13562
f 13301 13300 13562 13563
f 13302 13301 13563 13564
f 13303 13302 13564 13565
f 13304 13303 13565 13566
f 13305 13304 13566 13567
f 13306 13305 13567 13568
f 13307 13306 13568 13569
f 13308 13307 13569 13570
f 13309 13308 13570 13571
f 13310 13309 13571 13572
f 13311 13310 13572 13573
f 13312 13311 13573 13574
f 13313 13312 13574 13575
f 13314 13313 13575 13576
f 13315 13314 13576 13577
f 13316 13315 13577 13578
f 13317 13316 13578 13579
f 13318 13317 13579 13580
f 13319 13318 13580 13581
f 13320 13319 13581 13582
f 13321 13320 13582 13583
f 13322 13321 13583 13584
f 13323 13322 13584 13585
f 13324 13323 13585 13586
f 13325 13324 13586 13587
f 13326 13325 13587 13588
f 13327 13326 13588 13589
f 13328 13327 13589 13590
f 13329 13328 13590 13591
f 13330 13329 13591 13592
f 13331 13330 13592 13593
f 13332 13331 13593 13594
f 13333 13332 13594 13595
f 13334 13333 13595 13596
f 13335 13334 13596 13597
f 13336 13335 13597 13598
f 13337 13336 13598 13599
f 13338 13337 13599 13600
f 13339 13338 13600 13601
f 13340 13339 13601 13602
f 13341 13340 13602 13603
f 13342 13341 13603 13604
f 13343 13342 13604 13605
f 13344 13343 13605 13606
f 13345 13344 13606 13607
f 13346 13345 13607 13608
f 13347 13346 13608 13609
f 13348 13347 13609 13610
f 13349 13348 13610 13611
f 13350 13349 13611 13612
f 13351 13350 13612 13613
f 13352 13351 13613 13614
f 13353 13352 13614 13615
f 13354 13353 13615 13616
f 13355 13354 13616 13617
f 13356 13355 13617 13618
f 13357 13356 13618 13619
f 13358 13357 13619 13620
f 13359 13358 13620 13621
f 13360 13359 13621 13622
f 13361 13360 13622 13623
f 13362 13361 13623 13624
f 13363 13362 13624 13625
f 13364 13363 13625 13626
f 13103 13364 13626 13365
f 7602 7601 13366 13365
f 7601 7603 13367 13366
f 7603 7604 13368 13367
f 7604 7605 13369 13368
f 7605 7606 13370 13369
f 7606 7607 13371 13370
f 7607 7608 13372 13371
f 7608 7609 13373 13372
f 7609 7610 13374 13373
f 7610 7611 13375 13374
f 7611 7612 13376 13375
f 7612 7613 13377 13376
f 7613 7614 13378 13377
f 7614 7615 13379 13378
f 7615 7616 13380 13379
f 7616 7617 13381 13380
f 7617 7618 13382 13381
f 7618 7619 13383 13382
f 7619 7620 13384 13383
f 7620 7621 13385 13384
f 7621 7622 13386 13385
f 7622 7623 13387 13386
f 7623 7624 13388 13387
f 7624 7625 13389 13388
f 7625 7626 13390 13389
f 7626 7627 13391 13390
f 7627 7628 13392 13391
f 7628 7629 13393 13392
f 7629 7630 13394 13393
f 7630 7631 13395 13394
f 7631 7632 13396 13395
f 7632 7633 13397 13396
f 7633 7634 13398 13397
f 7634 7635 13399 13398
f 7635 7636 13400 13399
f 7636 7637 13401 13400
f 7637 7638 13402 13401
f 7638 7639 13403 13402
f 7639 7640 13404 13403
f 7640 7641 13405 13404
f 7641 7642 13406 13405
f 7642 7643 13407 13406
f 7643 7644 13408 13407
f 7644 7645 13409 13408
f 7645 7646 13410 13409
f 7646 7647 13411 13410
f 7647 7648 13412 13411
f 7648 7649 13413 13412
f 7649 7650 13414 13413
f 7650 7651 13415 13414
f 7651 7652 13416 13415
f 7652 7653 13417 13416
f 7653 7654 13418 13417
f 7654 7655 13419 13418
f 7655 7656 13420 13419
f 7656 7657 13421 13420
f 7657 7658 13422 13421
f 7658 7659 13423 13422
f 7659 7660 13424 13423
f 7660 7661 13425 13424
f 7661 7662 13426 13425
f 7662 7663 13427 13426
f 7663 7664 13428 13427
f 7664 7665 13429 13428
f 7665 7666 13430 13429
f 7666 7667 13431 13430
f 7667 7668 13432 13431
f 7668 7669 13433 13432
f 7669 7670 13434 13433
f 7670 7671 13435 13434
f 7671 7672 13436 13435
f 7672 7673 13437 13436
f 7673 7674 13438 13437
f 7674 7675 13439 13438
f 7675 7676 13440 13439
f 7676 7677 13441 13440
f 7677 7678 13442 13441
f 7678 7679 13443 13442
f 7679 7680 13444 13443
f 7680 7681 13445 13444
f 7681 7682 13446 13445
f 7682 7683 13447 13446
f 7683 7684 13448 13447
f 7684 7685 13449 13448
f 7685 7686 13450 13449
f 7686 7687 13451 13450
f 7687 7688 13452 13451
f 7688 7689 13453 13452
f 7689 7690 13454 13453
f 7690 7691 13455 13454
f 7691 7692 13456 13455
f 7692 7693 13457 13456
f 7693 7694 13458 13457
f 7694 7695 13459 13458
f 7695 7696 13460 13459
f 7696 7697 13461 13460
f 7697 7698 13462 13461
f 7698 7699 13463 13462
f 7699 7700 13464 13463
f 7700 7701 13465 13464
f 7701 7702 13466 13465
f 7702 7703 13467 13466
f 7703 7704 13468 13467
f 7704 7705 13469 13468
f 7705 7706 13470 13469
f 7706 7707 13471 13470
f 7707 7708 13472 13471
f 7708 7709 13473 13472
f 7709 7710 13474 13473
f 7710 7711 13475 13474
f 7711 7712 13476 13475
f 7712 7713 13477 13476
f 7713 7714 13478 13477
f 7714 7715 13479 13478
f 7715 7716 13480 13479
f 7716 7717 13481 13480
f 7717 7718 13482 13481
f 7718 7719 13483 13482
f 7719 7720 13484 13483
f 7720 7721 13485 13484
f 7721 7722 13486 13485
f 7722 7723 13487 13486
f 7723 7724 13488 13487
f 7724 7725 13489 13488
f 7725 7726 13490 13489
f 7726 7727 13491 13490
f 7727 7728 13492 13491
f 7728 7729 13493 13492
f 7729 7730 13494 13493
f 7730 7731 13495 13494
f 7731 7732 13496 13495
f 7732 7733 13497 13496
f 7733 7734 13498 13497
f 7734 7735 13499 13498
f 7735 7736 13500 13499
f 7736 7737 13501 13500
f 7737 7738 13502 13501
f 7738 7739 13503 13502
f 7739 7740 13504 13503
f 7740 7741 13505 13504
f 7741 7742 13506 13505
f 7742 7743 13507 13506
f 7743 7744 13508 13507
f 7744 7745 13509 13508
f 7745 7746 13510 13509
f 7746 7747 13511 13510
f 7747 7748 13512 13511
f 7748 7749 13513 13512
f 7749 7750 13514 13513
f 7750 7751 13515 13514
f 7751 7752 13516 13515
f 7752 7753 13517 13516
f 7753 7754 13518 13517
f 7754 7755 13519 13518
f 7755 7756 13520 13519
f 7756 7757 13521 13520
f 7757 7758 13522 13521
f 7758 7759 13523 13522
f 7759 7760 13524 13523
f 7760 7761 13525 13524
f 7761 7762 13526 13525
f 7762 7763 13527 13526
f 7763 7764 13528 13527
f 7764 7765 13529 13528
f 7765 7766 13530 13529
f 7766 7767 13531 13530
f 7767 7768 13532 13531
f 7768 7769 13533 13532
f 7769 7770 13534 13533
f 7770 7771 13535 13534
f 7771 7772 13536 13535
f 7772 7773 13537 13536
f 7773 7774 13538 13537
f 7774 7775 13539 13538
f 7775 7776 13540 13539
f 7776 7777 13541 13540
f 7777 7778 13542 13541
f 7778 7779 13543 13542
f 7779 7780 13544 13543
f 7780 7781 13545 13544
f 7781 7782 13546 13545
f 7782 7783 13547 13546
f 7783 7784 13548 13547
f 7784 7785 13549 13548
f 7785 7786 13550 13549
f 7786 7787 13551 13550
f 7787 7788 13552 13551
f 7788 7789 13553 13552
f 7789 7790 13554 13553
f 7790 7791 13555 13554
f 7791 7792 13556 13555
f 7792 7793 13557 13556
f 7793 7794 13558 13557
f 7794 7795 13559 13558
f 7795 7796 13560 13559
f 7796 7797 13561 13560
f 7797 7798 13562 13561
f 7798 7799 13563 13562
f 7799 7800 13564 13563
f 7800 7801 13565 13564
f 7801 7802 13566 13565
f 7802 7803 13567 13566
f 7803 7804 13568 13567
f 7804 7805 13569 13568
f 7805 7806 13570 13569
f 7806 7807 13571 13570
f 7807 7808 13572 13571
f 7808 7809 13573 13572
f 7809 7810 13574 13573
f 7810 7811 13575 13574
f 7811 7812 13576 13575
f 7812 7813 13577 13576
f 7813 7814 13578 13577
f 7814 7815 13579 13578
f 7815 7816 13580 13579
f 7816 7817 13581 13580
f 7817 7818 13582 13581
f 7818 7819 13583 13582
f 7819 7820 13584 13583
f 7820 7821 13585 13584
f 7821 7822 13586 13585
f 7822 7823 13587 13586
f 7823 7824 13588 13587
f 7824 7825 13589 13588
f 7825 7826 13590 13589
f 7826 7827 13591 13590
f 7827 7828 13592 13591
f 7828 7829 13593 13592
f 7829 7830 13594 13593
f 7830 7831 13595 13594
f 7831 7832 13596 13595
f 7832 7833 13597 13596
f 7833 7834 13598 13597
f 7834 7835 13599 13598
f 7835 7836 13600 13599
f 7836 7837 13601 13600
f 7837 7838 13602 13601
f 7838 7839 13603 13602
f 7839 7840 13604 13603
f 7840 7841 13605 13604
f 7841 7842 13606 13605
f 7842 7843 13607 13606
f 7843 7844 13608 13607
f 7844 7845 13609 13608
f 7845 7846 13610 13609
f 7846 7847 13611 13610
f 7847 7848 13612 13611
f 7848 7849 13613 13612
f 7849 7850 13614 13613
f 7850 7851 13615 13614
f 7851 7852 13616 13615
f 7852 7853 13617 13616
f 7853 7854 13618 13617
f 7854 7855 13619 13618
f 7855 7856 13620 13619
f 7856 7857 13621 13620
f 7857 7858 13622 13621
f 7858 7859 13623 13622
f 7859 7860 13624 13623
f 7860 7861 13625 13624
f 7861 7862 13626 13625
f 7862 7602 13365 13626
o context_existing_tower
usemtl context
f 13627 13628 13629
f 13630 13627 13629
f 13631 13630 13629
f 13632 13631 13629
f 13633 13632 13629
f 13634 13633 13629
f 13635 13634 13629
f 13636 13635 13629
f 13637 13636 13629
f 13638 13637 13629
f 13639 13638 13629
f 13640 13639 13629
f 13641 13640 13629
f 13642 13641 13629
f 13643 13642 13629
f 13644 13643 13629
f 13645 13644 13629
f 13646 13645 13629
f 13647 13646 13629
f 13648 13647 13629
f 13649 13648 13629
f 13650 13649 13629
f 13651 13650 13629
f 13652 13651 13629
f 13653 13652 13629
f 13654 13653 13629
f 13655 13654 13629
f 13656 13655 13629
f 13657 13656 13629
f 13658 13657 13629
f 13659 13658 13629
f 13660 13659 13629
f 13661 13660 13629
f 13662 13661 13629
f 13663 13662 13629
f 13664 13663 13629
f 13665 13664 13629
f 13666 13665 13629
f 13667 13666 13629
f 13668 13667 13629
f 13669 13668 13629
f 13670 13669 13629
f 13671 13670 13629
f 13672 13671 13629
f 13673 13672 13629
f 13674 13673 13629
f 13675 13674 13629
f 13676 13675 13629
f 13677 13676 13629
f 13678 13677 13629
f 13679 13678 13629
f 13680 13679 13629
f 13681 13680 13629
f 13682 13681 13629
f 13683 13682 13629
f 13684 13683 13629
f 13685 13684 13629
f 13686 13685 13629
f 13687 13686 13629
f 13688 13687 13629
f 13689 13688 13629
f 13690 13689 13629
f 13691 13690 13629
f 13692 13691 13629
f 13693 13692 13629
f 13694 13693 13629
f 13695 13694 13629
f 13696 13695 13629
f 13697 13696 13629
f 13698 13697 13629
f 13699 13698 13629
f 13628 13699 13629
f 13628 13627 13700 13701
f 13627 13630 13702 13700
f 13630 13631 13703 13702
f 13631 13632 13704 13703
f 13632 13633 13705 13704
f 13633 13634 13706 13705
f 13634 13635 13707 13706
f 13635 13636 13708 13707
f 13636 13637 13709 13708
f 13637 13638 13710 13709
f 13638 13639 13711 13710
f 13639 13640 13712 13711
f 13640 13641 13713 13712
f 13641 13642 13714 13713
f 13642 13643 13715 13714
f 13643 13644 13716 13715
f 13644 13645 13717 13716
f 13645 13646 13718 13717
f 13646 13647 13719 13718
f 13647 13648 13720 13719
f 13648 13649 13721 13720
f 13649 13650 13722 13721
f 13650 13651 13723 13722
f 13651 13652 13724 13723
f 13652 13653 13725 13724
f 13653 13654 13726 13725
f 13654 13655 13727 13726
f 13655 13656 13728 13727
f 13656 13657 13729 13728
f 13657 13658 13730 13729
f 13658 13659 13731 13730
f 13659 13660 13732 13731
f 13660 13661 13733 13732
f 13661 13662 13734 13733
f 13662 13663 13735 13734
f 13663 13664 13736 13735
f 13664 13665 13737 13736
f 13665 13666 13738 13737
f 13666 13667 13739 13738
f 13667 13668 13740 13739
f 13668 13669 13741 13740
f 13669 13670 13742 13741
f 13670 13671 13743 13742
f 13671 13672 13744 13743
f 13672 13673 13745 13744
f 13673 13674 13746 13745
f 13674 13675 13747 13746
f 13675 13676 13748 13747
f 13676 13677 13749 13748
f 13677 13678 13750 13749
f 13678 13679 13751 13750
f 13679 13680 13752 13751
f 13680 13681 13753 13752
f 13681 13682 13754 13753
f 13682 13683 13755 13754
f 13683 13684 13756 13755
f 13684 13685 13757 13756
f 13685 13686 13758 13757
f 13686 13687 13759 13758
f 13687 13688 13760 13759
f 13688 13689 13761 13760
f 13689 13690 13762 13761
f 13690 13691 13763 13762
f 13691 13692 13764 13763
f 13692 13693 13765 13764
f 13693 13694 13766 13765
f 13694 13695 13767 13766
f 13695 13696 13768 13767
f 13696 13697 13769 13768
f 13697 13698 13770 13769
f 13698 13699 13771 13770
f 13699 13628 13701 13771
f 13701 13700 13772 13773
f 13700 13702 13774 13772
f 13702 13703 13775 13774
f 13703 13704 13776 13775
f 13704 13705 13777 13776
f 13705 13706 13778 13777
f 13706 13707 13779 13778
f 13707 13708 13780 13779
f 13708 13709 13781 13780
f 13709 13710 13782 13781
f 13710 13711 13783 13782
f 13711 13712 13784 13783
f 13712 13713 13785 13784
f 13713 13714 13786 13785
f 13714 13715 13787 13786
f 13715 13716 13788 13787
f 13716 13717 13789 13788
f 13717 13718 13790 13789
f 13718 13719 13791 13790
f 13719 13720 13792 13791
f 13720 13721 13793 13792
f 13721 13722 13794 13793
f 13722 13723 13795 13794
f 13723 13724 13796 13795
f 13724 13725 13797 13796
f 13725 13726 13798 13797
f 13726 13727 13799 13798
f 13727 13728 13800 13799
f 13728 13729 13801 13800
f 13729 13730 13802 13801
f 13730 13731 13803 13802
f 13731 13732 13804 13803
f 13732 13733 13805 13804
f 13733 13734 13806 13805
f 13734 13735 13807 13806
f 13735 13736 13808 13807
f 13736 13737 13809 13808
f 13737 13738 13810 13809
f 13738 13739 13811 13810
f 13739 13740 13812 13811
f 13740 13741 13813 13812
f 13741 13742 13814 13813
f 13742 13743 13815 13814
f 13743 13744 13816 13815
f 13744 13745 13817 13816
f 13745 13746 13818 13817
f 13746 13747 13819 13818
f 13747 13748 13820 13819
f 13748 13749 13821 13820
f 13749 13750 13822 13821
f 13750 13751 13823 13822
f 13751 13752 13824 13823
f 13752 13753 13825 13824
f 13753 13754 13826 13825
f 13754 13755 13827 13826
f 13755 13756 13828 13827
f 13756 13757 13829 13828
f 13757 13758 13830 13829
f 13758 13759 13831 13830
f 13759 13760 13832 13831
f 13760 13761 13833 13832
f 13761 13762 13834 13833
f 13762 13763 13835 13834
f 13763 13764 13836 13835
f 13764 13765 13837 13836
f 13765 13766 13838 13837
f 13766 13767 13839 13838
f 13767 13768 13840 13839
f 13768 13769 13841 13840
f 13769 13770 13842 13841
f 13770 13771 13843 13842
f 13771 13701 13773 13843
f 13773 13772 13844 13845
f 13772 13774 13846 13844
f 13774 13775 13847 13846
f 13775 13776 13848 13847
f 13776 13777 13849 13848
f 13777 13778 13850 13849
f 13778 13779 13851 13850
f 13779 13780 13852 13851
f 13780 13781 13853 13852
f 13781 13782 13854 13853
f 13782 13783 13855 13854
f 13783 13784 13856 13855
f 13784 13785 13857 13856
f 13785 13786 13858 13857
f 13786 13787 13859 13858
f 13787 13788 13860 13859
f 13788 13789 13861 13860
f 13789 13790 13862 13861
f 13790 13791 13863 13862
f 13791 13792 13864 13863
f 13792 13793 13865 13864
f 13793 13794 13866 13865
f 13794 13795 13867 13866
f 13795 13796 13868 13867
f 13796 13797 13869 13868
f 13797 13798 13870 13869
f 13798 13799 13871 13870
f 13799 13800 13872 13871
f 13800 13801 13873 13872
f 13801 13802 13874 13873
f 13802 13803 13875 13874
f 13803 13804 13876 13875
f 13804 13805 13877 13876
f 13805 13806 13878 13877
f 13806 13807 13879 13878
f 13807 13808 13880 13879
f 13808 13809 13881 13880
f 13809 13810 13882 13881
f 13810 13811 13883 13882
f 13811 13812 13884 13883
f 13812 13813 13885 13884
f 13813 13814 13886 13885
f 13814 13815 13887 13886
f 13815 13816 13888 13887
f 13816 13817 13889 13888
f 13817 13818 13890 13889
f 13818 13819 13891 13890
f 13819 13820 13892 13891
f 13820 13821 13893 13892
f 13821 13822 13894 13893
f 13822 13823 13895 13894
f 13823 13824 13896 13895
f 13824 13825 13897 13896
f 13825 13826 13898 13897
f 13826 13827 13899 13898
f 13827 13828 13900 13899
f 13828 13829 13901 13900
f 13829 13830 13902 13901
f 13830 13831 13903 13902
f 13831 13832 13904 13903
f 13832 13833 13905 13904
f 13833 13834 13906 13905
f 13834 13835 13907 13906
f 13835 13836 13908 13907
f 13836 13837 13909 13908
f 13837 13838 13910 13909
f 13838 13839 13911 13910
f 13839 13840 13912 13911
f 13840 13841 13913 13912
f 13841 13842 13914 13913
f 13842 13843 13915 13914
f 13843 13773 13845 13915
f 13845 13844 13916 13917
f 13844 13846 13918 13916
f 13846 13847 13919 13918
f 13847 13848 13920 13919
f 13848 13849 13921 13920
f 13849 13850 13922 13921
f 13850 13851 13923 13922
f 13851 13852 13924 13923
f 13852 13853 13925 13924
f 13853 13854 13926 13925
f 13854 13855 13927 13926
f 13855 13856 13928 13927
f 13856 13857 13929 13928
f 13857 13858 13930 13929
f 13858 13859 13931 13930
f 13859 13860 13932 13931
f 13860 13861 13933 13932
f 13861 13862 13934 13933
f 13862 13863 13935 13934
f 13863 13864 13936 13935
f 13864 13865 13937 13936
f 13865 13866 13938 13937
f 13866 13867 13939 13938
f 13867 13868 13940 13939
f 13868 13869 13941 13940
f 13869 13870 13942 13941
f 13870 13871 13943 13942
f 13871 13872 13944 13943
f 13872 13873 13945 13944
f 13873 13874 13946 13945
f 13874 13875 13947 13946
f 13875 13876 13948 13947
f 13876 13877 13949 13948
f 13877 13878 13950 13949
f 13878 13879 13951 13950
f 13879 13880 13952 13951
f 13880 13881 13953 13952
f 13881 13882 13954 13953
f 13882 13883 13955 13954
f 13883 13884 13956 13955
f 13884 13885 13957 13956
f 13885 13886 13958 13957
f 13886 13887 13959 13958
f 13887 13888 13960 13959
f 13888 13889 13961 13960
f 13889 13890 13962 13961
f 13890 13891 13963 13962
f 13891 13892 13964 13963
f 13892 13893 13965 13964
f 13893 13894 13966 13965
f 13894 13895 13967 13966
f 13895 13896 13968 13967
f 13896 13897 13969 13968
f 13897 13898 13970 13969
f 13898 13899 13971 13970
f 13899 13900 13972 13971
f 13900 13901 13973 13972
f 13901 13902 13974 13973
f 13902 13903 13975 13974
f 13903 13904 13976 13975
f 13904 13905 13977 13976
f 13905 13906 13978 13977
f 13906 13907 13979 13978
f 13907 13908 13980 13979
f 13908 13909 13981 13980
f 13909 13910 13982 13981
f 13910 13911 13983 13982
f 13911 13912 13984 13983
f 13912 13913 13985 13984
f 13913 13914 13986 13985
f 13914 13915 13987 13986
f 13915 13845 13917 13987
f 13917 13916 13988 13989
f 13916 13918 13990 13988
f 13918 13919 13991 13990
f 13919 13920 13992 13991
f 13920 13921 13993 13992
f 13921 13922 13994 13993
f 13922 13923 13995 13994
f 13923 13924 13996 13995
f 13924 13925 13997 13996
f 13925 13926 13998 13997
f 13926 13927 13999 13998
f 13927 13928 14000 13999
f 13928 13929 14001 14000
f 13929 13930 14002 14001
f 13930 13931 14003 14002
f 13931 13932 14004 14003
f 13932 13933 14005 14004
f 13933 13934 14006 14005
f 13934 13935 14007 14006
f 13935 13936 14008 14007
f 13936 13937 14009 14008
f 13937 13938 14010 14009
f 13938 13939 14011 14010
f 13939 13940 14012 14011
f 13940 13941 14013 14012
f 13941 13942 14014 14013
f 13942 13943 14015 14014
f 13943 13944 14016 14015
f 13944 13945 14017 14016
f 13945 13946 14018 14017
f 13946 13947 14019 14018
f 13947 13948 14020 14019
f 13948 13949 14021 14020
f 13949 13950 14022 14021
f 13950 13951 14023 14022
f 13951 13952 14024 14023
f 13952 13953 14025 14024
f 13953 13954 14026 14025
f 13954 13955 14027 14026
f 13955 13956 14028 14027
f 13956 13957 14029 14028
f 13957 13958 14030 14029
f 13958 13959 14031 14030
f 13959 13960 14032 14031
f 13960 13961 14033 14032
f 13961 13962 14034 14033
f 13962 13963 14035 14034
f 13963 13964 14036 14035
f 13964 13965 14037 14036
f 13965 13966 14038 14037
f 13966 13967 14039 14038
f 13967 13968 14040 14039
f 13968 13969 14041 14040
f 13969 13970 14042 14041
f 13970 13971 14043 14042
f 13971 13972 14044 14043
f 13972 13973 14045 14044
f 13973 13974 14046 14045
f 13974 13975 14047 14046
f 13975 13976 14048 14047
f 13976 13977 14049 14048
f 13977 13978 14050 14049
f 13978 13979 14051 14050
f 13979 13980 14052 14051
f 13980 13981 14053 14052
f 13981 13982 14054 14053
f 13982 13983 14055 14054
f 13983 13984 14056 14055
f 13984 13985 14057 14056
f 13985 13986 14058 14057
f 13986 13987 14059 14058
f 13987 13917 13989 14059
f 13989 13988 14060 14061
f 13988 13990 14062 14060
f 13990 13991 14063 14062
f 13991 13992 14064 14063
f 13992 13993 14065 14064
f 13993 13994 14066 14065
f 13994 13995 14067 14066
f 13995 13996 14068 14067
f 13996 13997 14069 14068
f 13997 13998 14070 14069
f 13998 13999 14071 14070
f 13999 14000 14072 14071
f 14000 14001 14073 14072
f 14001 14002 14074 14073
f 14002 14003 14075 14074
f 14003 14004 14076 14075
f 14004 14005 14077 14076
f 14005 14006 14078 14077
f 14006 14007 14079 14078
f 14007 14008 14080 14079
f 14008 14009 14081 14080
f 14009 14010 14082 14081
f 14010 14011 14083 14082
f 14011 14012 14084 14083
f 14012 14013 14085 14084
f 14013 14014 14086 14085
f 14014 14015 14087 14086
f 14015 14016 14088 14087
f 14016 14017 14089 14088
f 14017 14018 14090 14089
f 14018 14019 14091 14090
f 14019 14020 14092 14091
f 14020 14021 14093 14092
f 14021 14022 14094 14093
f 14022 14023 14095 14094
f 14023 14024 14096 14095
f 14024 14025 14097 14096
f 14025 14026 14098 14097
f 14026 14027 14099 14098
f 14027 14028 14100 14099
f 14028 14029 14101 14100
f 14029 14030 14102 14101
f 14030 14031 14103 14102
f 14031 14032 14104 14103
f 14032 14033 14105 14104
f 14033 14034 14106 14105
f 14034 14035 14107 14106
f 14035 14036 14108 14107
f 14036 14037 14109 14108
f 14037 14038 14110 14109
f 14038 14039 14111 14110
f 14039 14040 14112 14111
f 14040 14041 14113 14112
f 14041 14042 14114 14113
f 14042 14043 14115 14114
f 14043 14044 14116 14115
f 14044 14045 14117 14116
f 14045 14046 14118 14117
f 14046 14047 14119 14118
f 14047 14048 14120 14119
f 14048 14049 14121 14120
f 14049 14050 14122 14121
f 14050 14051 14123 14122
f 14051 14052 14124 14123
f 14052 14053 14125 14124
f 14053 14054 14126 14125
f 14054 14055 14127 14126
f 14055 14056 14128 14127
f 14056 14057 14129 14128
f 14057 14058 14130 14129
f 14058 14059 14131 14130
f 14059 13989 14061 14131
f 14061 14060 14132 14133
f 14060 14062 14134 14132
f 14062 14063 14135 14134
f 14063 14064 14136 14135
f 14064 14065 14137 14136
f 14065 14066 14138 14137
f 14066 14067 14139 14138
f 14067 14068 14140 14139
f 14068 14069 14141 14140
f 14069 14070 14142 14141
f 14070 14071 14143 14142
f 14071 14072 14144 14143
f 14072 14073 14145 14144
f 14073 14074 14146 14145
f 14074 14075 14147 14146
f 14075 14076 14148 14147
f 14076 14077 14149 14148
f 14077 14078 14150 14149
f 14078 14079 14151 14150
f 14079 14080 14152 14151
f 14080 14081 14153 14152
f 14081 14082 14154 14153
f 14082 14083 14155 14154
f 14083 14084 14156 14155
f 14084 14085 14157 14156
f 14085 14086 14158 14157
f 14086 14087 14159 14158
f 14087 14088 14160 14159
f 14088 14089 14161 14160
f 14089 14090 14162 14161
f 14090 14091 14163 14162
f 14091 14092 14164 14163
f 14092 14093 14165 14164
f 14093 14094 14166 14165
f 14094 14095 14167 14166
f 14095 14096 14168 14167
f 14096 14097 14169 14168
f 14097 14098 14170 14169
f 14098 14099 14171 14170
f 14099 14100 14172 14171
f 14100 14101 14173 14172
f 14101 14102 14174 14173
f 14102 14103 14175 14174
f 14103 14104 14176 14175
f 14104 14105 14177 14176
f 14105 14106 14178 14177
f 14106 14107 14179 14178
f 14107 14108 14180 14179
f 14108 14109 14181 14180
f 14109 14110 14182 14181
f 14110 14111 14183 14182
f 14111 14112 14184 14183
f 14112 14113 14185 14184
f 14113 14114 14186 14185
f 14114 14115 14187 14186
f 14115 14116 14188 14187
f 14116 14117 14189 14188
f 14117 14118 14190 14189
f 14118 14119 14191 14190
f 14119 14120 14192 14191
f 14120 14121 14193 14192
f 14121 14122 14194 14193
f 14122 14123 14195 14194
f 14123 14124 14196 14195
f 14124 14125 14197 14196
f 14125 14126 14198 14197
f 14126 14127 14199 14198
f 14127 14128 14200 14199
f 14128 14129 14201 14200
f 14129 14130 14202 14201
f 14130 14131 14203 14202
f 14131 14061 14133 14203
f 14133 14132 14204 14205
f 14132 14134 14206 14204
f 14134 14135 14207 14206
f 14135 14136 14208 14207
f 14136 14137 14209 14208
f 14137 14138 14210 14209
f 14138 14139 14211 14210
f 14139 14140 14212 14211
f 14140 14141 14213 14212
f 14141 14142 14214 14213
f 14142 14143 14215 14214
f 14143 14144 14216 14215
f 14144 14145 14217 14216
f 14145 14146 14218 14217
f 14146 14147 14219 14218
f 14147 14148 14220 14219
f 14148 14149 14221 14220
f 14149 14150 14222 14221
f 14150 14151 14223 14222
f 14151 14152 14224 14223
f 14152 14153 14225 14224
f 14153 14154 14226 14225
f 14154 14155 14227 14226
f 14155 14156 14228 14227
f 14156 14157 14229 14228
f 14157 14158 14230 14229
f 14158 14159 14231 14230
f 14159 14160 14232 14231
f 14160 14161 14233 14232
f 14161 14162 14234 14233
f 14162 14163 14235 14234
f 14163 14164 14236 14235
f 14164 14165 14237 14236
f 14165 14166 14238 14237
f 14166 14167 14239 14238
f 14167 14168 14240 14239
f 14168 14169 14241 14240
f 14169 14170 14242 14241
f 14170 14171 14243 14242
f 14171 14172 14244 14243
f 14172 14173 14245 14244
f 14173 14174 14246 14245
f 14174 14175 14247 14246
f 14175 14176 14248 14247
f 14176 14177 14249 14248
f 14177 14178 14250 14249
f 14178 14179 14251 14250
f 14179 14180 14252 14251
f 14180 14181 14253 14252
f 14181 14182 14254 14253
f 14182 14183 14255 14254
f 14183 14184 14256 14255
f 14184 14185 14257 14256
f 14185 14186 14258 14257
f 14186 14187 14259 14258
f 14187 14188 14260 14259
f 14188 14189 14261 14260
f 14189 14190 14262 14261
f 14190 14191 14263 14262
f 14191 14192 14264 14263
f 14192 14193 14265 14264
f 14193 14194 14266 14265
f 14194 14195 14267 14266
f 14195 14196 14268 14267
f 14196 14197 14269 14268
f 14197 14198 14270 14269
f 14198 14199 14271 14270
f 14199 14200 14272 14271
f 14200 14201 14273 14272
f 14201 14202 14274 14273
f 14202 14203 14275 14274
f 14203 14133 14205 14275
f 14205 14204 14276 14277
f 14204 14206 14278 14276
f 14206 14207 14279 14278
f 14207 14208 14280 14279
f 14208 14209 14281 14280
f 14209 14210 14282 14281
f 14210 14211 14283 14282
f 14211 14212 14284 14283
f 14212 14213 14285 14284
f 14213 14214 14286 14285
f 14214 14215 14287 14286
f 14215 14216 14288 14287
f 14216 14217 14289 14288
f 14217 14218 14290 14289
f 14218 14219 14291 14290
f 14219 14220 14292 14291
f 14220 14221 14293 14292
f 14221 14222 14294 14293
f 14222 14223 14295 14294
f 14223 14224 14296 14295
f 14224 14225 14297 14296
f 14225 14226 14298 14297
f 14226 14227 14299 14298
f 14227 14228 14300 14299
f 14228 14229 14301 14300
f 14229 14230 14302 14301
f 14230 14231 14303 14302
f 14231 14232 14304 14303
f 14232 14233 14305 14304
f 14233 14234 14306 14305
f 14234 14235 14307 14306
f 14235 14236 14308 14307
f 14236 14237 14309 14308
f 14237 14238 14310 14309
f 14238 14239 14311 14310
f 14239 14240 14312 14311
f 14240 14241 14313 14312
f 14241 14242 14314 14313
f 14242 14243 14315 14314
f 14243 14244 14316 14315
f 14244 14245 14317 14316
f 14245 14246 14318 14317
f 14246 14247 14319 14318
f 14247 14248 14320 14319
f 14248 14249 14321 14320
f 14249 14250 14322 14321
f 14250 14251 14323 14322
f 14251 14252 14324 14323
f 14252 14253 14325 14324
f 14253 14254 14326 14325
f 14254 14255 14327 14326
f 14255 14256 14328 14327
f 14256 14257 14329 14328
f 14257 14258 14330 14329
f 14258 14259 14331 14330
f 14259 14260 14332 14331
f 14260 14261 14333 14332
f 14261 14262 14334 14333
f 14262 14263 14335 14334
f 14263 14264 14336 14335
f 14264 14265 14337 14336
f 14265 14266 14338 14337
f 14266 14267 14339 14338
f 14267 14268 14340 14339
f 14268 14269 14341 14340
f 14269 14270 14342 14341
f 14270 14271 14343 14342
f 14271 14272 14344 14343
f 14272 14273 14345 14344
f 14273 14274 14346 14345
f 14274 14275 14347 14346
f 14275 14205 14277 14347
f 14277 14276 14348 14349
f 14276 14278 14350 14348
f 14278 14279 14351 14350
f 14279 14280 14352 14351
f 14280 14281 14353 14352
f 14281 14282 14354 14353
f 14282 14283 14355 14354
f 14283 14284 14356 14355
f 14284 14285 14357 14356
f 14285 14286 14358 14357
f 14286 14287 14359 14358
f 14287 14288 14360 14359
f 14288 14289 14361 14360
f 14289 14290 14362 14361
f 14290 14291 14363 14362
f 14291 14292 14364 14363
f 14292 14293 14365 14364
f 14293 14294 14366 14365
f 14294 14295 14367 14366
f 14295 14296 14368 14367
f 14296 14297 14369 14368
f 14297 14298 14370 14369
f 14298 14299 14371 14370
f 14299 14300 14372 14371
f 14300 14301 14373 14372
f 14301 14302 14374 14373
f 14302 14303 14375 14374
f 14303 14304 14376 14375
f 14304 14305 14377 14376
f 14305 14306 14378 14377
f 14306 14307 14379 14378
f 14307 14308 14380 14379
f 14308 14309 14381 14380
f 14309 14310 14382 14381
f 14310 14311 14383 14382
f 14311 14312 14384 14383
f 14312 14313 14385 14384
f 14313 14314 14386 14385
f 14314 14315 14387 14386
f 14315 14316 14388 14387
f 14316 14317 14389 14388
f 14317 14318 14390 14389
f 14318 14319 14391 14390
f 14319 14320 14392 14391
f 14320 14321 14393 14392
f 14321 14322 14394 14393
f 14322 14323 14395 14394
f 14323 14324 14396 14395
f 14324 14325 14397 14396
f 14325 14326 14398 14397
f 14326 14327 14399 14398
f 14327 14328 14400 14399
f 14328 14329 14401 14400
f 14329 14330 14402 14401
f 14330 14331 14403 14402
f 14331 14332 14404 14403
f 14332 14333 14405 14404
f 14333 14334 14406 14405
f 14334 14335 14407 14406
f 14335 14336 14408 14407
f 14336 14337 14409 14408
f 14337 14338 14410 14409
f 14338 14339 14411 14410
f 14339 14340 14412 14411
f 14340 14341 14413 14412
f 14341 14342 14414 14413
f 14342 14343 14415 14414
f 14343 14344 14416 14415
f 14344 14345 14417 14416
f 14345 14346 14418 14417
f 14346 14347 14419 14418
f 14347 14277 14349 14419
f 14349 14348 14420 14421
f 14348 14350 14422 14420
f 14350 14351 14423 14422
f 14351 14352 14424 14423
f 14352 14353 14425 14424
f 14353 14354 14426 14425
f 14354 14355 14427 14426
f 14355 14356 14428 14427
f 14356 14357 14429 14428
f 14357 14358 14430 14429
f 14358 14359 14431 14430
f 14359 14360 14432 14431
f 14360 14361 14433 14432
f 14361 14362 14434 14433
f 14362 14363 14435 14434
f 14363 14364 14436 14435
f 14364 14365 14437 14436
f 14365 14366 14438 14437
f 14366 14367 14439 14438
f 14367 14368 14440 14439
f 14368 14369 14441 14440
f 14369 14370 14442 14441
f 14370 14371 14443 14442
f 14371 14372 14444 14443
f 14372 14373 14445 14444
f 14373 14374 14446 14445
f 14374 14375 14447 14446
f 14375 14376 14448 14447
f 14376 14377 14449 14448
f 14377 14378 14450 14449
f 14378 14379 14451 14450
f 14379 14380 14452 14451
f 14380 14381 14453 14452
f 14381 14382 14454 14453
f 14382 14383 14455 14454
f 14383 14384 14456 14455
f 14384 14385 14457 14456
f 14385 14386 14458 14457
f 14386 14387 14459 14458
f 14387 14388 14460 14459
f 14388 14389 14461 14460
f 14389 14390 14462 14461
f 14390 14391 14463 14462
f 14391 14392 14464 14463
f 14392 14393 14465 14464
f 14393 14394 14466 14465
f 14394 14395 14467 14466
f 14395 14396 14468 14467
f 14396 14397 14469 14468
f 14397 14398 14470 14469
f 14398 14399 14471 14470
f 14399 14400 14472 14471
f 14400 14401 14473 14472
f 14401 14402 14474 14473
f 14402 14403 14475 14474
f 14403 14404 14476 14475
f 14404 14405 14477 14476
f 14405 14406 14478 14477
f 14406 14407 14479 14478
f 14407 14408 14480 14479
f 14408 14409 14481 14480
f 14409 14410 14482 14481
f 14410 14411 14483 14482
f 14411 14412 14484 14483
f 14412 14413 14485 14484
f 14413 14414 14486 14485
f 14414 14415 14487 14486
f 14415 14416 14488 14487
f 14416 14417 14489 14488
f 14417 14418 14490 14489
f 14418 14419 14491 14490
f 14419 14349 14421 14491
f 14421 14420 14492 14493
f 14420 14422 14494 14492
f 14422 14423 14495 14494
f 14423 14424 14496 14495
f 14424 14425 14497 14496
f 14425 14426 14498 14497
f 14426 14427 14499 14498
f 14427 14428 14500 14499
f 14428 14429 14501 14500
f 14429 14430 14502 14501
f 14430 14431 14503 14502
f 14431 14432 14504 14503
f 14432 14433 14505 14504
f 14433 14434 14506 14505
f 14434 14435 14507 14506
f 14435 14436 14508 14507
f 14436 14437 14509 14508
f 14437 14438 14510 14509
f 14438 14439 14511 14510
f 14439 14440 14512 14511
f 14440 14441 14513 14512
f 14441 14442 14514 14513
f 14442 14443 14515 14514
f 14443 14444 14516 14515
f 14444 14445 14517 14516
f 14445 14446 14518 14517
f 14446 14447 14519 14518
f 14447 14448 14520 14519
f 14448 14449 14521 14520
f 14449 14450 14522 14521
f 14450 14451 14523 14522
f 14451 14452 14524 14523
f 14452 14453 14525 14524
f 14453 14454 14526 14525
f 14454 14455 14527 14526
f 14455 14456 14528 14527
f 14456 14457 14529 14528
f 14457 14458 14530 14529
f 14458 14459 14531 14530
f 14459 14460 14532 14531
f 14460 14461 14533 14532
f 14461 14462 14534 14533
f 14462 14463 14535 14534
f 14463 14464 14536 14535
f 14464 14465 14537 14536
f 14465 14466 14538 14537
f 14466 14467 14539 14538
f 14467 14468 14540 14539
f 14468 14469 14541 14540
f 14469 14470 14542 14541
f 14470 14471 14543 14542
f 14471 14472 14544 14543
f 14472 14473 14545 14544
f 14473 14474 14546 14545
f 14474 14475 14547 14546
f 14475 14476 14548 14547
f 14476 14477 14549 14548
f 14477 14478 14550 14549
f 14478 14479 14551 14550
f 14479 14480 14552 14551
f 14480 14481 14553 14552
f 14481 14482 14554 14553
f 14482 14483 14555 14554
f 14483 14484 14556 14555
f 14484 14485 14557 14556
f 14485 14486 14558 14557
f 14486 14487 14559 14558
f 14487 14488 14560 14559
f 14488 14489 14561 14560
f 14489 14490 14562 14561
f 14490 14491 14563 14562
f 14491 14421 14493 14563
f 14493 14492 14564 14565
f 14492 14494 14566 14564
f 14494 14495 14567 14566
f 14495 14496 14568 14567
f 14496 14497 14569 14568
f 14497 14498 14570 14569
f 14498 14499 14571 14570
f 14499 14500 14572 14571
f 14500 14501 14573 14572
f 14501 14502 14574 14573
f 14502 14503 14575 14574
f 14503 14504 14576 14575
f 14504 14505 14577 14576
f 14505 14506 14578 14577
f 14506 14507 14579 14578
f 14507 14508 14580 14579
f 14508 14509 14581 14580
f 14509 14510 14582 14581
f 14510 14511 14583 14582
f 14511 14512 14584 14583
f 14512 14513 14585 14584
f 14513 14514 14586 14585
f 14514 14515 14587 14586
f 14515 14516 14588 14587
f 14516 14517 14589 14588
f 14517 14518 14590 14589
f 14518 14519 14591 14590
f 14519 14520 14592 14591
f 14520 14521 14593 14592
f 14521 14522 14594 14593
f 14522 14523 14595 14594
f 14523 14524 14596 14595
f 14524 14525 14597 14596
f 14525 14526 14598 14597
f 14526 14527 14599 14598
f 14527 14528 14600 14599
f 14528 14529 14601 14600
f 14529 14530 14602 14601
f 14530 14531 14603 14602
f 14531 14532 14604 14603
f 14532 14533 14605 14604
f 14533 14534 14606 14605
f 14534 14535 14607 14606
f 14535 14536 14608 14607
f 14536 14537 14609 14608
f 14537 14538 14610 14609
f 14538 14539 14611 14610
f 14539 14540 14612 14611
f 14540 14541 14613 14612
f 14541 14542 14614 14613
f 14542 14543 14615 14614
f 14543 14544 14616 14615
f 14544 14545 14617 14616
f 14545 14546 14618 14617
f 14546 14547 14619 14618
f 14547 14548 14620 14619
f 14548 14549 14621 14620
f 14549 14550 14622 14621
f 14550 14551 14623 14622
f 14551 14552 14624 14623
f 14552 14553 14625 14624
f 14553 14554 14626 14625
f 14554 14555 14627 14626
f 14555 14556 14628 14627
f 14556 14557 14629 14628
f 14557 14558 14630 14629
f 14558 14559 14631 14630
f 14559 14560 14632 14631
f 14560 14561 14633 14632
f 14561 14562 14634 14633
f 14562 14563 14635 14634
f 14563 14493 14565 14635
f 14565 14564 14636 14637
f 14564 14566 14638 14636
f 14566 14567 14639 14638
f 14567 14568 14640 14639
f 14568 14569 14641 14640
f 14569 14570 14642 14641
f 14570 14571 14643 14642
f 14571 14572 14644 14643
f 14572 14573 14645 14644
f 14573 14574 14646 14645
f 14574 14575 14647 14646
f 14575 14576 14648 14647
f 14576 14577 14649 14648
f 14577 14578 14650 14649
f 14578 14579 14651 14650
f 14579 14580 14652 14651
f 14580 14581 14653 14652
f 14581 14582 14654 14653
f 14582 14583 14655 14654
f 14583 14584 14656 14655
f 14584 14585 14657 14656
f 14585 14586 14658 14657
f 14586 14587 14659 14658
f 14587 14588 14660 14659
f 14588 14589 14661 14660
f 14589 14590 14662 14661
f 14590 14591 14663 14662
f 14591 14592 14664 14663
f 14592 14593 14665 14664
f 14593 14594 14666 14665
f 14594 14595 14667 14666
f 14595 14596 14668 14667
f 14596 14597 14669 14668
f 14597 14598 14670 14669
f 14598 14599 14671 14670
f 14599 14600 14672 14671
f 14600 14601 14673 14672
f 14601 14602 14674 14673
f 14602 14603 14675 14674
f 14603 14604 14676 14675
f 14604 14605 14677 14676
f 14605 14606 14678 14677
f 14606 14607 14679 14678
f 14607 14608 14680 14679
f 14608 14609 14681 14680
f 14609 14610 14682 14681
f 14610 14611 14683 14682
f 14611 14612 14684 14683
f 14612 14613 14685 14684
f 14613 14614 14686 14685
f 14614 14615 14687 14686
f 14615 14616 14688 14687
f 14616 14617 14689 14688
f 14617 14618 14690 14689
f 14618 14619 14691 14690
f 14619 14620 14692 14691
f 14620 14621 14693 14692
f 14621 14622 14694 14693
f 14622 14623 14695 14694
f 14623 14624 14696 14695
f 14624 14625 14697 14696
f 14625 14626 14698 14697
f 14626 14627 14699 14698
f 14627 14628 14700 14699
f 14628 14629 14701 14700
f 14629 14630 14702 14701
f 14630 14631 14703 14702
f 14631 14632 14704 14703
f 14632 14633 14705 14704
f 14633 14634 14706 14705
f 14634 14635 14707 14706
f 14635 14565 14637 14707
f 14637 14636 14708 14709
f 14636 14638 14710 14708
f 14638 14639 14711 14710
f 14639 14640 14712 14711
f 14640 14641 14713 14712
f 14641 14642 14714 14713
f 14642 14643 14715 14714
f 14643 14644 14716 14715
f 14644 14645 14717 14716
f 14645 14646 14718 14717
f 14646 14647 14719 14718
f 14647 14648 14720 14719
f 14648 14649 14721 14720
f 14649 14650 14722 14721
f 14650 14651 14723 14722
f 14651 14652 14724 14723
f 14652 14653 14725 14724
f 14653 14654 14726 14725
f 14654 14655 14727 14726
f 14655 14656 14728 14727
f 14656 14657 14729 14728
f 14657 14658 14730 14729
f 14658 14659 14731 14730
f 14659 14660 14732 14731
f 14660 14661 14733 14732
f 14661 14662 14734 14733
f 14662 14663 14735 14734
f 14663 14664 14736 14735
f 14664 14665 14737 14736
f 14665 14666 14738 14737
f 14666 14667 14739 14738
f 14667 14668 14740 14739
f 14668 14669 14741 14740
f 14669 14670 14742 14741
f 14670 14671 14743 14742
f 14671 14672 14744 14743
f 14672 14673 14745 14744
f 14673 14674 14746 14745
f 14674 14675 14747 14746
f 14675 14676 14748 14747
f 14676 14677 14749 14748
f 14677 14678 14750 14749
f 14678 14679 14751 14750
f 14679 14680 14752 14751
f 14680 14681 14753 14752
f 14681 14682 14754 14753
f 14682 14683 14755 14754
f 14683 14684 14756 14755
f 14684 14685 14757 14756
f 14685 14686 14758 14757
f 14686 14687 14759 14758
f 14687 14688 14760 14759
f 14688 14689 14761 14760
f 14689 14690 14762 14761
f 14690 14691 14763 14762
f 14691 14692 14764 14763
f 14692 14693 14765 14764
f 14693 14694 14766 14765
f 14694 14695 14767 14766
f 14695 14696 14768 14767
f 14696 14697 14769 14768
f 14697 14698 14770 14769
f 14698 14699 14771 14770
f 14699 14700 14772 14771
f 14700 14701 14773 14772
f 14701 14702 14774 14773
f 14702 14703 14775 14774
f 14703 14704 14776 14775
f 14704 14705 14777 14776
f 14705 14706 14778 14777
f 14706 14707 14779 14778
f 14707 14637 14709 14779
f 14709 14708 14780 14781
f 14708 14710 14782 14780
f 14710 14711 14783 14782
f 14711 14712 14784 14783
f 14712 14713 14785 14784
f 14713 14714 14786 14785
f 14714 14715 14787 14786
f 14715 14716 14788 14787
f 14716 14717 14789 14788
f 14717 14718 14790 14789
f 14718 14719 14791 14790
f 14719 14720 14792 14791
f 14720 14721 14793 14792
f 14721 14722 14794 14793
f 14722 14723 14795 14794
f 14723 14724 14796 14795
f 14724 14725 14797 14796
f 14725 14726 14798 14797
f 14726 14727 14799 14798
f 14727 14728 14800 14799
f 14728 14729 14801 14800
f 14729 14730 14802 14801
f 14730 14731 14803 14802
f 14731 14732 14804 14803
f 14732 14733 14805 14804
f 14733 14734 14806 14805
f 14734 14735 14807 14806
f 14735 14736 14808 14807
f 14736 14737 14809 14808
f 14737 14738 14810 14809
f 14738 14739 14811 14810
f 14739 14740 14812 14811
f 14740 14741 14813 14812
f 14741 14742 14814 14813
f 14742 14743 14815 14814
f 14743 14744 14816 14815
f 14744 14745 14817 14816
f 14745 14746 14818 14817
f 14746 14747 14819 14818
f 14747 14748 14820 14819
f 14748 14749 14821 14820
f 14749 14750 14822 14821
f 14750 14751 14823 14822
f 14751 14752 14824 14823
f 14752 14753 14825 14824
f 14753 14754 14826 14825
f 14754 14755 14827 14826
f 14755 14756 14828 14827
f 14756 14757 14829 14828
f 14757 14758 14830 14829
f 14758 14759 14831 14830
f 14759 14760 14832 14831
f 14760 14761 14833 14832
f 14761 14762 14834 14833
f 14762 14763 14835 14834
f 14763 14764 14836 14835
f 14764 14765 14837 14836
f 14765 14766 14838 14837
f 14766 14767 14839 14838
f 14767 14768 14840 14839
f 14768 14769 14841 14840
f 14769 14770 14842 14841
f 14770 14771 14843 14842
f 14771 14772 14844 14843
f 14772 14773 14845 14844
f 14773 14774 14846 14845
f 14774 14775 14847 14846
f 14775 14776 14848 14847
f 14776 14777 14849 14848
f 14777 14778 14850 14849
f 14778 14779 14851 14850
f 14779 14709 14781 14851
f 14781 14780 14852 14853
f 14780 14782 14854 14852
f 14782 14783 14855 14854
f 14783 14784 14856 14855
f 14784 14785 14857 14856
f 14785 14786 14858 14857
f 14786 14787 14859 14858
f 14787 14788 14860 14859
f 14788 14789 14861 14860
f 14789 14790 14862 14861
f 14790 14791 14863 14862
f 14791 14792 14864 14863
f 14792 14793 14865 14864
f 14793 14794 14866 14865
f 14794 14795 14867 14866
f 14795 14796 14868 14867
f 14796 14797 14869 14868
f 14797 14798 14870 14869
f 14798 14799 14871 14870
f 14799 14800 14872 14871
f 14800 14801 14873 14872
f 14801 14802 14874 14873
f 14802 14803 14875 14874
f 14803 14804 14876 14875
f 14804 14805 14877 14876
f 14805 14806 14878 14877
f 14806 14807 14879 14878
f 14807 14808 14880 14879
f 14808 14809 14881 14880
f 14809 14810 14882 14881
f 14810 14811 14883 14882
f 14811 14812 14884 14883
f 14812 14813 14885 14884
f 14813 14814 14886 14885
f 14814 14815 14887 14886
f 14815 14816 14888 14887
f 14816 14817 14889 14888
f 14817 14818 14890 14889
f 14818 14819 14891 14890
f 14819 14820 14892 14891
f 14820 14821 14893 14892
f 14821 14822 14894 14893
f 14822 14823 14895 14894
f 14823 14824 14896 14895
f 14824 14825 14897 14896
f 14825 14826 14898 14897
f 14826 14827 14899 14898
f 14827 14828 14900 14899
f 14828 14829 14901 14900
f 14829 14830 14902 14901
f 14830 14831 14903 14902
f 14831 14832 14904 14903
f 14832 14833 14905 14904
f 14833 14834 14906 14905
f 14834 14835 14907 14906
f 14835 14836 14908 14907
f 14836 14837 14909 14908
f 14837 14838 14910 14909
f 14838 14839 14911 14910
f 14839 14840 14912 14911
f 14840 14841 14913 14912
f 14841 14842 14914 14913
f 14842 14843 14915 14914
f 14843 14844 14916 14915
f 14844 14845 14917 14916
f 14845 14846 14918 14917
f 14846 14847 14919 14918
f 14847 14848 14920 14919
f 14848 14849 14921 14920
f 14849 14850 14922 14921
f 14850 14851 14923 14922
f 14851 14781 14853 14923
f 14853 14852 14924 14925
f 14852 14854 14926 14924
f 14854 14855 14927 14926
f 14855 14856 14928 14927
f 14856 14857 14929 14928
f 14857 14858 14930 14929
f 14858 14859 14931 14930
f 14859 14860 14932 14931
f 14860 14861 14933 14932
f 14861 14862 14934 14933
f 14862 14863 14935 14934
f 14863 14864 14936 14935
f 14864 14865 14937 14936
f 14865 14866 14938 14937
f 14866 14867 14939 14938
f 14867 14868 14940 14939
f 14868 14869 14941 14940
f 14869 14870 14942 14941
f 14870 14871 14943 14942
f 14871 14872 14944 14943
f 14872 14873 14945 14944
f 14873 14874 14946 14945
f 14874 14875 14947 14946
f 14875 14876 14948 14947
f 14876 14877 14949 14948
f 14877 14878 14950 14949
f 14878 14879 14951 14950
f 14879 14880 14952 14951
f 14880 14881 14953 14952
f 14881 14882 14954 14953
f 14882 14883 14955 14954
f 14883 14884 14956 14955
f 14884 14885 14957 14956
f 14885 14886 14958 14957
f 14886 14887 14959 14958
f 14887 14888 14960 14959
f 14888 14889 14961 14960
f 14889 14890 14962 14961
f 14890 14891 14963 14962
f 14891 14892 14964 14963
f 14892 14893 14965 14964
f 14893 14894 14966 14965
f 14894 14895 14967 14966
f 14895 14896 14968 14967
f 14896 14897 14969 14968
f 14897 14898 14970 14969
f 14898 14899 14971 14970
f 14899 14900 14972 14971
f 14900 14901 14973 14972
f 14901 14902 14974 14973
f 14902 14903 14975 14974
f 14903 14904 14976 14975
f 14904 14905 14977 14976
f 14905 14906 14978 14977
f 14906 14907 14979 14978
f 14907 14908 14980 14979
f 14908 14909 14981 14980
f 14909 14910 14982 14981
f 14910 14911 14983 14982
f 14911 14912 14984 14983
f 14912 14913 14985 14984
f 14913 14914 14986 14985
f 14914 14915 14987 14986
f 14915 14916 14988 14987
f 14916 14917 14989 14988
f 14917 14918 14990 14989
f 14918 14919 14991 14990
f 14919 14920 14992 14991
f 14920 14921 14993 14992
f 14921 14922 14994 14993
f 14922 14923 14995 14994
f 14923 14853 14925 14995
f 14925 14924 14996 14997
f 14924 14926 14998 14996
f 14926 14927 14999 14998
f 14927 14928 15000 14999
f 14928 14929 15001 15000
f 14929 14930 15002 15001
f 14930 14931 15003 15002
f 14931 14932 15004 15003
f 14932 14933 15005 15004
f 14933 14934 15006 15005
f 14934 14935 15007 15006
f 14935 14936 15008 15007
f 14936 14937 15009 15008
f 14937 14938 15010 15009
f 14938 14939 15011 15010
f 14939 14940 15012 15011
f 14940 14941 15013 15012
f 14941 14942 15014 15013
f 14942 14943 15015 15014
f 14943 14944 15016 15015
f 14944 14945 15017 15016
f 14945 14946 15018 15017
f 14946 14947 15019 15018
f 14947 14948 15020 15019
f 14948 14949 15021 15020
f 14949 14950 15022 15021
f 14950 14951 15023 15022
f 14951 14952 15024 15023
f 14952 14953 15025 15024
f 14953 14954 15026 15025
f 14954 14955 15027 15026
f 14955 14956 15028 15027
f 14956 14957 15029 15028
f 14957 14958 15030 15029
f 14958 14959 15031 15030
f 14959 14960 15032 15031
f 14960 14961 15033 15032
f 14961 14962 15034 15033
f 14962 14963 15035 15034
f 14963 14964 15036 15035
f 14964 14965 15037 15036
f 14965 14966 15038 15037
f 14966 14967 15039 15038
f 14967 14968 15040 15039
f 14968 14969 15041 15040
f 14969 14970 15042 15041
f 14970 14971 15043 15042
f 14971 14972 15044 15043
f 14972 14973 15045 15044
f 14973 14974 15046 15045
f 14974 14975 15047 15046
f 14975 14976 15048 15047
f 14976 14977 15049 15048
f 14977 14978 15050 15049
f 14978 14979 15051 15050
f 14979 14980 15052 15051
f 14980 14981 15053 15052
f 14981 14982 15054 15053
f 14982 14983 15055 15054
f 14983 14984 15056 15055
f 14984 14985 15057 15056
f 14985 14986 15058 15057
f 14986 14987 15059 15058
f 14987 14988 15060 15059
f 14988 14989 15061 15060
f 14989 14990 15062 15061
f 14990 14991 15063 15062
f 14991 14992 15064 15063
f 14992 14993 15065 15064
f 14993 14994 15066 15065
f 14994 14995 15067 15066
f 14995 14925 14997 15067
f 14997 14996 15068 15069
f 14996 14998 15070 15068
f 14998 14999 15071 15070
f 14999 15000 15072 15071
f 15000 15001 15073 15072
f 15001 15002 15074 15073
f 15002 15003 15075 15074
f 15003 15004 15076 15075
f 15004 15005 15077 15076
f 15005 15006 15078 15077
f 15006 15007 15079 15078
f 15007 15008 15080 15079
f 15008 15009 15081 15080
f 15009 15010 15082 15081
f 15010 15011 15083 15082
f 15011 15012 15084 15083
f 15012 15013 15085 15084
f 15013 15014 15086 15085
f 15014 15015 15087 15086
f 15015 15016 15088 15087
f 15016 15017 15089 15088
f 15017 15018 15090 15089
f 15018 15019 15091 15090
f 15019 15020 15092 15091
f 15020 15021 15093 15092
f 15021 15022 15094 15093
f 15022 15023 15095 15094
f 15023 15024 15096 15095
f 15024 15025 15097 15096
f 15025 15026 15098 15097
f 15026 15027 15099 15098
f 15027 15028 15100 15099
f 15028 15029 15101 15100
f 15029 15030 15102 15101
f 15030 15031 15103 15102
f 15031 15032 15104 15103
f 15032 15033 15105 15104
f 15033 15034 15106 15105
f 15034 15035 15107 15106
f 15035 15036 15108 15107
f 15036 15037 15109 15108
f 15037 15038 15110 15109
f 15038 15039 15111 15110
f 15039 15040 15112 15111
f 15040 15041 15113 15112
f 15041 15042 15114 15113
f 15042 15043 15115 15114
f 15043 15044 15116 15115
f 15044 15045 15117 15116
f 15045 15046 15118 15117
f 15046 15047 15119 15118
f 15047 15048 15120 15119
f 15048 15049 15121 15120
f 15049 15050 15122 15121
f 15050 15051 15123 15122
f 15051 15052 15124 15123
f 15052 15053 15125 15124
f 15053 15054 15126 15125
f 15054 15055 15127 15126
f 15055 15056 15128 15127
f 15056 15057 15129 15128
f 15057 15058 15130 15129
f 15058 15059 15131 15130
f 15059 15060 15132 15131
f 15060 15061 15133 15132
f 15061 15062 15134 15133
f 15062 15063 15135 15134
f 15063 15064 15136 15135
f 15064 15065 15137 15136
f 15065 15066 15138 15137
f 15066 15067 15139 15138
f 15067 14997 15069 15139
f 15069 15068 15140 15141
f 15068 15070 15142 15140
f 15070 15071 15143 15142
f 15071 15072 15144 15143
f 15072 15073 15145 15144
f 15073 15074 15146 15145
f 15074 15075 15147 15146
f 15075 15076 15148 15147
f 15076 15077 15149 15148
f 15077 15078 15150 15149
f 15078 15079 15151 15150
f 15079 15080 15152 15151
f 15080 15081 15153 15152
f 15081 15082 15154 15153
f 15082 15083 15155 15154
f 15083 15084 15156 15155
f 15084 15085 15157 15156
f 15085 15086 15158 15157
f 15086 15087 15159 15158
f 15087 15088 15160 15159
f 15088 15089 15161 15160
f 15089 15090 15162 15161
f 15090 15091 15163 15162
f 15091 15092 15164 15163
f 15092 15093 15165 15164
f 15093 15094 15166 15165
f 15094 15095 15167 15166
f 15095 15096 15168 15167
f 15096 15097 15169 15168
f 15097 15098 15170 15169
f 15098 15099 15171 15170
f 15099 15100 15172 15171
f 15100 15101 15173 15172
f 15101 15102 15174 15173
f 15102 15103 15175 15174
f 15103 15104 15176 15175
f 15104 15105 15177 15176
f 15105 15106 15178 15177
f 15106 15107 15179 15178
f 15107 15108 15180 15179
f 15108 15109 15181 15180
f 15109 15110 15182 15181
f 15110 15111 15183 15182
f 15111 15112 15184 15183
f 15112 15113 15185 15184
f 15113 15114 15186 15185
f 15114 15115 15187 15186
f 15115 15116 15188 15187
f 15116 15117 15189 15188
f 15117 15118 15190 15189
f 15118 15119 15191 15190
f 15119 15120 15192 15191
f 15120 15121 15193 15192
f 15121 15122 15194 15193
f 15122 15123 15195 15194
f 15123 15124 15196 15195
f 15124 15125 15197 15196
f 15125 15126 15198 15197
f 15126 15127 15199 15198
f 15127 15128 15200 15199
f 15128 15129 15201 15200
f 15129 15130 15202 15201
f 15130 15131 15203 15202
f 15131 15132 15204 15203
f 15132 15133 15205 15204
f 15133 15134 15206 15205
f 15134 15135 15207 15206
f 15135 15136 15208 15207
f 15136 15137 15209 15208
f 15137 15138 15210 15209
f 15138 15139 15211 15210
f 15139 15069 15141 15211
f 15141 15140 15212 15213
f 15140 15142 15214 15212
f 15142 15143 15215 15214
f 15143 15144 15216 15215
f 15144 15145 15217 15216
f 15145 15146 15218 15217
f 15146 15147 15219 15218
f 15147 15148 15220 15219
f 15148 15149 15221 15220
f 15149 15150 15222 15221
f 15150 15151 15223 15222
f 15151 15152 15224 15223
f 15152 15153 15225 15224
f 15153 15154 15226 15225
f 15154 15155 15227 15226
f 15155 15156 15228 15227
f 15156 15157 15229 15228
f 15157 15158 15230 15229
f 15158 15159 15231 15230
f 15159 15160 15232 15231
f 15160 15161 15233 15232
f 15161 15162 15234 15233
f 15162 15163 15235 15234
f 15163 15164 15236 15235
f 15164 15165 15237 15236
f 15165 15166 15238 15237
f 15166 15167 15239 15238
f 15167 15168 15240 15239
f 15168 15169 15241 15240
f 15169 15170 15242 15241
f 15170 15171 15243 15242
f 15171 15172 15244 15243
f 15172 15173 15245 15244
f 15173 15174 15246 15245
f 15174 15175 15247 15246
f 15175 15176 15248 15247
f 15176 15177 15249 15248
f 15177 15178 15250 15249
f 15178 15179 15251 15250
f 15179 15180 15252 15251
f 15180 15181 15253 15252
f 15181 15182 15254 15253
f 15182 15183 15255 15254
f 15183 15184 15256 15255
f 15184 15185 15257 15256
f 15185 15186 15258 15257
f 15186 15187 15259 15258
f 15187 15188 15260 15259
f 15188 15189 15261 15260
f 15189 15190 15262 15261
f 15190 15191 15263 15262
f 15191 15192 15264 15263
f 15192 15193 15265 15264
f 15193 15194 15266 15265
f 15194 15195 15267 15266
f 15195 15196 15268 15267
f 15196 15197 15269 15268
f 15197 15198 15270 15269
f 15198 15199 15271 15270
f 15199 15200 15272 15271
f 15200 15201 15273 15272
f 15201 15202 15274 15273
f 15202 15203 15275 15274
f 15203 15204 15276 15275
f 15204 15205 15277 15276
f 15205 15206 15278 15277
f 15206 15207 15279 15278
f 15207 15208 15280 15279
f 15208 15209 15281 15280
f 15209 15210 15282 15281
f 15210 15211 15283 15282
f 15211 15141 15213 15283
f 15213 15212 15284 15285
f 15212 15214 15286 15284
f 15214 15215 15287 15286
f 15215 15216 15288 15287
f 15216 15217 15289 15288
f 15217 15218 15290 15289
f 15218 15219 15291 15290
f 15219 15220 15292 15291
f 15220 15221 15293 15292
f 15221 15222 15294 15293
f 15222 15223 15295 15294
f 15223 15224 15296 15295
f 15224 15225 15297 15296
f 15225 15226 15298 15297
f 15226 15227 15299 15298
f 15227 15228 15300 15299
f 15228 15229 15301 15300
f 15229 15230 15302 15301
f 15230 15231 15303 15302
f 15231 15232 15304 15303
f 15232 15233 15305 15304
f 15233 15234 15306 15305
f 15234 15235 15307 15306
f 15235 15236 15308 15307
f 15236 15237 15309 15308
f 15237 15238 15310 15309
f 15238 15239 15311 15310
f 15239 15240 15312 15311
f 15240 15241 15313 15312
f 15241 15242 15314 15313
f 15242 15243 15315 15314
f 15243 15244 15316 15315
f 15244 15245 15317 15316
f 15245 15246 15318 15317
f 15246 15247 15319 15318
f 15247 15248 15320 15319
f 15248 15249 15321 15320
f 15249 15250 15322 15321
f 15250 15251 15323 15322
f 15251 15252 15324 15323
f 15252 15253 15325 15324
f 15253 15254 15326 15325
f 15254 15255 15327 15326
f 15255 15256 15328 15327
f 15256 15257 15329 15328
f 15257 15258 15330 15329
f 15258 15259 15331 15330
f 15259 15260 15332 15331
f 15260 15261 15333 15332
f 15261 15262 15334 15333
f 15262 15263 15335 15334
f 15263 15264 15336 15335
f 15264 15265 15337 15336
f 15265 15266 15338 15337
f 15266 15267 15339 15338
f 15267 15268 15340 15339
f 15268 15269 15341 15340
f 15269 15270 15342 15341
f 15270 15271 15343 15342
f 15271 15272 15344 15343
f 15272 15273 15345 15344
f 15273 15274 15346 15345
f 15274 15275 15347 15346
f 15275 15276 15348 15347
f 15276 15277 15349 15348
f 15277 15278 15350 15349
f 15278 15279 15351 15350
f 15279 15280 15352 15351
f 15280 15281 15353 15352
f 15281 15282 15354 15353
f 15282 15283 15355 15354
f 15283 15213 15285 15355
f 15285 15284 15356 15357
f 15284 15286 15358 15356
f 15286 15287 15359 15358
f 15287 15288 15360 15359
f 15288 15289 15361 15360
f 15289 15290 15362 15361
f 15290 15291 15363 15362
f 15291 15292 15364 15363
f 15292 15293 15365 15364
f 15293 15294 15366 15365
f 15294 15295 15367 15366
f 15295 15296 15368 15367
f 15296 15297 15369 15368
f 15297 15298 15370 15369
f 15298 15299 15371 15370
f 15299 15300 15372 15371
f 15300 15301 15373 15372
f 15301 15302 15374 15373
f 15302 15303 15375 15374
f 15303 15304 15376 15375
f 15304 15305 15377 15376
f 15305 15306 15378 15377
f 15306 15307 15379 15378
f 15307 15308 15380 15379
f 15308 15309 15381 15380
f 15309 15310 15382 15381
f 15310 15311 15383 15382
f 15311 15312 15384 15383
f 15312 15313 15385 15384
f 15313 15314 15386 15385
f 15314 15315 15387 15386
f 15315 15316 15388 15387
f 15316 15317 15389 15388
f 15317 15318 15390 15389
f 15318 15319 15391 15390
f 15319 15320 15392 15391
f 15320 15321 15393 15392
f 15321 15322 15394 15393
f 15322 15323 15395 15394
f 15323 15324 15396 15395
f 15324 15325 15397 15396
f 15325 15326 15398 15397
f 15326 15327 15399 15398
f 15327 15328 15400 15399
f 15328 15329 15401 15400
f 15329 15330 15402 15401
f 15330 15331 15403 15402
f 15331 15332 15404 15403
f 15332 15333 15405 15404
f 15333 15334 15406 15405
f 15334 15335 15407 15406
f 15335 15336 15408 15407
f 15336 15337 15409 15408
f 15337 15338 15410 15409
f 15338 15339 15411 15410
f 15339 15340 15412 15411
f 15340 15341 15413 15412
f 15341 15342 15414 15413
f 15342 15343 15415 15414
f 15343 15344 15416 15415
f 15344 15345 15417 15416
f 15345 15346 15418 15417
f 15346 15347 15419 15418
f 15347 15348 15420 15419
f 15348 15349 15421 15420
f 15349 15350 15422 15421
f 15350 15351 15423 15422
f 15351 15352 15424 15423
f 15352 15353 15425 15424
f 15353 15354 15426 15425
f 15354 15355 15427 15426
f 15355 15285 15357 15427
f 15357 15356 15428
f 15356 15358 15428
f 15358 15359 15428
f 15359 15360 15428
f 15360 15361 15428
f 15361 15362 15428
f 15362 15363 15428
f 15363 15364 15428
f 15364 15365 15428
f 15365 15366 15428
f 15366 15367 15428
f 15367 15368 15428
f 15368 15369 15428
f 15369 15370 15428
f 15370 15371 15428
f 15371 15372 15428
f 15372 15373 15428
f 15373 15374 15428
f 15374 15375 15428
f 15375 15376 15428
f 15376 15377 15428
f 15377 15378 15428
f 15378 15379 15428
f 15379 15380 15428
f 15380 15381 15428
f 15381 15382 15428
f 15382 15383 15428
f 15383 15384 15428
f 15384 15385 15428
f 15385 15386 15428
f 15386 15387 15428
f 15387 15388 15428
f 15388 15389 15428
f 15389 15390 15428
f 15390 15391 15428
f 15391 15392 15428
f 15392 15393 15428
f 15393 15394 15428
f 15394 15395 15428
f 15395 15396 15428
f 15396 15397 15428
f 15397 15398 15428
f 15398 15399 15428
f 15399 15400 15428
f 15400 15401 15428
f 15401 15402 15428
f 15402 15403 15428
f 15403 15404 15428
f 15404 15405 15428
f 15405 15406 15428
f 15406 15407 15428
f 15407 15408 15428
f 15408 15409 15428
f 15409 15410 15428
f 15410 15411 15428
f 15411 15412 15428
f 15412 15413 15428
f 15413 15414 15428
f 15414 15415 15428
f 15415 15416 15428
f 15416 15417 15428
f 15417 15418 15428
f 15418 15419 15428
f 15419 15420 15428
f 15420 15421 15428
f 15421 15422 15428
f 15422 15423 15428
f 15423 15424 15428
f 15424 15425 15428
f 15425 15426 15428
f 15426 15427 15428
f 15427 15357 15428
o context_mast
usemtl context
f 15429 15430 15431 15432
f 15430 15433 15434 15431
f 15433 15435 15436 15434
f 15435 15429 15432 15436
f 15432 15431 15437
f 15431 15434 15437
f 15434 15436 15437
f 15436 15432 15437
o context_podium
usemtl context
f 15438 15439 15440
f 15441 15438 15440
f 15442 15441 15440
f 15443 15442 15440
f 15444 15443 15440
f 15445 15444 15440
f 15446 15445 15440
f 15447 15446 15440
f 15448 15447 15440
f 15449 15448 15440
f 15450 15449 15440
f 15451 15450 15440
f 15452 15451 15440
f 15453 15452 15440
f 15454 15453 15440
f 15455 15454 15440
f 15456 15455 15440
f 15457 15456 15440
f 15458 15457 15440
f 15459 15458 15440
f 15460 15459 15440
f 15461 15460 15440
f 15462 15461 15440
f 15463 15462 15440
f 15464 15463 15440
f 15465 15464 15440
f 15466 15465 15440
f 15467 15466 15440
f 15468 15467 15440
f 15469 15468 15440
f 15470 15469 15440
f 15471 15470 15440
f 15472 15471 15440
f 15473 15472 15440
f 15474 15473 15440
f 15475 15474 15440
f 15476 15475 15440
f 15477 15476 15440
f 15478 15477 15440
f 15479 15478 15440
f 15480 15479 15440
f 15481 15480 15440
f 15482 15481 15440
f 15483 15482 15440
f 15484 15483 15440
f 15485 15484 15440
f 15486 15485 15440
f 15487 15486 15440
f 15488 15487 15440
f 15489 15488 15440
f 15490 15489 15440
f 15491 15490 15440
f 15492 15491 15440
f 15493 15492 15440
f 15494 15493 15440
f 15495 15494 15440
f 15496 15495 15440
f 15497 15496 15440
f 15498 15497 15440
f 15499 15498 15440
f 15500 15499 15440
f 15501 15500 15440
f 15502 15501 15440
f 15503 15502 15440
f 15504 15503 15440
f 15505 15504 15440
f 15506 15505 15440
f 15507 15506 15440
f 15508 15507 15440
f 15509 15508 15440
f 15510 15509 15440
f 15439 15510 15440
f 15439 15438 15511 15512
f 15438 15441 15513 15511
f 15441 15442 15514 15513
f 15442 15443 15515 15514
f 15443 15444 15516 15515
f 15444 15445 15517 15516
f 15445 15446 15518 15517
f 15446 15447 15519 15518
f 15447 15448 15520 15519
f 15448 15449 15521 15520
f 15449 15450 15522 15521
f 15450 15451 15523 15522
f 15451 15452 15524 15523
f 15452 15453 15525 15524
f 15453 15454 15526 15525
f 15454 15455 15527 15526
f 15455 15456 15528 15527
f 15456 15457 15529 15528
f 15457 15458 15530 15529
f 15458 15459 15531 15530
f 15459 15460 15532 15531
f 15460 15461 15533 15532
f 15461 15462 15534 15533
f 15462 15463 15535 15534
f 15463 15464 15536 15535
f 15464 15465 15537 15536
f 15465 15466 15538 15537
f 15466 15467 15539 15538
f 15467 15468 15540 15539
f 15468 15469 15541 15540
f 15469 15470 15542 15541
f 15470 15471 15543 15542
f 15471 15472 15544 15543
f 15472 15473 15545 15544
f 15473 15474 15546 15545
f 15474 15475 15547 15546
f 15475 15476 15548 15547
f 15476 15477 15549 15548
f 15477 15478 15550 15549
f 15478 15479 15551 15550
f 15479 15480 15552 15551
f 15480 15481 15553 15552
f 15481 15482 15554 15553
f 15482 15483 15555 15554
f 15483 15484 15556 15555
f 15484 15485 15557 15556
f 15485 15486 15558 15557
f 15486 15487 15559 15558
f 15487 15488 15560 15559
f 15488 15489 15561 15560
f 15489 15490 15562 15561
f 15490 15491 15563 15562
f 15491 15492 15564 15563
f 15492 15493 15565 15564
f 15493 15494 15566 15565
f 15494 15495 15567 15566
f 15495 15496 15568 15567
f 15496 15497 15569 15568
f 15497 15498 15570 15569
f 15498 15499 15571 15570
f 15499 15500 15572 15571
f 15500 15501 15573 15572
f 15501 15502 15574 15573
f 15502 15503 15575 15574
f 15503 15504 15576 15575
f 15504 15505 15577 15576
f 15505 15506 15578 15577
f 15506 15507 15579 15578
f 15507 15508 15580 15579
f 15508 15509 15581 15580
f 15509 15510 15582 15581
f 15510 15439 15512 15582
f 15512 15511 15583
f 15511 15513 15583
f 15513 15514 15583
f 15514 15515 15583
f 15515 15516 15583
f 15516 15517 15583
f 15517 15518 15583
f 15518 15519 15583
f 15519 15520 15583
f 15520 15521 15583
f 15521 15522 15583
f 15522 15523 15583
f 15523 15524 15583
f 15524 15525 15583
f 15525 15526 15583
f 15526 15527 15583
f 15527 15528 15583
f 15528 15529 15583
f 15529 15530 15583
f 15530 15531 15583
f 15531 15532 15583
f 15532 15533 15583
f 15533 15534 15583
f 15534 15535 15583
f 15535 15536 15583
f 15536 15537 15583
f 15537 15538 15583
f 15538 15539 15583
f 15539 15540 15583
f 15540 15541 15583
f 15541 15542 15583
f 15542 15543 15583
f 15543 15544 15583
f 15544 15545 15583
f 15545 15546 15583
f 15546 15547 15583
f 15547 15548 15583
f 15548 15549 15583
f 15549 15550 15583
f 15550 15551 15583
f 15551 15552 15583
f 15552 15553 15583
f 15553 15554 15583
f 15554 15555 15583
f 15555 15556 15583
f 15556 15557 15583
f 15557 15558 15583
f 15558 15559 15583
f 15559 15560 15583
f 15560 15561 15583
f 15561 15562 15583
f 15562 15563 15583
f 15563 15564 15583
f 15564 15565 15583
f 15565 15566 15583
f 15566 15567 15583
f 15567 15568 15583
f 15568 15569 15583
f 15569 15570 15583
f 15570 15571 15583
f 15571 15572 15583
f 15572 15573 15583
f 15573 15574 15583
f 15574 15575 15583
f 15575 15576 15583
f 15576 15577 15583
f 15577 15578 15583
f 15578 15579 15583
f 15579 15580 15583
f 15580 15581 15583
f 15581 15582 15583
f 15582 15512 15583
o site
usemtl site
f 15584 15585 15586
f 15587 15584 15586
f 15588 15587 15586
f 15589 15588 15586
f 15590 15589 15586
f 15591 15590 15586
f 15592 15591 15586
f 15593 15592 15586
f 15594 15593 15586
f 15595 15594 15586
f 15596 15595 15586
f 15597 15596 15586
f 15598 15597 15586
f 15599 15598 15586
f 15600 15599 15586
f 15601 15600 15586
f 15602 15601 15586
f 15585 15602 15586
f 15585 15584 15603 15604
f 15584 15587 15605 15603
f 15587 15588 15606 15605
f 15588 15589 15607 15606
f 15589 15590 15608 15607
f 15590 15591 15609 15608
f 15591 15592 15610 15609
f 15592 15593 15611 15610
f 15593 15594 15612 15611
f 15594 15595 15613 15612
f 15595 15596 15614 15613
f 15596 15597 15615 15614
f 15597 15598 15616 15615
f 15598 15599 15617 15616
f 15599 15600 15618 15617
f 15600 15601 15619 15618
f 15601 15602 15620 15619
f 15602 15585 15604 15620
f 15604 15603 15621
f 15603 15605 15621
f 15605 15606 15621
f 15606 15607 15621
f 15607 15608 15621
f 15608 15609 15621
f 15609 15610 15621
f 15610 15611 15621
f 15611 15612 15621
f 15612 15613 15621
f 15613 15614 15621
f 15614 15615 15621
f 15615 15616 15621
f 15616 15617 15621
f 15617 15618 15621
f 15618 15619 15621
f 15619 15620 15621
f 15620 15604 15621
